SA4_CODE_2016,C06_M_Post_Deg_15_19_yrs,C06_M_Post_Deg_20_24_yrs,C06_M_Post_Deg_25_34_yrs,C06_M_Post_Deg_35_44_yrs,C06_M_Post_Deg_45_54_yrs,C06_M_Post_Deg_55_64_yrs,C06_M_Post_Deg_65_74_yrs,C06_M_Post_Deg_75_84_yrs,C06_M_Post_Deg_85o,C06_M_Post_Deg_Tot,C06_M_GrDip_GrCe_15_19,C06_M_GrDip_GrCe_20_24,C06_M_GrDip_GrCe_25_34,C06_M_GrDip_GrCe_35_44,C06_M_GrDip_GrCe_45_54,C06_M_GrDip_GrCe_55_64,C06_M_GrDip_GrCe_65_74,C06_M_GrDip_GrCe_75_84,C06_M_GrDip_GrCe_85ov,C06_M_GrDip_GrCe_Tot,C06_M_BD_15_19,C06_M_BD_20_24,C06_M_BD_25_34,C06_M_BD_35_44,C06_M_BD_45_54,C06_M_BD_55_64,C06_M_BD_65_74,C06_M_BD_75_84,C06_M_BD_85o,C06_M_BD_T,C06_M_AdD_DL_15_19,C06_M_AdD_DL_20_24,C06_M_AdD_DL_25_34,C06_M_AdD_DL_35_44,C06_M_AdD_DL_45_54,C06_M_AdD_DL_55_64,C06_M_AdD_DL_65_74,C06_M_AdD_DL_75_84,C06_M_AdD_DL_85o,C06_M_AdD_DL_Tot,C06_M_CL_C_III_IV_15_19,C06_M_CL_C_III_IV_20_24,C06_M_CL_C_III_IV_25_34,C06_M_CL_C_III_IV_35_44,C06_M_CL_C_III_IV_45_54,C06_M_CL_C_III_IV_55_64,C06_M_CL_C_III_IV_65_74,C06_M_CL_C_III_IV_75_84,C06_M_CL_C_III_IV_85_ov,C06_M_CL_C_III_IV_Tot,C06_M_CL_C_I_II_15_19,C06_M_CL_C_I_II_20_24,C06_M_CL_C_I_II_25_34,C06_M_CL_C_I_II_35_44,C06_M_CL_C_I_II_45_54,C06_M_CL_C_I_II_55_64,C06_M_CL_C_I_II_65_74,C06_M_CL_C_I_II_75_84,C06_M_CL_C_I_II_85_ov,C06_M_CL_C_I_II_Tot,C06_M_CL_CL_nfd_15_19,C06_M_CL_CL_nfd_20_24,C06_M_CL_CL_nfd_25_34,C06_M_CL_CL_nfd_35_44,C06_M_CL_CL_nfd_45_54,C06_M_CL_CL_nfd_55_64,C06_M_CL_CL_nfd_65_74,C06_M_CL_CL_nfd_75_84,C06_M_CL_CL_nfd_85_ov,C06_M_CL_CL_nfd_Tot,C06_M_CL_T_15_19,C06_M_CL_T_20_24,C06_M_CL_T_25_34,C06_M_CL_T_35_44,C06_M_CL_T_45_54,C06_M_CL_T_55_64,C06_M_CL_T_65_74,C06_M_CL_T_75_84,C06_M_CL_T_85_ov,C06_M_CL_T_Tot,C06_M_LE_ID_15_19,C06_M_LE_ID_20_24,C06_M_LE_ID_25_34,C06_M_LE_ID_35_44,C06_M_LE_ID_45_54,C06_M_LE_ID_55_64,C06_M_LE_ID_65_74,C06_M_LE_ID_75_84,C06_M_LE_ID_85o,C06_M_LE_ID_Tot,C06_M_LE_NS_15_19,C06_M_LE_NS_20_24,C06_M_LE_NS_25_34,C06_M_LE_NS_35_44,C06_M_LE_NS_45_54,C06_M_LE_NS_55_64,C06_M_LE_NS_65_74,C06_M_LE_NS_75_84,C06_M_LE_NS_85_ov,C06_M_LE_NS_T,C06_M_Tot_15_19_yrs,C06_M_Tot_20_24_yrs,C06_M_Tot_25_34_yrs,C06_M_Tot_35_44_yrs,C06_M_Tot_45_54_yrs,C06_M_Tot_55_64_yrs,C06_M_Tot_65_74_yrs,C06_M_Tot_75_84_yrs,C06_M_Tot_85o,C06_M_T_T,C11_M_Post_Deg_15_19_yrs,C11_M_Post_Deg_20_24_yrs,C11_M_Post_Deg_25_34_yrs,C11_M_Post_Deg_35_44_yrs,C11_M_Post_Deg_45_54_yrs,C11_M_Post_Deg_55_64_yrs,C11_M_Post_Deg_65_74_yrs,C11_M_Post_Deg_75_84_yrs,C11_M_Post_Deg_85o,C11_M_Post_Deg_Tot,C11_M_GrDip_GrCe_15_19,C11_M_GrDip_GrCe_20_24,C11_M_GrDip_GrCe_25_34,C11_M_GrDip_GrCe_35_44,C11_M_GrDip_GrCe_45_54,C11_M_GrDip_GrCe_55_64,C11_M_GrDip_GrCe_65_74,C11_M_GrDip_GrCe_75_84,C11_M_GrDip_GrCe_85ov,C11_M_GrDip_GrCe_Tot,C11_M_BD_15_19,C11_M_BD_20_24,C11_M_BD_25_34,C11_M_BD_35_44,C11_M_BD_45_54,C11_M_BD_55_64,C11_M_BD_65_74,C11_M_BD_75_84,C11_M_BD_85o,C11_M_BD_Tot,C11_M_AdD_DL_15_19,C11_M_AdD_DL_20_24,C11_M_AdD_DL_25_34,C11_M_AdD_DL_35_44,C11_M_AdD_DL_45_54,C11_M_AdD_DL_55_64,C11_M_AdD_DL_65_74,C11_M_AdD_DL_75_84,C11_M_AdD_DL_85o,C11_M_AdD_DL_Tot,C11_M_CL_C_III_IV_15_19,C11_M_CL_C_III_IV_20_24,C11_M_CL_C_III_IV_25_34,C11_M_CL_C_III_IV_35_44,C11_M_CL_C_III_IV_45_54,C11_M_CL_C_III_IV_55_64,C11_M_CL_C_III_IV_65_74,C11_M_CL_C_III_IV_75_84,C11_M_CL_C_III_IV_85_ov,C11_M_CL_C_III_IV_Tot,C11_M_CL_C_I_II_15_19,C11_M_CL_C_I_II_20_24,C11_M_CL_C_I_II_25_34,C11_M_CL_C_I_II_35_44,C11_M_CL_C_I_II_45_54,C11_M_CL_C_I_II_55_64,C11_M_CL_C_I_II_65_74,C11_M_CL_C_I_II_75_84,C11_M_CL_C_I_II_85_ov,C11_M_CL_C_I_II_Tot,C11_M_CL_CL_nfd_15_19,C11_M_CL_CL_nfd_20_24,C11_M_CL_CL_nfd_25_34,C11_M_CL_CL_nfd_35_44,C11_M_CL_CL_nfd_45_54,C11_M_CL_CL_nfd_55_64,C11_M_CL_CL_nfd_65_74,C11_M_CL_CL_nfd_75_84,C11_M_CL_CL_nfd_85_ov,C11_M_CL_CL_nfd_Tot,C11_M_CL_T_15_19,C11_M_CL_T_20_24,C11_M_CL_T_25_34,C11_M_CL_T_35_44,C11_M_CL_T_45_54,C11_M_CL_T_55_64,C11_M_CL_T_65_74,C11_M_CL_T_75_84,C11_M_CL_T_85_ov,C11_M_CL_T_Tot,C11_M_LE_ID_15_19,C11_M_LE_ID_20_24,C11_M_LE_ID_25_34,C11_M_LE_ID_35_44,C11_M_LE_ID_45_54,C11_M_LE_ID_55_64,C11_M_LE_ID_65_74,C11_M_LE_ID_75_84,C11_M_LE_ID_85o,C11_M_LE_ID_Tot
101,0,0,156,431,458,481,199,71,8,1808,0,4,83,216,302,207,57,11,0,887,4,190,982,1238,1451,1160,535,280,38,5872,6,141,523,913,1046,916,484,227,47,4292,208,1132,2918,4264,4327,3430,2168,917,166,19529,57,109,137,127,87,73,38,8,0,630,33,58,128,178,250,188,94,65,5,993,295,1297,3178,4574,4664,3695,2301,988,171,21157,16,44,113,177,228,215,128,86,18,1030,841,510,1118,1282,1401,1310,1099,953,276,8784,1161,2196,6151,8825,9551,7968,4802,2620,562,43830,0,7,238,561,602,622,365,100,18,2513,0,6,102,248,309,348,129,27,7,1169,0,186,1011,1434,1431,1546,845,315,92,6859,13,130,583,1061,1183,1166,631,265,73,5094,260,1301,3071,4210,4775,4009,2604,1156,271,21654,78,136,152,128,133,101,40,11,0,781,24,50,107,163,187,245,133,64,14,986,364,1487,3337,4494,5091,4355,2770,1234,285,23419,15,39,89,135,179,186,140,83,23,881
102,0,3,157,389,483,383,192,93,9,1719,0,5,89,156,291,165,84,29,4,824,3,339,1462,1524,1753,1091,617,394,79,7262,20,300,1063,1480,1471,1002,657,464,101,6555,363,1826,4927,6560,6426,4795,3414,2170,420,30896,125,192,206,163,154,109,41,32,4,1022,45,136,216,295,334,325,174,120,19,1664,530,2159,5354,7017,6914,5227,3628,2316,439,33580,34,90,225,342,363,302,213,164,35,1777,1269,744,1350,1733,1783,1618,1778,2053,778,13100,1863,3635,9689,12637,13062,9791,7176,5513,1451,64812,0,9,237,460,605,543,306,113,24,2290,0,11,92,207,250,318,119,42,11,1046,0,428,1606,1987,1690,1658,888,411,144,8814,37,270,1133,1823,1740,1374,864,496,127,7870,377,2080,5202,6337,7012,5610,4109,2289,690,33715,141,198,296,195,153,138,76,34,4,1226,44,128,208,236,311,357,283,123,18,1706,558,2410,5709,6769,7475,6104,4458,2447,714,36641,28,71,186,244,271,291,218,137,70,1516
103,0,4,93,195,300,277,103,27,3,1009,0,3,53,103,175,124,29,6,0,494,3,191,819,911,1005,697,254,135,30,4038,4,93,455,706,743,595,293,127,20,3041,318,1375,3262,3942,3715,2750,1593,672,121,17743,94,172,154,132,106,85,31,9,0,784,31,50,138,169,255,206,102,34,6,992,441,1593,3556,4248,4079,3037,1725,710,127,19515,18,58,93,145,163,188,125,53,10,845,816,644,1230,1213,1204,1177,1077,915,253,8529,1285,2585,6297,7512,7672,6092,3606,1981,441,37470,0,4,107,230,283,324,178,60,7,1201,0,0,72,111,160,171,58,15,0,585,0,232,963,1125,902,957,445,158,49,4831,5,113,455,819,892,812,448,174,37,3748,299,1653,3562,3950,4200,3247,1979,907,184,19977,98,153,197,127,122,89,43,16,3,848,26,55,114,139,190,216,125,43,15,931,422,1863,3877,4221,4510,3555,2148,962,193,21753,17,36,77,112,149,139,109,52,18,712
104,0,0,36,119,159,187,61,29,3,595,0,3,36,77,153,98,43,8,0,419,0,100,494,602,882,580,246,134,37,3068,0,78,219,444,647,492,300,147,29,2363,121,575,1580,2546,3002,2351,1528,751,133,12595,56,87,100,72,82,40,27,7,0,473,14,35,79,97,138,133,74,29,9,612,190,700,1767,2718,3223,2530,1625,786,145,13677,21,41,60,117,172,133,90,57,13,708,558,295,503,684,725,662,708,688,266,5085,772,1219,3118,4760,5955,4672,3083,1841,486,25912,0,0,69,164,172,242,109,49,15,818,0,3,28,77,116,146,60,19,3,449,0,100,534,805,727,902,393,182,42,3684,0,88,250,513,659,709,408,175,30,2829,176,687,1733,2318,3151,2973,1894,905,227,14062,77,92,122,80,88,84,35,15,3,596,25,33,77,84,120,166,85,42,13,651,277,815,1932,2482,3359,3222,2012,969,250,15311,8,31,72,74,110,157,119,63,13,644
105,0,0,40,90,106,66,25,12,0,332,0,0,44,66,82,42,13,3,0,251,3,125,501,515,439,279,82,43,9,1996,6,46,295,358,374,253,133,51,10,1527,140,663,1674,2041,2119,1483,810,368,60,9353,41,85,71,69,62,25,9,0,0,373,15,40,83,109,86,81,40,10,0,474,204,791,1829,2220,2273,1588,860,385,55,10205,9,23,71,68,99,83,37,24,7,418,564,414,666,804,878,823,765,616,124,5652,784,1393,3444,4127,4244,3135,1911,1125,208,20380,0,0,70,94,111,87,32,14,4,407,0,3,45,63,65,66,13,3,0,249,3,93,535,510,426,408,117,45,13,2148,3,63,245,425,445,329,163,69,14,1748,177,816,1758,1970,2221,1779,1059,424,94,10297,47,61,106,89,63,52,10,7,0,443,20,36,73,99,91,77,57,20,7,480,240,919,1938,2159,2376,1906,1125,456,99,11225,9,21,47,50,70,73,40,17,3,334
106,0,3,83,208,267,227,78,26,3,906,0,3,53,114,198,113,34,14,0,528,5,254,876,980,1088,803,335,152,20,4506,6,169,671,1013,1103,780,410,167,34,4350,320,1774,4791,5924,5303,3904,2189,1010,149,25358,103,174,150,110,107,80,33,13,3,770,33,71,171,172,227,229,121,60,6,1095,455,2020,5119,6204,5631,4211,2339,1089,160,27228,22,64,141,188,192,208,126,71,11,1020,946,605,1262,1401,1285,1253,1129,1012,327,9222,1434,3111,8198,10115,9766,7595,4454,2527,555,47757,0,8,129,276,350,306,152,45,8,1258,0,3,50,136,173,169,70,13,0,614,3,272,1073,1193,1008,1076,612,182,43,5465,8,184,777,1253,1249,1114,566,213,48,5423,328,2291,5511,5964,6062,4672,2955,1210,253,29264,80,139,216,149,120,106,38,30,0,881,18,75,147,150,202,236,168,83,20,1101,429,2506,5881,6270,6388,5016,3165,1319,273,31245,14,33,117,129,165,161,128,65,10,828
107,3,65,491,711,802,537,183,55,4,2863,0,15,147,170,339,172,60,16,8,930,9,741,2248,1931,1909,1011,440,194,42,8525,24,473,1269,1552,1372,887,376,223,46,6226,296,1830,4986,5965,5623,4108,2703,1414,258,27182,96,198,195,137,141,85,46,19,3,923,23,115,210,240,328,300,133,63,9,1426,417,2146,5393,6335,6094,4495,2885,1496,274,29533,36,117,205,274,318,249,153,106,22,1468,1072,864,1292,1467,1444,1329,1369,1351,367,10553,1558,4427,11043,12443,12277,8691,5463,3446,764,60109,0,90,834,839,903,740,332,84,26,3849,0,20,184,230,291,320,83,35,3,1172,9,887,2550,2332,1925,1586,698,247,71,10303,53,542,1299,1925,1644,1250,585,273,92,7668,357,2030,5047,5731,6267,4809,3095,1740,447,29523,101,172,210,133,139,101,74,29,0,957,29,101,198,191,246,283,179,70,24,1321,487,2294,5454,6056,6654,5194,3347,1835,475,31802,22,83,169,198,236,248,153,84,26,1216
108,0,3,40,115,170,202,101,57,17,704,0,4,44,91,174,141,52,29,5,539,3,109,482,729,1035,807,451,247,34,3901,4,78,343,614,798,798,548,308,55,3547,221,915,2420,3823,4494,3912,2887,1599,262,20524,81,143,142,118,83,73,49,25,8,713,24,50,110,143,196,233,138,87,11,991,327,1111,2667,4083,4773,4218,3065,1701,276,22225,12,37,114,158,236,215,172,128,33,1101,747,412,791,986,1112,1109,1245,1384,447,8237,1102,1754,4486,6769,8298,7500,5637,3851,862,40261,0,0,66,186,200,283,190,72,12,1009,0,7,30,94,170,229,103,32,3,675,0,101,555,921,969,1168,701,300,77,4801,7,66,334,758,868,1112,727,370,90,4328,241,1061,2416,3556,4639,4526,3670,1908,465,22481,75,125,186,132,110,93,59,18,0,812,27,46,113,132,156,248,194,98,21,1037,341,1232,2722,3824,4899,4866,3925,2024,490,24324,23,25,83,107,179,218,192,115,41,986
109,0,0,44,96,119,63,45,9,4,377,0,4,47,83,83,72,10,8,0,307,3,138,602,538,596,317,121,61,9,2397,9,99,315,373,486,396,189,92,13,1974,167,791,1880,2228,2287,1542,958,451,74,10379,42,84,102,64,59,33,9,3,0,403,16,37,71,97,110,82,30,15,0,459,225,915,2048,2393,2455,1657,995,476,80,11237,3,21,62,79,90,95,59,38,7,453,516,235,464,576,637,623,697,691,154,4598,755,1419,3579,4132,4462,3229,2122,1370,269,21336,0,0,122,125,131,108,53,15,10,562,0,6,40,87,105,97,38,4,0,382,0,119,669,677,513,493,189,68,20,2750,3,103,326,438,470,490,268,125,21,2244,193,907,1849,2063,2354,1911,1244,584,111,11217,49,83,96,59,66,40,17,6,0,419,15,31,52,72,90,118,46,17,5,444,248,1019,2004,2194,2511,2071,1311,618,114,12090,9,19,38,56,67,81,73,31,5,383
110,0,5,92,239,314,305,139,63,12,1156,0,7,55,102,144,108,40,5,0,458,0,262,828,818,907,598,227,116,22,3765,16,126,471,602,639,512,252,115,15,2753,258,1054,2436,3094,3172,2430,1373,515,96,14425,86,150,156,130,79,56,18,9,3,687,37,73,116,185,156,161,71,25,3,821,379,1281,2704,3403,3410,2648,1461,549,103,15932,19,41,96,145,158,131,102,35,8,740,693,398,842,1045,1003,1058,1037,886,249,7214,1113,2114,5093,6350,6565,5355,3256,1768,409,32019,0,3,133,239,322,336,207,60,23,1332,0,5,67,113,113,144,48,11,0,510,0,210,909,923,805,886,350,127,47,4260,13,109,441,758,696,651,355,129,29,3179,285,1278,2733,2916,3439,2848,1765,676,150,16075,75,144,165,134,94,70,38,10,3,738,28,51,110,126,156,161,119,43,12,801,391,1477,3003,3179,3687,3072,1921,726,160,17618,14,35,77,84,113,130,84,38,10,574
111,0,17,426,643,847,650,304,129,19,3037,0,3,135,253,404,211,97,28,3,1133,5,906,3081,2478,2526,1553,647,293,51,11543,47,460,1358,1668,1691,1239,609,412,69,7553,348,2266,5817,7438,7161,5776,3694,2249,385,35131,100,271,235,189,161,170,55,21,4,1205,35,109,235,259,372,415,217,112,12,1764,480,2653,6286,7881,7695,6351,3969,2384,401,38097,26,111,257,296,339,298,194,118,39,1670,1199,986,1510,1736,1831,1579,1572,1800,557,12762,1759,5145,13054,14962,15336,11888,7380,5156,1137,75809,0,28,709,958,968,843,452,180,34,4167,0,6,179,305,358,392,130,38,3,1410,9,870,3818,3223,2469,2213,1010,398,109,14124,18,457,1551,2066,1965,1634,872,448,131,9142,423,2746,6265,6818,7661,6414,4409,2391,693,37808,104,245,315,192,156,121,83,23,5,1248,27,113,215,210,277,402,249,132,27,1644,556,3099,6792,7220,8091,6936,4737,2549,725,40704,21,76,192,207,256,270,206,105,38,1358
112,0,7,79,235,415,357,148,61,4,1312,0,3,84,163,276,194,68,20,3,804,7,203,1110,1490,1735,1110,466,246,48,6424,14,173,462,832,1140,902,484,264,67,4334,243,1044,2851,4198,4952,3595,2330,1349,235,20788,83,204,183,133,113,68,27,11,0,826,25,71,145,173,216,203,97,69,14,1014,348,1314,3182,4500,5280,3868,2454,1427,245,22625,16,62,124,194,264,216,155,100,26,1160,867,549,894,1224,1412,1250,1205,1432,471,9305,1251,2317,5935,8634,10528,7894,4974,3550,868,45957,0,12,117,286,414,524,235,94,12,1686,0,7,75,173,269,333,90,30,4,974,6,225,1147,1811,1689,1732,738,308,94,7737,16,149,579,1019,1187,1214,694,338,81,5274,247,1228,3187,4097,5182,4439,2790,1528,441,23140,91,166,173,136,113,142,51,19,4,893,23,53,146,141,198,273,143,63,17,1055,363,1447,3503,4369,5494,4852,2981,1613,463,25088,14,43,111,143,203,252,153,96,35,1053
113,0,13,126,193,224,161,55,25,0,792,0,6,60,101,139,65,26,3,0,404,4,208,865,743,741,394,156,75,3,3201,9,128,371,534,585,413,183,98,17,2334,301,1166,2647,2955,2820,1881,992,424,74,13261,62,151,141,83,70,37,20,5,0,561,21,60,120,147,136,110,41,29,0,660,386,1374,2907,3178,3022,2023,1047,453,79,14486,16,48,97,101,140,112,48,36,10,605,627,514,1013,1018,913,796,807,648,187,6509,1047,2291,5442,5871,5763,3970,2318,1329,302,28327,0,3,107,219,240,202,88,36,3,912,0,0,52,93,122,114,34,10,0,431,3,212,906,946,673,588,229,79,18,3658,6,89,405,607,668,526,255,103,35,2695,280,1361,2749,2796,3128,2291,1225,520,123,14474,71,97,142,96,82,48,20,11,3,558,25,54,107,102,112,125,66,27,8,616,373,1505,2994,2989,3319,2465,1307,552,133,15654,14,31,83,93,81,111,53,42,4,511
114,0,0,48,160,246,245,164,54,3,914,0,3,32,82,164,109,65,17,4,477,0,71,415,706,890,774,415,241,34,3550,12,61,290,644,694,600,432,235,47,3010,144,766,2038,2767,2958,2546,2052,1048,177,14491,33,94,81,67,78,56,42,10,3,454,11,32,78,87,148,162,118,51,17,703,189,893,2193,2917,3183,2761,2211,1110,194,15648,7,43,66,111,146,157,117,92,12,745,558,220,464,624,757,773,881,819,193,5282,770,1287,3500,5248,6078,5423,4274,2560,487,29626,0,4,65,190,294,324,257,112,16,1261,0,8,39,79,126,174,78,29,3,533,0,103,425,793,843,1012,712,300,79,4270,11,97,305,709,819,781,615,291,63,3693,155,879,2062,2564,3208,2862,2471,1257,308,15779,51,76,94,66,87,60,39,16,4,497,17,35,55,93,131,172,138,62,16,711,223,997,2206,2723,3426,3097,2649,1338,328,16985,10,29,47,84,132,138,150,68,17,680
115,0,24,390,1140,1416,820,208,61,14,4068,0,3,102,244,315,190,56,17,3,932,13,819,2310,2901,3231,1963,626,251,57,12172,40,437,1105,1568,1524,1217,423,241,56,6609,211,1033,2754,3972,3497,2947,1395,560,128,16498,59,104,95,88,116,102,22,18,5,609,20,90,146,243,367,349,131,33,9,1382,287,1230,3001,4294,3980,3401,1546,610,144,18494,23,63,148,237,292,236,93,51,11,1163,815,424,688,842,906,784,510,384,159,5520,1178,3001,7747,11235,11666,8605,3464,1620,435,48958,0,35,599,1380,1676,1129,426,120,20,5388,0,19,129,298,356,301,90,23,12,1218,9,1043,2504,3407,3416,2681,1048,337,104,14539,31,431,1041,1704,1801,1361,739,235,87,7434,216,1293,2365,3718,3828,2880,1894,718,193,17105,43,88,86,96,108,111,58,15,0,602,30,66,120,167,252,312,205,70,9,1226,288,1446,2570,3987,4189,3296,2162,805,204,18939,16,64,185,235,306,288,191,93,40,1423
116,0,36,553,805,659,286,59,16,3,2417,0,9,153,159,135,63,24,3,0,543,10,671,2740,2528,2093,1006,256,106,21,9432,43,597,1565,1634,1209,585,218,59,15,5934,311,1593,4719,4955,4057,2894,1344,573,70,20515,98,153,247,157,101,54,14,6,0,830,34,105,300,269,229,189,67,25,3,1223,439,1854,5271,5384,4387,3140,1427,599,68,22565,29,130,343,378,354,197,102,38,3,1577,1409,1057,2013,2038,1829,1456,1036,725,170,11728,1939,4354,12630,12928,10668,6736,3123,1534,281,54192,0,56,1409,1297,932,523,163,25,7,4406,0,19,237,314,204,119,26,6,0,939,11,881,3662,3541,2564,1616,546,126,20,12956,40,781,2169,2152,1606,929,342,94,23,8143,369,1771,4684,5080,4605,3322,1682,700,128,22339,100,158,282,193,161,101,34,10,0,1039,42,104,267,283,245,220,112,32,3,1304,507,2036,5230,5552,5013,3645,1829,745,128,24684,40,161,439,500,437,369,176,79,16,2226
117,6,219,2873,2167,1357,715,233,68,22,7662,0,47,546,518,316,139,31,8,0,1605,27,2231,9659,5177,2650,1324,474,193,41,21765,63,998,2633,1895,1046,613,262,99,19,7634,131,1013,2875,2730,1738,1321,776,386,79,11043,39,133,235,130,74,51,18,10,0,684,17,110,323,288,209,141,36,14,3,1150,183,1257,3429,3148,2027,1511,834,409,86,12881,32,143,472,379,244,169,110,45,21,1612,1323,3597,7616,4909,3336,2594,1834,1106,327,26638,1626,8489,27230,18193,10970,7065,3779,1928,516,79795,0,224,4431,3185,1847,1187,461,107,22,11464,0,54,693,683,459,257,59,19,0,2223,23,2590,12926,6769,3398,2002,750,267,52,28780,49,1185,3547,2538,1489,865,378,159,24,10221,128,1057,3312,2844,2225,1482,900,428,102,12481,34,106,237,155,104,63,19,4,0,722,6,75,281,290,225,158,61,26,9,1119,164,1240,3830,3293,2550,1700,980,459,108,14324,26,169,543,414,344,251,171,86,24,2026
118,0,111,2014,2241,1541,1192,449,184,42,7776,0,18,405,445,243,161,67,44,3,1386,13,1784,7582,4987,3362,2259,901,525,145,21546,37,573,1878,1558,1036,730,404,263,89,6555,97,793,2465,2309,1864,1707,1101,701,176,11226,32,92,120,72,57,53,28,12,3,469,17,88,228,221,155,154,62,38,8,985,154,981,2815,2601,2075,1911,1190,751,188,12675,26,109,350,307,262,207,144,97,36,1544,1066,1774,4031,2908,2252,1957,1335,1241,454,17030,1294,5347,19068,15048,10778,8414,4491,3108,962,68510,0,141,2814,2705,2004,1387,730,240,70,10080,0,18,461,487,345,213,102,40,10,1688,13,1909,8591,6233,3875,2780,1247,599,223,25476,38,511,2084,1871,1309,865,469,271,105,7525,88,757,2644,2253,2054,1644,1204,700,266,11602,24,55,137,95,66,56,23,7,4,482,14,67,199,188,175,150,112,37,12,961,123,880,2978,2547,2298,1844,1339,745,277,13046,33,121,324,293,283,260,203,153,78,1743
119,4,180,2555,1953,1299,604,231,75,21,6917,0,22,329,351,360,192,73,26,5,1357,31,2041,6856,5515,3922,2006,831,369,63,21640,108,1362,3140,3119,2324,1248,601,348,110,12361,438,2190,6260,7136,6075,5154,3356,2397,551,33552,103,236,315,272,212,126,50,35,4,1343,31,166,435,595,478,403,194,115,18,2450,570,2591,7004,8000,6764,5681,3600,2555,575,37344,57,221,543,637,541,372,215,174,47,2797,2192,1999,3715,3741,3537,2807,2324,2206,804,23331,2966,8413,24138,23313,18750,12912,7876,5753,1628,105747,0,181,4016,2775,1742,999,341,109,29,10186,0,40,421,484,372,302,103,26,8,1759,31,2285,8979,6344,5039,2881,1196,499,122,27381,85,1816,4530,3709,2956,1800,788,399,116,16198,442,2242,5904,7066,6694,5022,3634,2285,822,34116,103,182,342,299,259,171,81,26,16,1474,32,165,358,457,525,429,244,126,32,2368,574,2588,6604,7824,7473,5622,3959,2439,872,37955,70,308,713,735,769,540,364,267,97,3873
120,0,222,2302,2164,1579,908,265,92,16,7552,0,19,382,475,389,198,50,22,3,1545,25,1627,6653,4975,3370,1947,635,269,86,19587,55,727,1983,1895,1305,787,325,170,49,7293,96,728,2394,2864,2318,1945,1161,700,174,12395,34,88,163,119,89,59,29,15,0,590,23,69,222,304,245,211,70,60,13,1216,156,890,2781,3290,2654,2212,1257,771,192,14201,18,88,344,371,240,222,130,66,19,1506,936,1165,2321,1987,1776,1488,1105,1013,418,12217,1190,4747,16778,15163,11309,7761,3777,2402,781,63906,3,153,3365,2725,1986,1325,496,144,25,10214,0,29,476,602,403,339,100,28,3,1982,9,1613,7752,5935,3944,2651,1014,365,99,23382,38,1045,2488,2169,1596,1106,432,177,69,9117,106,876,2495,2659,2731,1937,1319,760,214,13093,35,91,161,130,119,60,48,8,4,647,11,78,181,245,253,217,131,53,19,1192,151,1046,2837,3037,3101,2211,1490,821,232,14929,29,130,360,396,359,275,145,122,50,1856
121,4,96,2309,3982,3699,2761,1076,416,105,14446,0,26,534,650,657,410,190,82,8,2564,18,2336,9401,8687,7716,5394,2448,1384,312,37698,64,908,2309,2537,2157,1963,1232,801,197,12162,139,921,2656,2949,2389,2292,1448,1001,260,14049,34,113,140,113,113,140,65,26,4,747,33,121,317,346,417,394,239,108,34,2012,208,1156,3115,3416,2917,2819,1742,1130,296,16806,21,104,398,487,451,402,277,217,71,2435,1150,1050,2446,1957,1785,1574,1030,1029,538,12563,1467,5680,20510,21717,19393,15322,7997,5062,1530,98670,3,149,3261,4857,4549,3275,1748,600,158,18608,0,29,629,935,726,638,297,96,19,3360,12,2173,9972,9965,8635,6051,3331,1611,556,42306,44,732,2422,2797,2479,1927,1385,802,284,12872,123,934,2489,2676,2802,2123,1682,929,353,14115,36,89,130,148,140,124,81,34,9,798,29,93,220,267,361,347,282,133,48,1784,195,1116,2834,3093,3295,2597,2049,1095,417,16697,31,96,364,397,370,408,392,268,135,2460
122,3,21,610,1395,1078,794,337,142,21,4394,0,18,203,312,305,210,82,35,9,1174,0,705,3613,4114,3283,2043,929,546,120,15344,38,537,1619,1923,1523,1246,780,442,128,8229,130,998,3535,4012,3234,2706,1820,1034,234,17695,29,87,127,128,99,108,58,23,0,667,15,72,250,273,347,337,197,80,24,1588,179,1158,3910,4408,3677,3154,2081,1129,255,19949,20,74,268,327,339,253,179,128,35,1624,794,663,1560,1436,1255,1092,781,980,529,9071,1037,3172,11775,13913,11458,8784,5169,3401,1084,59786,3,30,840,1755,1513,909,544,182,43,5823,0,7,237,404,355,317,117,41,10,1493,0,803,3822,5121,3830,2635,1416,600,202,18421,33,473,1615,2320,1824,1404,967,511,178,9326,139,1056,3312,3787,3717,2673,2035,1101,376,18204,32,75,120,125,119,93,77,35,8,686,21,70,171,235,306,312,228,114,34,1490,198,1210,3605,4141,4146,3078,2337,1252,416,20377,3,53,204,233,267,222,186,113,37,1317
123,0,14,205,396,466,225,63,20,3,1389,0,7,85,125,174,101,19,3,0,509,3,447,1304,1297,1222,670,201,75,16,5242,39,374,1030,1155,1076,657,203,78,18,4633,311,1754,4480,5035,4856,3178,1309,495,66,21485,94,184,174,108,104,74,14,3,0,758,26,91,185,230,281,211,63,28,10,1127,433,2031,4838,5380,5243,3461,1392,522,77,23374,21,81,201,271,268,195,79,26,12,1154,1221,779,1180,1330,1340,1108,703,534,176,8375,1713,3733,8842,9953,9784,6416,2663,1265,301,44674,0,30,382,550,544,361,125,30,6,2040,0,7,95,159,166,156,48,9,0,634,10,518,1700,1609,1277,1005,354,102,21,6590,36,393,1224,1406,1288,882,340,108,19,5689,376,1939,4668,5100,4900,4069,1880,651,151,23739,87,145,216,149,121,108,40,14,6,883,29,77,156,190,212,266,115,27,10,1075,494,2158,5042,5441,5237,4433,2035,691,159,25697,30,92,262,289,314,266,141,59,28,1486
124,0,19,238,527,742,487,171,78,12,2268,0,11,129,206,383,203,54,18,0,1003,11,562,1894,1900,2027,1199,407,196,30,8232,36,452,1275,1542,1487,996,427,180,23,6411,416,2357,5742,6132,5612,4005,1754,792,142,26957,108,234,232,148,135,107,42,8,0,1016,41,146,280,283,378,299,121,55,4,1611,567,2736,6252,6569,6133,4411,1914,860,144,29581,24,108,285,318,298,261,123,59,19,1492,1208,980,1523,1589,1531,1339,962,834,273,10247,1848,4867,11590,12651,12597,8902,4055,2221,504,59230,0,37,385,659,772,707,312,91,15,2973,0,14,122,220,314,362,105,23,4,1174,3,611,2011,2093,1960,1682,645,243,55,9297,39,442,1425,1802,1662,1354,595,243,62,7615,439,2586,5905,5987,5936,4778,2384,918,247,29173,109,193,277,202,160,128,55,10,7,1140,34,92,197,239,274,316,197,72,10,1437,584,2873,6381,6427,6363,5224,2636,1007,262,31751,32,108,331,296,342,378,252,117,51,1906
125,7,264,2338,1757,1246,587,196,50,7,6462,0,31,315,273,266,151,60,17,3,1116,25,1921,5846,4329,3028,1630,660,242,58,17738,92,963,2393,2257,1660,1019,476,239,36,9127,345,1551,4482,4654,4131,3560,2208,1248,256,22440,86,183,257,186,156,101,65,25,0,1045,31,148,312,356,353,301,142,60,4,1707,461,1877,5057,5195,4636,3960,2418,1334,260,25196,41,191,525,457,380,274,189,97,13,2167,1845,2194,4226,3448,2736,2082,1547,1302,458,19843,2474,7440,20704,17704,13946,9703,5548,3290,840,81657,3,222,4523,2649,1713,922,331,85,13,10468,0,26,479,450,300,233,83,32,4,1608,22,1873,8350,5347,3659,2336,1009,372,64,23026,61,1528,3730,2889,2045,1353,684,283,73,12645,334,1818,4574,4647,4428,3539,2462,1346,372,23517,78,171,247,233,184,128,60,18,6,1115,34,133,307,301,345,283,170,76,19,1667,447,2122,5125,5174,4948,3954,2690,1448,393,26301,38,222,712,516,495,416,252,168,73,2892
126,0,65,995,1510,1376,873,322,132,12,5268,0,8,183,269,268,153,47,28,3,952,13,1191,3231,3016,2673,1640,694,372,76,12904,38,594,944,1112,936,720,383,317,63,5104,70,481,1385,1742,1580,1355,1014,715,156,8508,17,58,69,73,67,57,24,24,3,392,11,58,134,183,214,200,102,55,11,963,106,597,1594,2001,1858,1612,1144,795,166,9863,18,54,154,206,189,146,81,61,28,934,570,620,877,851,842,712,508,557,263,5807,742,3133,7968,8962,8131,5851,3178,2255,614,40837,0,99,1781,1776,1728,1155,466,182,28,7220,0,16,202,317,328,243,81,30,9,1218,11,1247,3991,3378,2900,2143,1007,464,152,15283,48,569,1116,1219,1122,826,427,309,106,5733,79,522,1234,1549,1756,1372,944,691,230,8367,26,34,72,66,71,64,28,20,0,380,8,42,89,112,156,151,116,49,15,745,113,602,1388,1733,1977,1587,1094,758,245,9493,16,60,155,194,192,179,119,114,46,1068
127,0,19,300,423,409,187,44,11,5,1403,0,13,101,114,138,53,14,4,0,443,12,859,2734,2166,1683,837,230,70,10,8607,69,856,1861,1875,1276,613,229,70,10,6861,408,1900,4703,5531,4634,3438,1677,648,96,23026,96,230,248,169,130,64,23,10,0,970,33,150,336,372,289,204,70,27,3,1485,533,2281,5292,6069,5051,3700,1766,684,98,25476,35,168,321,433,354,229,110,48,10,1713,1814,1345,2483,2916,2543,1996,1498,1034,227,15857,2469,5539,13100,14000,11460,7628,3892,1910,363,60356,0,53,589,635,547,332,93,21,3,2269,0,17,125,133,144,104,21,4,0,555,16,1092,3366,2690,2026,1321,424,122,22,11085,75,903,2316,2237,1744,912,353,110,14,8680,443,2050,4812,5333,5253,3850,2070,877,156,24845,88,203,311,210,160,108,35,4,9,1123,40,136,322,290,309,218,88,40,9,1459,575,2390,5437,5838,5723,4169,2191,928,176,27425,49,202,471,481,499,352,210,79,20,2377
128,0,19,305,707,756,489,185,71,8,2542,0,6,147,203,321,149,44,19,3,885,10,688,2218,2168,2284,1356,446,268,33,9472,35,511,1403,1648,1391,1028,471,288,59,6846,203,1420,4323,4739,4349,3488,2177,1313,249,22261,63,106,124,115,126,143,41,18,0,734,29,92,198,254,366,366,133,79,11,1520,291,1617,4643,5103,4840,3996,2343,1417,261,24515,18,66,178,215,267,238,129,72,15,1203,778,562,1030,979,984,850,699,728,301,6924,1124,3474,9931,11025,10846,8106,4325,2858,690,52386,0,36,464,825,840,663,311,98,16,3250,0,15,140,235,284,269,79,28,4,1051,0,754,2384,2554,2267,1911,689,314,76,10958,45,480,1452,1889,1718,1309,655,286,103,7941,215,1694,3939,4611,4626,3595,2534,1417,387,23004,46,92,107,118,131,120,71,29,5,730,20,79,162,192,264,367,214,94,17,1409,287,1859,4203,4920,5021,4081,2815,1543,413,25146,19,72,193,231,281,301,191,162,50,1503
197,0,0,0,0,0,0,0,0,0,0,0,0,0,0,0,0,0,0,0,0,0,0,0,0,0,0,0,0,0,3,0,0,0,4,0,0,0,0,0,4,0,7,8,3,0,3,0,0,0,20,0,0,0,0,0,0,0,0,0,0,0,0,0,0,0,0,0,0,0,0,0,7,8,3,0,3,0,0,0,20,0,0,0,0,0,0,0,0,0,0,0,0,0,0,0,0,0,0,0,5,0,8,12,7,0,3,0,0,0,32,0,0,0,0,0,0,0,0,0,0,0,0,0,0,0,0,0,0,0,0,0,0,0,0,3,0,0,0,0,3,0,0,0,0,0,0,0,0,0,3,0,0,3,4,3,7,4,3,0,20,0,0,0,0,0,0,0,0,0,0,0,0,0,0,0,0,0,0,0,0,0,0,3,4,3,7,4,3,0,23,0,0,0,0,0,0,0,0,0,4
199,0,0,51,49,16,17,10,0,0,148,0,4,15,4,10,4,0,0,0,37,0,75,216,113,52,49,8,7,3,522,4,25,71,54,36,37,15,9,0,244,16,67,243,227,184,141,85,14,5,983,5,12,12,12,11,4,0,0,0,55,4,3,16,18,9,4,5,0,0,63,26,84,278,258,206,151,91,14,5,1103,3,16,21,25,13,11,3,0,0,96,30,97,217,207,151,124,78,40,3,946,68,299,865,700,482,389,209,65,18,3094,0,6,72,41,10,14,15,3,0,160,0,0,11,11,6,9,3,0,0,46,0,84,227,109,72,71,25,4,0,600,0,22,67,54,54,57,32,6,0,298,13,79,243,215,204,170,149,16,7,1088,12,21,16,9,8,3,7,0,0,67,3,6,20,8,11,13,7,0,0,66,25,102,279,234,216,183,160,16,7,1222,0,3,25,16,16,15,5,5,3,83
201,0,8,108,211,255,233,78,25,8,932,0,6,69,196,241,158,47,15,3,738,0,373,961,817,846,636,220,95,24,3965,7,180,446,591,670,615,265,108,21,2911,255,910,2115,2662,2491,1956,1163,542,87,12186,66,110,93,67,51,28,19,6,0,437,15,43,75,84,121,80,35,25,0,479,341,1064,2286,2803,2659,2062,1216,572,93,13097,17,44,73,87,122,99,72,41,7,551,497,320,590,718,763,781,900,879,297,5732,855,1997,4520,5429,5567,4585,2799,1730,448,27935,0,17,181,259,340,275,165,40,8,1282,0,7,121,189,270,250,100,20,3,964,0,278,1150,1128,891,869,400,134,38,4888,12,163,484,730,736,783,391,158,42,3500,261,1164,2347,2693,2882,2348,1512,652,145,14000,68,102,135,87,76,54,26,8,0,551,15,47,76,95,118,105,50,21,5,542,342,1307,2556,2874,3070,2507,1591,682,153,15095,15,22,47,75,79,95,63,45,7,449
202,0,0,69,158,270,226,87,28,3,841,0,4,97,178,258,150,49,15,3,755,3,215,821,793,850,623,223,90,19,3638,7,128,352,522,751,675,298,153,32,2918,211,931,2050,2632,2700,1868,1165,494,94,12145,52,103,96,61,55,17,17,3,0,395,14,49,81,106,115,104,42,26,3,541,277,1081,2220,2792,2866,1990,1218,529,100,13080,14,26,73,74,100,114,63,55,8,528,480,327,578,766,770,739,716,803,318,5493,782,1791,4211,5281,5864,4515,2652,1677,478,27260,0,5,111,238,280,329,171,40,7,1185,0,8,106,222,270,242,66,15,3,937,3,263,1017,1103,888,844,414,126,36,4686,12,140,403,657,769,861,516,193,62,3610,233,1133,2292,2656,2952,2334,1433,641,150,13823,61,90,101,90,57,41,18,5,0,466,16,41,93,75,100,127,65,33,9,553,314,1268,2486,2820,3102,2504,1513,676,156,14845,3,27,58,64,88,90,66,39,8,448
203,0,4,196,466,457,360,165,66,13,1740,0,8,119,243,357,201,66,20,3,1012,4,575,1962,1698,1834,1062,426,239,47,7840,15,348,944,1170,1272,1156,609,313,62,5886,290,1462,3764,4761,4385,3236,2126,1156,230,21413,102,183,164,93,83,50,24,11,0,710,17,81,142,163,219,183,94,49,7,945,413,1725,4065,5023,4691,3463,2242,1212,234,23063,15,63,150,224,219,205,143,120,27,1167,778,604,1181,1329,1293,1201,1204,1327,474,9392,1224,3330,8609,10147,10124,7664,4855,3287,861,50099,0,30,408,623,645,503,297,84,15,2605,0,25,173,310,343,345,138,26,11,1369,0,668,2470,2451,1899,1630,746,283,82,10240,21,355,1059,1455,1481,1541,881,397,89,7272,409,1827,4249,5015,4877,3909,2528,1395,367,24570,111,146,180,105,89,67,40,11,9,765,22,82,146,146,172,244,120,52,21,992,540,2055,4571,5265,5139,4217,2687,1454,394,26325,18,35,106,135,154,139,126,79,36,816
204,0,0,66,171,198,187,62,29,0,711,0,8,84,153,238,149,52,10,0,699,0,153,663,751,966,668,258,117,17,3598,15,117,419,666,894,794,344,149,32,3433,270,1011,2588,3477,3346,2346,1310,672,107,15125,85,126,121,74,66,53,13,11,0,538,8,36,86,115,102,126,65,36,0,579,366,1175,2798,3656,3518,2521,1381,715,108,16243,12,44,81,106,140,118,87,61,8,656,556,306,554,772,918,899,853,844,249,5958,954,1809,4674,6275,6870,5332,3040,1918,420,31304,0,0,90,170,223,234,139,38,5,892,0,3,63,186,194,230,104,4,3,787,0,164,743,856,805,948,434,143,52,4149,8,143,480,767,934,1045,569,214,40,4199,286,1220,2749,3386,3700,3027,1782,771,201,17128,110,126,120,88,70,74,30,7,0,626,22,53,100,93,133,161,87,31,8,681,421,1397,2970,3568,3897,3259,1898,815,212,18432,11,24,55,79,95,123,76,60,18,545
205,0,0,96,196,269,267,106,38,6,977,0,4,68,167,273,232,62,25,0,831,3,244,955,975,1304,857,371,166,20,4895,12,171,506,790,1133,1196,603,260,36,4713,354,1729,4025,5753,5514,4095,2571,1282,199,25529,73,155,175,79,113,82,21,11,3,717,12,70,119,144,189,196,101,63,3,911,445,1950,4323,5981,5815,4376,2696,1360,205,27156,22,57,153,167,247,249,183,82,21,1179,947,585,1222,1446,1562,1472,1509,1456,483,10692,1434,3018,7322,9730,10601,8657,5521,3384,778,50443,0,4,169,260,273,333,212,62,12,1325,0,11,123,175,256,337,124,30,4,1053,4,288,1250,1174,1207,1266,620,227,54,6095,12,182,693,993,1230,1441,942,392,61,5941,348,2116,4808,5500,6156,5210,3467,1520,361,29476,96,131,196,133,116,96,38,9,0,824,22,72,135,138,179,236,155,47,10,990,466,2313,5136,5774,6449,5537,3659,1577,367,31284,19,45,115,116,139,192,169,82,18,906
206,12,369,4546,3861,2457,1878,588,196,50,13960,4,82,1593,1429,1060,513,102,31,3,4816,43,4839,19620,10166,5695,3329,1180,541,119,45536,110,1686,4187,2980,2010,1578,646,338,79,13618,255,1610,4970,4356,3097,2031,1267,860,219,18670,80,240,353,171,98,58,14,13,3,1018,31,173,521,458,296,205,81,47,12,1816,361,2020,5850,4987,3486,2290,1364,921,227,21503,54,251,760,542,355,265,178,96,32,2534,1893,4123,7725,4920,3537,2912,2178,1991,706,29987,2475,13376,44280,28877,18603,12765,6236,4118,1224,131946,0,395,6878,5047,3334,2351,1146,296,61,19508,0,102,1823,1774,1228,837,215,51,8,6035,27,5337,24534,12648,6864,4711,1949,684,193,56955,83,1972,5517,3550,2283,1954,958,368,96,16768,298,2027,5988,4321,3513,2307,1387,813,311,20964,90,173,383,213,131,82,37,11,8,1126,50,156,447,406,347,236,102,39,9,1794,435,2351,6822,4936,3996,2622,1528,867,322,23885,24,176,485,366,282,216,142,81,36,1803
207,3,193,1671,2653,2721,1912,671,303,81,10199,0,29,505,920,912,512,192,68,9,3145,22,2525,7395,6858,6157,3842,1673,993,237,29709,73,1057,1703,1915,2054,2004,1281,767,186,11043,179,940,2248,3127,2585,2286,2051,1166,325,14902,58,100,112,88,76,60,42,30,4,569,24,108,226,271,291,265,106,88,19,1401,258,1149,2587,3486,2948,2605,2198,1288,351,16871,33,110,248,308,324,283,193,157,67,1720,1118,960,1356,1266,1358,1206,1187,1294,643,10385,1507,6027,15469,17409,16470,12358,7390,4876,1567,83069,3,202,2690,2910,3209,2219,1200,413,110,12953,0,53,538,909,1035,768,281,94,23,3703,13,2703,8031,7260,6768,4794,2335,1122,405,33439,72,1188,2050,1999,2125,2055,1489,836,257,12080,232,1114,2188,2549,2876,1965,2056,1263,394,14639,75,103,120,92,84,86,48,28,4,640,31,85,173,196,265,228,152,78,37,1243,345,1297,2483,2832,3226,2278,2248,1379,442,16523,16,76,188,180,216,185,150,122,63,1182
208,0,212,1745,2196,1992,1270,446,183,50,8087,0,40,579,855,791,461,142,58,6,2929,19,1891,6820,7071,5812,3259,1351,808,205,27241,55,783,2041,2412,2390,2056,967,739,169,11609,219,1120,3458,4805,4253,2989,2160,1512,441,20956,56,109,163,118,105,73,40,18,6,689,24,93,242,345,343,270,125,85,17,1550,296,1322,3857,5270,4692,3336,2328,1615,468,23192,22,117,337,431,358,284,183,183,69,1973,1364,1128,1992,2017,1905,1723,1488,1942,962,14526,1753,5489,17373,20248,17941,12390,6898,5530,1927,89557,0,130,2549,2884,2504,1667,795,274,68,10878,0,37,586,984,977,708,237,68,14,3611,14,2060,7576,8369,6647,4470,1884,900,335,32243,46,1019,2443,2917,2555,2350,1361,774,247,13714,293,1466,3423,4334,4579,3272,2225,1460,593,21646,87,117,143,137,118,83,42,22,7,765,26,88,224,279,306,303,158,83,30,1493,409,1671,3795,4746,5002,3665,2424,1559,628,23900,23,74,220,241,241,218,156,125,66,1358
209,5,101,993,1208,1226,782,275,69,17,4659,0,35,362,596,704,332,80,39,5,2145,15,1616,4951,3958,3498,1849,603,270,60,16823,25,1015,2146,2289,2148,1576,574,286,55,10122,472,2325,6090,7449,6370,4605,2460,1298,217,31287,115,181,225,171,126,66,29,8,0,916,30,128,335,396,345,256,88,40,4,1625,608,2638,6651,8016,6839,4921,2581,1348,221,33830,34,143,307,365,327,220,122,91,20,1628,1742,1341,2100,2438,2280,1972,1652,1601,553,15689,2430,6892,17511,18868,17022,11654,5891,3701,925,84897,0,130,2163,1889,1485,1104,479,126,23,7398,0,56,501,777,686,566,162,50,7,2798,8,1823,6789,5578,3879,2715,939,322,78,22140,43,1272,3116,2996,2477,1939,953,323,100,13231,607,2903,6782,7746,6997,5116,3124,1457,375,35116,125,170,259,214,151,121,41,9,3,1085,39,140,322,354,372,270,120,49,18,1682,764,3214,7368,8312,7526,5503,3281,1516,396,37880,21,115,309,299,276,240,129,90,31,1503
210,0,26,382,515,479,241,57,17,0,1717,0,17,184,264,296,146,37,20,3,969,12,704,2579,2160,1814,788,269,126,13,8471,17,522,1260,1490,1386,892,404,196,29,6198,378,1636,4469,5709,4627,3340,2022,1067,177,23429,90,133,196,130,81,55,13,10,0,702,28,77,231,270,221,153,71,27,11,1083,500,1839,4893,6107,4922,3551,2105,1109,187,25208,15,101,247,271,230,158,98,67,11,1204,1341,940,1564,1981,1684,1457,1429,1225,320,11951,1889,4149,11111,12785,10806,7238,4401,2764,574,55721,0,53,1021,856,648,406,135,26,6,3150,0,17,247,363,372,250,64,24,8,1347,10,942,3660,3026,2129,1219,499,153,34,11668,31,874,2094,1938,1677,1231,601,229,42,8715,506,2102,4865,5602,5385,3710,2358,1205,312,26041,124,129,222,154,110,66,26,8,0,840,27,103,251,277,243,189,92,28,4,1233,655,2337,5341,6033,5743,3965,2477,1247,321,28113,13,86,221,223,223,150,101,64,22,1096
211,0,33,649,1159,1310,890,303,123,17,4480,0,28,374,635,848,494,155,46,3,2590,16,1405,4751,4483,4341,2721,919,449,104,19182,34,1025,2360,2834,2991,2742,1227,520,91,13831,615,3131,7980,10576,9062,6745,3939,1684,326,44051,156,270,283,176,170,104,52,28,5,1241,43,180,335,448,506,451,170,88,18,2237,809,3576,8602,11196,9739,7299,4160,1800,348,47531,42,134,355,445,481,422,280,160,41,2353,1758,1012,1795,2215,2225,2069,1667,1607,666,15019,2656,7210,18885,22966,21929,16636,8718,4707,1276,104988,3,55,1160,1696,1605,1193,531,168,35,6450,0,30,423,774,853,718,276,74,9,3158,11,1576,5984,5620,4599,3561,1537,517,158,23564,50,1037,2783,3216,3244,3027,1801,681,159,15998,693,3569,8231,9880,9948,7346,4793,2195,501,47152,159,225,311,187,198,166,83,37,8,1377,46,173,295,364,423,442,245,105,34,2124,903,3961,8829,10430,10568,7950,5123,2343,546,50655,15,90,234,295,340,316,250,150,48,1748
212,6,136,1696,1817,1597,957,350,90,11,6662,3,38,395,566,659,360,137,35,3,2203,39,2389,6851,5316,4274,2371,934,501,85,22753,102,1748,3094,3072,2933,2280,1144,572,86,15023,688,3100,8606,10843,9201,6648,4028,1779,285,45174,159,244,366,229,200,102,50,18,3,1366,58,215,449,514,433,368,176,71,11,2310,907,3549,9425,11589,9834,7113,4258,1872,303,48844,64,215,625,628,545,423,262,161,28,2951,2835,2211,3528,3911,3610,3008,2561,2267,762,24692,3950,10288,25616,26896,23448,16508,9640,5493,1277,123127,0,184,3179,2651,2073,1278,597,183,26,10164,3,56,550,753,726,551,217,54,6,2919,27,2913,9595,7212,5208,3364,1397,619,162,30490,119,2553,5449,4319,3529,2615,1589,697,165,21023,920,4031,9728,11212,10479,7566,4810,2336,518,51616,245,306,426,304,262,143,82,39,4,1823,77,197,456,483,409,438,206,101,10,2374,1243,4536,10619,12004,11147,8149,5103,2477,533,55810,39,187,581,582,501,351,241,168,50,2701
213,12,165,1520,1181,847,391,93,31,7,4242,0,31,414,566,542,194,50,17,3,1814,20,1604,6430,4618,2959,1242,319,127,26,17347,62,1189,2936,2825,2313,1247,399,173,28,11163,641,2965,8115,9403,8097,5254,2523,1275,215,38486,109,254,417,228,186,86,20,3,0,1315,51,175,501,479,394,210,73,40,10,1936,809,3399,9023,10115,8679,5550,2619,1321,221,41738,42,208,558,535,509,295,127,83,17,2371,2488,2259,4055,4096,3512,2858,2163,1720,499,23653,3428,8856,24933,23929,19358,11779,5777,3474,793,102330,0,144,3769,2619,1318,680,217,46,9,8800,0,42,735,863,663,404,92,22,3,2823,18,2091,10144,7788,4081,2230,708,184,46,27287,110,2093,5142,4147,3004,1935,707,216,48,17405,837,3860,9881,10159,9077,6583,3223,1433,396,45454,166,300,487,367,217,134,35,12,3,1718,51,231,548,541,425,300,137,50,5,2287,1058,4394,10914,11068,9723,7018,3394,1488,406,49468,35,163,632,499,441,310,197,89,22,2381
214,0,0,111,315,366,344,209,110,7,1477,0,8,129,198,307,232,84,45,0,998,0,332,1381,1509,1570,1223,661,385,81,7132,14,340,943,1171,1327,1418,803,497,67,6583,394,1572,4523,5747,5114,3701,2683,1422,266,25416,93,126,156,105,71,59,24,15,3,654,26,70,163,221,205,205,127,65,10,1102,516,1769,4844,6070,5386,3970,2831,1510,277,27170,19,66,164,199,233,197,188,157,33,1248,1200,676,1258,1702,1639,1479,1458,1545,669,11624,1754,3184,8824,11163,10837,8864,6235,4244,1134,56235,0,9,197,425,481,447,341,126,23,2056,0,7,150,260,322,335,139,45,10,1262,6,389,1667,2096,1711,1517,1022,498,135,9041,28,392,1205,1539,1516,1606,1204,579,159,8220,417,2016,4884,5970,5855,4378,3131,1688,439,28775,100,156,185,99,97,69,43,26,7,786,30,89,171,158,198,215,148,70,25,1104,552,2254,5238,6230,6155,4665,3325,1779,467,30662,14,48,140,192,196,161,144,85,48,1029
215,0,3,39,93,109,88,36,9,3,378,0,3,61,105,138,76,31,10,0,424,0,136,661,561,621,358,127,47,9,2526,5,100,382,458,647,469,212,93,18,2384,226,918,2097,2913,2577,1734,935,420,85,11906,54,94,89,63,71,32,10,10,0,425,15,45,92,106,125,84,40,13,3,519,294,1055,2281,3078,2779,1844,986,445,93,12851,25,25,78,115,122,104,66,38,8,580,572,377,686,841,938,914,959,1011,248,6552,899,1703,4190,5260,5352,3849,2414,1652,378,25702,0,9,80,109,106,117,41,9,3,469,0,6,48,88,121,144,35,8,0,461,3,133,684,660,564,493,193,74,14,2816,3,130,440,614,603,606,306,116,23,2851,249,1152,2241,2596,2962,2146,1260,533,124,13264,69,110,131,93,58,48,15,4,0,523,17,48,75,94,114,127,41,14,4,526,335,1308,2444,2776,3138,2321,1314,555,130,14320,10,15,50,68,88,89,63,33,11,435
216,0,0,44,100,107,70,22,13,0,355,0,10,56,72,141,77,20,0,3,383,0,123,537,475,521,326,100,45,8,2135,0,95,261,393,485,384,190,97,11,1923,191,860,1923,2548,2215,1501,888,463,70,10665,32,71,82,41,38,26,11,0,0,309,6,44,77,72,86,79,25,18,4,411,236,980,2082,2666,2341,1604,932,476,75,11388,16,31,58,75,100,87,53,34,13,455,505,255,512,699,708,703,729,678,208,4997,755,1490,3551,4488,4389,3249,2043,1351,318,21641,0,4,92,101,111,86,37,18,3,462,0,3,53,87,111,104,30,8,3,397,0,137,606,574,489,476,144,55,15,2492,3,73,306,461,497,513,308,121,22,2301,229,961,1984,2491,2506,1823,1184,552,110,11838,45,66,81,74,49,27,18,4,0,363,16,24,72,84,83,78,52,23,3,430,292,1060,2138,2641,2629,1925,1259,580,113,12637,6,20,70,64,52,59,42,34,14,366
217,0,0,41,73,118,104,55,13,3,400,0,3,44,97,155,82,23,7,0,407,0,119,557,531,669,378,114,69,17,2455,8,100,304,432,545,474,218,80,19,2188,214,923,2129,2566,2189,1398,749,426,68,10662,61,100,83,52,52,27,6,3,0,384,6,27,77,91,109,76,41,12,3,448,279,1061,2291,2703,2352,1506,801,439,67,11494,3,27,64,101,118,84,56,34,19,504,465,261,423,578,733,696,773,739,229,4897,763,1579,3731,4515,4678,3320,2035,1380,346,22348,0,3,50,123,129,143,83,25,6,566,0,6,44,98,136,123,46,8,0,457,3,154,600,637,587,599,221,85,17,2898,16,76,326,529,555,645,287,100,21,2548,280,1092,2219,2484,2638,1792,954,451,123,12038,48,57,81,79,55,45,11,5,0,385,11,37,69,75,97,100,55,10,10,456,347,1189,2367,2633,2784,1940,1023,466,134,12880,6,22,58,56,62,63,62,27,5,352
297,0,0,0,0,0,0,0,0,0,0,0,0,0,0,0,0,0,0,0,0,0,0,0,0,0,0,0,0,0,0,0,0,0,0,0,0,0,0,0,3,0,0,0,5,3,0,0,0,0,12,0,0,0,0,0,0,0,0,0,0,0,0,0,0,0,0,0,0,0,4,0,0,3,9,3,5,0,0,0,15,0,0,0,0,0,0,0,0,0,0,0,0,0,0,0,3,3,0,0,4,0,0,3,8,3,3,3,0,0,31,0,0,0,0,0,0,0,0,0,0,0,0,0,0,0,0,0,0,0,0,0,0,0,0,0,0,0,0,0,0,0,0,0,0,0,0,0,0,0,3,0,0,3,0,7,0,0,0,0,17,0,0,0,0,0,0,0,0,0,0,0,0,0,0,0,0,0,0,0,0,0,0,3,0,7,0,0,0,0,15,0,0,0,0,0,3,0,0,0,3
299,0,4,42,23,16,8,0,0,0,98,0,0,16,16,6,0,0,0,0,39,0,52,163,57,26,21,8,5,0,339,3,25,45,48,24,31,5,0,0,175,18,73,174,141,76,65,30,5,0,580,3,13,11,0,3,0,0,0,0,33,3,3,14,5,3,3,0,0,0,31,22,83,198,152,81,69,33,5,0,641,0,11,17,10,3,3,3,0,0,53,21,59,132,84,55,43,26,16,3,447,51,233,616,392,218,172,68,26,11,1785,0,7,50,25,19,5,9,0,0,106,0,3,18,9,4,9,0,0,0,38,0,51,190,96,45,24,10,3,0,426,0,23,69,37,30,24,9,7,0,199,11,70,146,148,109,78,61,8,4,637,3,15,16,3,3,0,0,0,0,50,0,10,11,8,7,4,0,0,0,45,19,90,169,164,120,88,65,11,4,732,0,3,6,6,9,5,0,0,0,33
301,0,6,127,381,405,296,115,40,3,1371,0,10,74,184,219,119,40,8,3,657,4,352,1254,1503,1403,859,321,147,33,5874,44,248,732,1188,1256,900,399,181,48,5006,265,1183,3212,4195,4287,3394,1798,867,180,19371,87,119,126,99,69,45,16,15,0,572,29,68,150,154,200,143,70,38,12,859,379,1373,3487,4443,4557,3580,1885,918,189,20811,11,52,153,210,200,190,146,84,13,1066,721,444,725,967,991,860,749,753,314,6515,1169,2482,6553,8865,9039,6796,3652,2140,606,41303,0,11,237,525,604,423,194,60,18,2075,0,9,105,252,268,200,64,17,3,913,0,417,1555,2235,1735,1252,563,192,64,8012,48,246,814,1475,1565,1223,595,223,80,6266,418,1514,3850,4401,4767,3900,2296,1088,272,22499,172,128,178,101,69,53,16,13,3,737,25,57,136,173,144,178,111,47,8,873,614,1701,4157,4668,4982,4130,2425,1150,283,24106,10,47,114,174,195,141,108,75,17,881
302,0,12,302,487,484,262,117,38,13,1712,0,10,143,259,244,106,43,9,0,809,5,605,2347,1874,1426,771,345,158,39,7569,40,287,935,1121,1050,741,351,206,43,4775,202,934,2874,3142,2831,2214,1492,885,146,14719,64,123,151,84,54,27,20,7,0,528,13,74,158,141,155,131,69,47,10,799,278,1124,3178,3371,3039,2374,1590,938,159,16050,9,61,143,175,163,122,90,70,26,859,583,434,824,830,833,696,691,842,409,6140,919,2527,7863,8120,7233,5079,3220,2270,682,37920,0,27,704,799,623,432,161,70,4,2828,0,5,212,351,306,200,60,20,7,1155,7,682,3292,2899,1751,1180,487,211,47,10557,60,350,1141,1399,1270,913,460,229,63,5879,286,1330,3385,3270,3046,2428,1596,980,255,16576,103,132,176,112,61,47,22,7,0,660,26,67,161,167,132,165,86,45,11,863,418,1526,3724,3546,3243,2643,1700,1032,268,18098,10,46,154,147,121,132,97,69,28,807
303,0,105,1227,1506,1218,661,217,58,15,5009,0,34,327,474,426,207,61,26,0,1560,28,1953,5806,4296,2995,1760,609,284,70,17804,130,960,1739,1812,1626,1221,504,263,55,8317,308,1495,4171,4331,3967,3061,2028,1060,229,20645,96,199,226,111,77,46,23,8,0,788,32,149,276,226,228,202,83,43,9,1255,438,1841,4672,4672,4270,3313,2130,1112,238,22685,31,127,258,287,279,230,143,89,22,1473,979,1167,1716,1563,1357,1215,994,986,414,10390,1609,6188,15753,14608,12172,8611,4665,2820,814,67240,0,153,2604,2206,1653,994,374,106,17,8097,3,38,451,626,536,323,100,29,7,2106,25,2276,7474,5597,3585,2414,973,364,86,22786,93,1069,2277,2141,1920,1414,734,286,77,10000,382,2048,4677,4221,4139,3205,2082,1138,340,22234,190,168,236,140,93,64,42,12,0,945,37,123,242,244,207,220,112,43,10,1238,609,2343,5159,4607,4436,3492,2235,1190,358,24418,16,105,281,246,208,200,137,83,25,1298
304,0,46,800,1431,1539,1172,437,191,26,5645,3,24,212,366,367,223,69,27,3,1293,15,1569,3394,2894,2633,1875,704,346,69,13498,45,532,800,1081,1056,957,426,219,44,5161,145,694,1681,1835,1669,1360,764,445,109,8698,61,107,63,44,32,47,14,4,0,377,20,67,121,103,131,158,66,35,7,712,230,876,1870,1980,1830,1573,848,485,113,9789,14,60,107,153,145,152,99,58,12,805,572,565,691,639,666,536,339,439,284,4741,883,3667,7881,8545,8234,6482,2925,1766,548,40928,0,75,1142,1651,1733,1415,719,246,41,7028,0,15,233,431,410,328,108,37,7,1564,12,1497,3728,3588,2824,2198,1103,426,116,15495,59,423,834,1212,1230,993,569,260,63,5633,250,906,1708,1837,1811,1376,922,490,139,9435,104,110,93,58,35,25,25,16,0,456,27,70,92,92,112,132,86,33,13,652,375,1084,1889,1993,1954,1530,1027,537,148,10545,22,43,97,114,78,103,76,56,19,609
305,0,83,1412,1636,1272,843,257,87,15,5599,0,41,432,559,424,200,61,16,3,1744,13,2216,7093,4540,2916,1651,572,246,42,19294,52,824,1696,1437,1057,852,337,142,30,6426,163,1195,2816,2272,1867,1360,768,482,116,11040,55,192,193,79,50,36,15,4,0,634,18,122,266,152,147,134,49,21,5,915,237,1512,3273,2505,2065,1531,838,502,127,12588,14,100,308,222,178,155,86,49,16,1123,844,1950,3002,1947,1601,1287,819,695,288,12439,1165,6718,17208,12857,9504,6523,2973,1742,516,59208,3,154,2287,2302,1845,1217,460,102,26,8399,3,47,631,685,550,339,96,25,4,2371,12,2454,9124,5868,3613,2355,928,312,64,24736,71,776,2199,1616,1301,1000,472,187,38,7665,221,1341,3522,2320,2060,1510,849,459,151,12432,92,173,206,104,66,42,23,0,5,705,20,88,224,177,120,158,70,31,3,876,329,1598,3951,2594,2244,1716,933,491,160,14020,14,85,248,182,144,108,92,38,18,927
306,0,5,113,246,312,224,74,22,3,1006,0,7,72,147,168,85,36,3,0,526,3,260,1215,1249,1135,752,272,96,21,5007,17,134,662,1002,1044,765,292,138,10,4066,271,1309,3850,4798,4741,3313,1681,567,107,20632,59,127,203,125,89,54,15,8,0,684,22,66,168,166,170,141,57,25,10,826,356,1507,4222,5091,4996,3509,1745,598,115,22140,18,59,192,223,257,200,123,52,10,1137,1004,900,1670,1860,1820,1557,1122,789,270,10977,1393,2870,8151,9817,9737,7092,3668,1694,434,44857,0,12,156,346,394,295,172,42,13,1435,0,13,100,154,231,143,59,9,4,710,5,277,1406,1595,1329,1070,491,136,29,6344,7,144,737,1326,1248,1071,534,160,23,5250,404,1622,4151,5034,5286,4061,2314,842,168,23874,130,151,214,165,110,89,31,4,3,900,30,55,165,186,165,174,79,20,12,887,565,1831,4526,5386,5563,4323,2420,866,181,25653,23,48,145,180,197,204,168,57,14,1028
307,0,3,28,73,65,89,39,8,0,299,0,0,30,54,70,45,15,4,0,217,0,142,442,410,418,253,107,37,6,1826,12,75,337,447,430,323,149,44,6,1828,232,732,1614,1806,1809,1332,721,242,48,8543,71,108,102,92,58,26,8,0,0,452,11,32,120,193,104,61,26,11,3,559,313,868,1835,2084,1967,1419,756,257,50,9549,15,21,56,91,89,73,55,21,4,416,397,262,470,588,641,688,657,566,179,4453,740,1365,3200,3749,3676,2890,1765,941,251,18583,0,3,67,61,76,85,53,13,3,356,0,6,34,56,63,65,20,9,0,257,0,118,561,554,402,389,188,57,19,2284,11,39,292,527,539,420,208,74,10,2125,252,966,1976,2108,2104,1764,979,378,74,10600,83,97,124,74,56,22,22,0,0,490,24,31,75,161,136,101,45,10,8,595,362,1095,2181,2343,2288,1894,1047,392,78,11679,11,14,50,81,58,65,53,20,8,365
308,0,12,134,217,263,170,41,9,0,844,0,5,76,142,169,83,40,6,0,512,3,395,1112,1029,931,477,163,61,8,4174,6,89,498,737,773,531,183,71,13,2905,318,1487,3976,4555,4417,2814,1466,542,75,19660,81,159,163,78,69,40,15,3,0,612,23,52,166,152,143,102,32,16,0,688,421,1699,4303,4788,4639,2954,1514,564,81,20960,14,49,122,156,168,127,67,40,3,751,971,753,1430,1541,1548,1233,991,782,273,9523,1418,3008,7673,8606,8480,5571,3000,1530,376,39663,0,9,184,293,295,239,82,20,0,1115,0,14,88,161,164,124,47,14,0,610,0,352,1358,1185,996,721,261,68,11,4953,11,104,480,918,1008,751,275,95,12,3652,419,2103,5138,5188,4891,3683,1747,712,122,24009,144,128,223,106,82,50,18,0,0,750,27,48,154,181,145,143,58,16,4,763,584,2273,5513,5474,5115,3881,1821,735,127,25523,20,30,114,154,148,98,89,36,3,690
309,0,70,607,749,778,593,258,93,24,3169,0,14,193,289,345,198,87,28,3,1163,22,1232,3721,3115,2648,2047,928,474,115,14295,116,797,2029,2412,2107,1932,1022,541,97,11062,566,2695,7921,9505,8780,7198,4249,2107,399,43421,150,272,306,166,135,107,46,12,6,1194,62,226,476,403,401,355,201,85,16,2221,781,3190,8699,10073,9317,7656,4489,2206,418,46834,50,145,427,527,467,444,325,209,37,2638,2079,2235,3717,3385,3305,3097,2639,2499,968,23921,3054,7695,19405,20547,18969,15957,9753,6045,1659,103077,0,109,1097,1238,1132,893,472,131,26,5107,3,45,303,405,357,348,130,34,10,1634,26,1532,4951,4424,3270,2751,1388,547,153,19041,165,931,2628,3376,2899,2382,1404,629,169,14578,767,3404,9452,10696,10283,8271,5496,2388,642,51400,372,289,413,260,200,130,92,31,6,1787,92,184,378,443,386,380,260,112,19,2256,1234,3878,10243,11403,10865,8779,5851,2530,669,55449,47,159,386,434,451,421,317,185,71,2468
310,0,9,173,352,302,193,77,19,3,1137,0,10,99,179,176,88,27,10,0,591,13,345,1409,1257,1013,632,220,100,22,5010,32,267,816,1157,1156,697,317,108,23,4567,347,1443,3964,4691,4203,3288,1803,719,113,20570,111,210,245,120,100,39,13,3,4,837,43,105,213,185,156,119,53,15,3,889,498,1753,4422,4986,4461,3446,1868,741,118,22301,28,68,179,230,218,163,117,58,3,1069,1180,923,1958,2038,1615,1335,1057,894,259,11254,1758,3379,9050,10194,8944,6545,3688,1930,437,45921,0,23,446,547,464,307,142,44,4,1965,0,16,153,205,228,161,55,15,0,827,5,460,2018,1888,1290,877,367,124,39,7066,38,330,1109,1483,1478,1063,486,140,33,6158,500,2167,5271,5322,4977,3874,2342,919,169,25542,275,230,337,192,103,69,28,7,4,1244,52,92,248,233,178,167,72,39,13,1091,823,2491,5853,5744,5257,4111,2451,959,184,27872,21,77,184,230,180,146,122,71,12,1043
311,0,4,137,200,250,185,54,21,3,861,0,8,62,110,166,89,22,4,0,469,0,417,1271,1039,993,660,208,60,11,4661,40,317,857,1036,1043,777,260,80,24,4430,423,1650,4672,5575,5421,4213,1728,625,92,24409,131,189,208,106,82,60,17,8,0,797,32,110,217,180,183,174,61,21,3,984,588,1951,5104,5862,5690,4447,1809,645,90,26185,27,79,239,255,257,228,102,38,3,1216,1343,860,1676,1817,1622,1477,992,676,197,10664,2004,3634,9352,10308,10024,7864,3444,1531,329,48482,0,18,352,362,311,285,103,28,3,1459,0,22,92,169,155,134,34,12,0,618,14,390,1780,1517,1183,850,375,97,14,6212,51,330,1130,1332,1245,1019,447,113,25,5697,608,2342,5685,6074,5785,4822,2647,848,173,28979,307,238,334,219,132,78,32,10,0,1342,55,107,243,247,197,190,100,30,9,1176,963,2689,6266,6533,6113,5089,2771,884,179,31489,32,74,204,206,204,184,122,58,13,1095
312,0,8,64,123,134,72,21,9,0,427,0,0,36,94,95,48,15,0,0,295,0,266,847,669,591,318,101,48,3,2840,3,76,369,575,578,373,159,53,13,2199,295,1370,3797,4145,3809,2405,1032,361,53,17272,50,114,145,83,58,30,10,11,0,499,14,37,89,133,95,85,23,16,3,495,357,1525,4038,4356,3958,2518,1066,383,57,18265,15,39,120,142,135,118,52,24,9,656,722,823,1597,1763,1652,1193,763,607,146,9272,1101,2741,7073,7732,7149,4646,2168,1129,223,33955,0,10,133,154,189,107,35,10,4,646,0,3,63,88,113,65,29,0,0,366,0,276,997,913,605,446,150,56,8,3452,9,86,430,767,762,520,217,60,12,2856,361,1944,5089,4915,4621,3092,1398,479,82,21987,89,99,140,93,86,41,23,0,4,568,15,42,117,111,115,98,43,12,6,558,465,2081,5350,5119,4827,3230,1461,496,90,23116,18,38,103,102,153,113,51,27,7,611
313,0,3,65,156,156,146,71,32,4,631,0,0,33,99,150,74,42,9,0,405,0,186,606,687,683,606,264,114,32,3171,18,178,424,757,879,752,377,174,33,3592,302,956,2864,3792,3731,3296,2068,973,157,18135,85,139,162,99,57,45,10,5,0,608,27,60,134,131,139,131,85,44,7,758,415,1158,3166,4022,3918,3478,2157,1021,165,19506,15,56,137,182,156,178,146,84,28,984,781,650,1236,1206,1129,1066,985,1043,379,8473,1237,2228,5666,7106,7074,6290,4036,2479,643,36759,0,0,105,205,227,200,146,33,11,926,0,11,60,129,136,138,59,14,4,553,4,195,842,968,837,785,443,161,52,4283,35,161,603,986,1072,986,590,200,37,4674,473,1520,3665,4465,4344,3846,2732,1201,281,22524,211,181,205,129,96,71,41,14,0,936,41,67,159,144,144,179,106,45,13,896,719,1764,4027,4739,4578,4088,2885,1262,292,24352,24,61,129,161,165,173,131,73,19,932
314,0,5,155,342,367,207,57,13,3,1143,0,3,68,204,174,88,36,3,0,582,0,259,1224,1378,1044,606,179,66,4,4759,37,205,704,1107,1030,715,193,76,6,4075,190,844,2857,3414,2910,2212,926,316,73,13750,58,106,101,69,38,41,8,3,0,431,19,54,136,138,161,117,26,14,3,656,271,998,3101,3615,3111,2366,961,335,78,14829,10,37,109,143,148,107,56,35,4,650,484,279,498,618,538,531,307,267,125,3649,800,1786,5868,7406,6423,4622,1781,788,220,29690,0,3,224,534,464,338,108,26,3,1702,0,11,114,254,235,162,55,4,0,832,4,332,1447,2098,1411,828,353,82,25,6573,38,233,879,1415,1384,997,368,94,13,5422,372,1260,3432,4004,3425,2550,1388,434,107,16979,121,96,152,89,63,50,24,6,0,611,27,56,146,174,116,136,76,18,7,748,518,1407,3728,4270,3604,2742,1485,463,113,18337,13,36,107,149,115,104,66,39,8,630
315,0,5,29,50,49,43,7,0,0,184,0,4,23,39,39,21,3,0,0,129,0,117,478,258,225,124,32,10,0,1254,9,59,257,319,250,153,55,8,3,1122,150,566,1516,1445,1299,836,329,113,12,6263,44,70,86,67,38,21,3,0,0,335,14,27,59,88,80,31,14,0,0,312,203,662,1658,1604,1415,892,349,119,12,6912,15,19,53,61,56,57,20,8,0,278,478,439,954,953,770,598,386,264,62,4910,703,1305,3452,3285,2808,1888,862,412,76,14793,0,3,71,53,63,52,19,6,0,265,0,4,29,37,33,36,12,4,0,154,0,124,530,338,228,181,54,14,0,1471,6,41,237,349,294,209,80,16,0,1237,164,732,1784,1699,1597,1075,462,122,20,7659,72,84,103,76,71,41,8,4,0,445,18,24,60,88,78,57,16,5,0,343,260,835,1945,1863,1746,1172,485,130,19,8448,4,20,38,35,48,48,15,6,0,222
316,0,3,122,322,447,470,299,84,18,1768,0,3,75,261,294,231,101,18,3,994,6,358,1494,1842,1836,1528,775,395,82,8320,43,235,801,1413,1533,1492,937,478,75,7006,424,1579,4483,5990,6207,4796,3231,1636,302,28643,119,200,202,127,120,70,42,16,0,895,35,77,199,221,256,266,148,94,12,1298,569,1860,4876,6337,6580,5132,3419,1745,313,30838,31,62,211,243,307,300,266,154,41,1614,1141,707,1217,1572,1658,1500,1421,1401,586,11201,1794,3225,8797,11993,12661,10661,7215,4278,1116,61738,0,10,197,511,602,647,478,158,19,2621,4,11,109,337,334,359,175,41,0,1361,0,360,1800,2459,2220,2085,1264,486,109,10790,48,288,885,1816,1944,1942,1288,579,158,8949,541,1922,5042,6640,7165,5816,4043,1985,515,33668,260,203,234,180,121,102,59,35,5,1192,47,92,175,243,223,299,214,96,28,1412,845,2219,5454,7058,7501,6211,4322,2113,551,36272,22,55,169,231,252,270,300,177,46,1523
317,0,6,139,262,338,219,109,27,7,1116,0,6,56,131,137,101,32,9,0,478,3,364,969,874,908,517,213,99,17,3962,19,206,437,646,603,469,206,79,23,2682,240,956,2120,2227,2258,1525,831,445,82,10682,86,140,132,57,47,17,12,8,0,498,17,57,88,84,82,69,32,22,6,449,345,1146,2344,2372,2383,1606,880,468,84,11635,15,37,86,97,88,83,68,34,12,515,539,385,606,652,633,565,513,573,220,4683,923,2144,4633,5037,5085,3563,2013,1301,364,25066,0,13,233,330,380,315,179,37,6,1496,0,8,71,138,156,130,54,9,3,562,7,287,1174,1121,934,740,325,125,34,4731,10,140,505,721,777,575,310,132,32,3200,296,1244,2592,2429,2496,1863,1110,506,123,12662,114,134,156,72,54,31,15,9,0,577,21,51,80,89,83,86,56,13,6,481,431,1423,2831,2592,2634,1983,1177,524,126,13723,11,28,78,80,79,71,61,36,7,452
318,0,13,170,350,364,265,95,22,0,1278,0,5,83,137,141,86,30,12,0,488,0,506,1525,1209,979,608,179,62,15,5091,16,136,622,965,955,680,236,79,14,3698,284,1581,4191,4350,4155,2810,1406,585,98,19449,102,172,173,77,64,35,9,5,0,635,27,67,132,126,113,90,28,19,3,610,417,1813,4501,4556,4326,2939,1441,609,97,20698,19,82,125,168,173,147,106,39,12,869,888,804,1409,1372,1299,1004,876,733,239,8626,1348,3359,8433,8753,8248,5734,2964,1550,372,40753,0,17,259,400,431,311,143,36,9,1602,0,13,86,147,145,141,39,8,0,582,3,504,1782,1499,1084,824,321,97,19,6134,17,147,612,1104,1146,854,331,126,19,4345,412,2084,4856,4802,4725,3527,1925,744,123,23196,175,177,210,119,83,57,18,9,3,858,34,66,139,153,128,115,68,25,11,729,620,2326,5209,5078,4929,3696,2007,775,135,24785,25,62,126,136,141,139,85,37,15,767
319,0,3,57,142,239,170,77,23,8,717,0,0,53,127,165,108,38,13,3,521,0,209,757,878,909,688,317,118,37,3916,12,108,448,759,984,868,485,208,28,3900,325,1193,3205,4313,5232,4939,3189,1325,217,23937,130,226,240,141,98,68,19,11,3,946,42,72,168,188,202,199,130,27,3,1031,498,1488,3605,4641,5536,5208,3335,1366,223,25916,17,56,133,200,237,247,206,95,20,1210,970,613,1168,1492,1483,1707,1871,1497,511,11315,1503,2486,6227,8239,9554,9005,6333,3320,820,47490,0,3,92,197,239,245,145,43,11,961,0,3,60,130,158,189,85,22,0,641,0,167,898,1111,999,960,545,147,39,4872,10,84,485,893,1165,1169,779,263,54,4900,456,1545,3617,4722,5637,5904,4374,1668,359,28281,317,241,284,195,155,104,66,14,0,1369,41,83,138,187,194,247,147,63,5,1114,813,1868,4038,5105,5985,6255,4586,1743,371,30761,17,42,104,153,189,237,236,129,25,1134
397,0,0,0,0,0,0,0,0,0,0,0,0,0,0,0,0,0,0,0,0,0,0,3,0,0,0,0,0,0,4,0,0,4,0,3,0,0,0,0,11,0,3,7,4,4,3,0,0,0,23,0,0,0,0,0,0,0,0,0,6,0,0,0,0,0,0,0,0,0,0,0,4,6,7,5,3,0,0,0,28,0,0,0,0,0,0,0,0,0,7,0,0,0,0,3,5,4,0,0,11,0,3,14,8,16,9,8,0,0,58,0,0,0,0,0,0,0,0,0,3,0,0,0,0,0,0,0,0,0,0,0,3,7,3,0,3,0,0,0,13,0,0,3,4,7,4,0,0,0,17,0,8,14,7,17,10,4,9,0,66,0,0,0,0,0,0,0,0,0,9,0,0,0,0,0,0,0,0,0,4,0,9,16,5,18,12,4,10,0,74,0,0,0,0,0,0,0,0,0,5
399,0,3,30,23,17,14,4,0,0,93,0,0,6,13,10,16,0,0,0,41,0,53,167,77,64,52,27,8,0,449,0,24,60,50,41,75,32,3,0,283,18,125,287,258,266,337,207,27,6,1534,5,23,13,9,4,7,0,0,0,60,0,7,10,13,6,17,4,0,0,57,21,152,313,275,278,355,216,27,6,1654,3,19,21,17,21,14,18,4,0,111,43,121,225,209,224,175,98,35,9,1151,79,374,821,658,650,701,394,70,17,3768,0,3,44,15,24,28,8,5,0,125,0,0,9,4,5,9,6,0,0,31,0,58,173,85,53,66,33,7,0,468,0,18,55,45,51,103,46,8,0,331,18,90,252,208,222,405,245,49,3,1498,9,8,19,8,8,11,0,0,0,64,0,3,17,6,6,16,8,0,0,67,30,106,288,223,239,437,251,54,0,1625,0,4,17,15,17,17,19,3,0,81
401,0,66,854,1390,1536,1240,533,257,41,5913,0,29,293,495,645,428,118,44,5,2052,9,1654,4787,4010,3864,2854,959,592,139,18871,33,482,1258,1688,1821,1618,709,408,105,8123,237,1161,2764,3777,3455,2441,1548,957,246,16583,107,161,223,122,97,79,38,23,8,844,29,117,215,266,342,299,154,69,21,1501,372,1436,3196,4164,3892,2812,1736,1046,273,18926,36,99,192,228,238,246,149,108,33,1315,1002,1031,1432,1416,1358,1187,994,1053,480,9946,1449,4791,12023,13395,13350,10378,5199,3501,1073,65159,0,88,1593,1720,1824,1547,839,333,86,8016,0,22,339,536,606,609,220,42,6,2392,11,1678,5447,4674,3936,3576,1681,641,242,21879,33,548,1359,1828,1869,1827,1094,402,144,9124,246,1309,2796,3529,3778,2762,1742,1010,323,17501,105,159,188,153,111,66,47,22,9,851,31,104,166,215,269,331,164,82,27,1388,380,1571,3152,3888,4160,3164,1951,1117,358,19745,17,69,163,193,201,188,173,79,50,1131
402,0,59,375,427,409,251,109,27,7,1655,0,16,134,231,283,171,47,22,3,899,10,878,2457,1763,1494,967,331,169,28,8096,25,412,1316,1808,1814,1374,523,230,35,7541,489,2338,5912,7064,6397,5415,3399,1570,259,32843,181,351,400,233,141,87,32,13,4,1443,47,150,378,320,367,281,128,56,11,1739,720,2834,6685,7616,6909,5789,3556,1641,267,36021,35,127,277,347,285,273,148,81,18,1582,1495,1201,2081,2384,2006,1731,1522,1520,421,14351,2284,5525,13321,14570,13203,10547,6236,3689,786,70161,3,66,1053,785,525,377,149,43,3,3004,0,15,204,266,282,242,79,21,3,1114,6,871,3697,2586,1707,1323,530,225,48,11006,17,503,1648,2085,2114,1736,814,285,45,9244,531,2843,6917,7319,6937,5873,3886,1906,442,36665,249,405,527,285,189,113,45,11,0,1826,56,201,364,340,337,324,176,67,12,1861,836,3449,7812,7948,7462,6307,4102,1984,453,40352,39,97,297,281,273,244,150,97,23,1511
403,0,26,418,802,896,739,325,114,16,3333,0,15,193,371,513,334,92,31,5,1565,5,1051,3049,2681,2904,2028,716,439,99,12967,18,413,1271,1820,2201,1809,860,517,117,9024,337,1882,4972,5986,6339,4910,2960,1841,374,29603,158,286,332,174,165,127,60,23,9,1323,45,134,321,312,457,425,189,107,25,2027,540,2305,5626,6481,6957,5461,3204,1968,412,32949,19,104,236,282,266,255,160,145,36,1500,1091,787,1244,1424,1587,1300,1106,1492,560,10581,1674,4707,12028,13864,15319,11919,6453,4703,1241,71915,0,32,776,1086,1092,948,466,170,25,4609,0,19,217,422,522,482,174,53,4,1896,9,1013,3785,3478,2916,2584,1247,500,165,15709,12,409,1452,2024,2323,2197,1153,523,175,10265,369,2282,5721,6189,6521,5590,3387,1942,594,32604,177,271,385,234,157,140,86,31,10,1486,37,137,283,288,362,405,241,140,34,1927,586,2697,6395,6709,7047,6134,3713,2108,635,36017,27,82,208,273,227,305,204,119,47,1490
404,3,36,348,394,349,216,92,32,4,1471,0,3,118,204,235,140,42,19,3,766,11,733,2372,1737,1358,833,300,169,45,7561,8,327,920,1117,1095,842,391,268,52,5009,199,1097,2962,3710,3412,2676,1829,1291,303,17468,72,147,176,100,100,58,18,22,11,706,15,86,218,203,218,197,89,60,14,1111,289,1329,3356,4006,3730,2937,1937,1367,329,19279,21,67,198,177,160,128,96,61,21,934,729,705,1148,1290,1242,1011,976,1297,478,8880,1053,3198,8466,8926,8163,6102,3834,3207,938,43890,0,48,928,675,452,311,146,51,8,2612,0,8,204,257,242,205,69,30,0,1015,6,876,3292,2349,1587,1206,468,187,64,10035,19,431,1231,1350,1298,1002,507,232,80,6158,203,1450,3296,3638,3811,2947,1842,1226,414,18834,80,161,233,132,91,64,26,17,0,808,27,73,186,199,160,194,95,53,13,1002,313,1679,3711,3968,4066,3206,1960,1297,430,20638,14,61,172,196,169,162,104,59,28,968
405,0,0,18,66,63,63,34,5,0,260,0,3,29,52,92,52,16,3,0,246,0,75,368,322,429,321,114,39,16,1677,3,41,155,299,466,395,153,83,12,1597,128,589,1331,1888,2009,1598,999,428,64,9049,57,69,94,56,40,31,9,3,0,366,15,38,88,104,138,99,48,24,3,555,202,701,1517,2049,2194,1727,1056,460,63,9968,10,25,53,87,135,101,59,29,5,498,386,178,338,538,568,591,596,631,212,4044,608,1014,2482,3414,3950,3251,2027,1251,312,18300,0,3,37,72,86,76,51,10,0,336,0,3,26,59,95,90,25,9,4,300,0,84,393,435,349,454,214,62,8,2003,0,14,197,331,451,515,271,96,21,1898,138,726,1586,1932,2232,1927,1351,588,126,10609,46,76,122,56,60,51,25,3,0,442,13,34,93,105,107,113,66,28,3,544,197,836,1799,2095,2394,2088,1441,624,130,11600,3,16,39,63,72,97,55,32,9,387
406,0,0,31,60,58,37,15,3,0,209,0,0,23,38,44,30,9,4,0,152,0,95,398,350,247,167,39,10,6,1313,4,39,136,253,299,210,75,29,3,1050,101,526,1455,1880,1720,1259,746,301,43,8024,38,94,93,58,33,28,8,3,0,357,11,41,82,88,83,60,21,13,0,398,151,658,1627,2023,1837,1339,776,316,49,8776,16,28,74,74,83,59,43,12,3,384,389,376,707,761,698,532,480,380,98,4420,559,1200,3006,3561,3267,2378,1437,750,157,16315,0,3,56,63,51,63,17,3,0,255,0,3,22,38,39,52,13,4,0,168,0,101,484,427,248,212,69,22,0,1570,0,43,164,272,334,326,111,29,8,1285,114,756,1658,1882,1992,1525,873,365,68,9223,45,81,151,75,37,21,14,0,0,426,3,32,73,86,62,76,40,6,0,378,167,867,1881,2041,2093,1621,928,373,68,10034,7,18,63,67,77,48,36,18,4,339
407,0,0,38,83,96,121,64,30,4,438,0,4,36,64,138,81,29,6,0,360,0,136,562,582,609,506,191,102,26,2702,3,62,294,534,692,673,358,172,22,2800,206,1081,2462,3118,3070,2404,1468,723,116,14657,57,133,167,108,86,74,29,12,0,665,20,57,161,181,185,162,84,48,3,906,274,1271,2790,3413,3339,2646,1583,782,126,16227,16,64,126,164,147,169,106,56,6,860,668,437,909,1154,1107,1017,975,979,312,7560,966,1970,4759,5995,6127,5198,3306,2129,499,30949,0,0,73,100,123,152,135,37,9,631,0,0,39,67,118,146,69,13,4,446,0,119,665,722,576,679,404,112,35,3323,8,67,341,576,665,896,552,210,34,3348,262,1213,2774,3242,3456,2947,2028,893,245,17056,95,158,235,146,127,92,35,5,0,899,25,62,120,172,184,202,113,53,12,947,380,1430,3127,3559,3773,3243,2178,950,260,18898,13,16,92,117,95,134,102,65,17,655
497,0,0,0,0,0,0,0,0,0,0,0,0,0,0,0,0,0,0,0,0,0,0,0,0,0,0,0,0,0,0,0,0,0,0,0,0,0,0,0,0,0,0,0,0,0,0,0,0,0,0,0,0,0,0,0,0,0,0,0,0,0,0,0,0,0,0,0,0,0,0,0,0,0,0,0,0,0,0,0,0,0,0,0,0,0,0,0,0,0,0,0,0,0,0,0,0,0,0,0,0,0,0,4,0,0,0,0,0,0,7,0,0,0,0,0,0,0,0,0,0,0,0,0,0,0,0,0,0,0,0,0,0,0,0,0,0,0,0,0,0,0,0,0,0,0,0,0,0,0,0,0,0,0,0,0,0,0,0,0,0,0,0,0,0,0,0,0,0,0,0,0,0,0,0,0,0,0,0,0,0,0,0,0,0,0,0,0,0,0,0,0,0,3,0,0,0,0,0,0,3
499,0,0,5,9,5,3,0,0,0,27,0,0,0,0,0,0,0,0,0,0,0,11,44,19,12,18,4,0,0,111,0,4,6,14,7,14,0,0,0,54,3,23,65,63,41,51,19,4,3,265,0,3,0,3,0,0,0,0,0,12,0,7,3,3,5,3,0,0,0,19,7,33,67,68,46,48,24,4,3,295,0,4,4,6,3,0,0,0,0,19,11,17,40,37,34,23,12,3,3,186,18,73,171,149,105,111,41,12,3,682,0,0,16,9,8,3,3,0,0,34,0,0,7,0,0,0,0,0,0,9,0,7,51,34,9,8,3,0,0,114,0,3,9,11,22,10,4,0,0,71,4,23,72,48,57,67,32,3,0,309,0,5,11,6,0,3,0,0,0,22,0,0,3,3,3,0,4,0,0,17,8,32,77,54,57,75,39,3,0,351,0,0,4,0,4,7,0,0,3,21
501,0,0,48,103,163,128,48,22,3,510,0,6,49,109,121,75,27,3,0,393,3,122,703,841,841,489,205,83,9,3295,20,93,289,508,697,585,305,119,16,2631,243,907,2531,3348,3102,1994,1086,458,73,13742,83,90,92,60,53,51,21,6,0,466,16,53,134,138,152,132,56,17,3,705,346,1048,2758,3547,3307,2182,1165,486,78,14913,9,30,109,130,148,127,92,41,8,693,577,389,805,972,920,738,663,638,189,5891,957,1694,4755,6208,6189,4331,2485,1396,308,28330,0,3,73,153,198,170,114,24,3,743,0,3,47,128,136,115,38,12,3,490,0,106,801,1079,936,782,383,112,16,4228,15,114,410,685,800,771,435,156,27,3411,502,1492,3339,3785,3934,2933,1612,762,214,18565,109,106,115,94,79,55,29,3,0,590,28,35,104,159,133,135,84,28,3,701,630,1636,3552,4035,4144,3116,1729,791,216,19858,18,52,156,146,174,175,143,70,24,949
502,0,0,14,40,63,39,21,5,4,198,0,3,11,27,33,29,10,0,0,118,0,48,170,258,279,204,150,68,8,1189,9,40,115,212,265,353,242,101,15,1355,111,399,960,1371,1462,1191,1136,515,64,7215,35,46,26,18,17,17,14,6,3,193,4,17,35,35,46,79,42,19,0,278,152,463,1022,1429,1526,1285,1199,539,67,7683,7,35,35,56,63,85,76,47,6,408,300,180,319,452,464,530,556,556,138,3496,463,768,1681,2488,2698,2524,2258,1318,236,14440,0,3,39,73,87,79,47,17,4,343,0,3,15,36,48,50,27,9,0,191,0,53,271,365,356,298,210,88,17,1647,12,55,183,296,382,431,369,163,32,1914,202,658,1438,1644,1837,1569,1401,675,126,9546,67,60,65,45,28,19,19,8,3,321,11,28,35,55,67,69,58,31,7,353,280,745,1542,1746,1930,1654,1481,714,128,10224,9,35,63,88,88,108,121,75,26,600
503,0,43,814,1310,1286,946,389,157,34,4976,0,18,233,323,331,163,53,20,5,1145,10,1276,3829,3373,2955,1835,680,374,99,14434,43,477,769,772,863,823,473,215,71,4507,87,491,1200,1177,1103,822,552,321,100,5857,27,71,79,42,37,23,16,3,0,310,11,48,112,100,114,88,49,18,14,555,129,609,1401,1318,1258,938,614,347,111,6726,22,79,150,154,152,124,91,57,25,857,712,1091,1689,1264,1181,1035,707,613,321,8614,923,3590,8876,8500,8024,5866,3012,1786,670,41259,0,68,1471,1581,1561,1173,629,228,55,6767,0,32,328,427,421,250,102,30,8,1593,7,1383,5396,3738,3309,2451,1095,416,127,17918,24,419,1045,855,932,938,591,277,92,5170,126,739,1687,1146,1289,956,602,295,131,6962,49,66,78,50,36,24,19,6,0,330,6,52,108,75,93,85,62,22,13,517,181,856,1874,1269,1415,1072,681,326,143,7809,19,66,213,156,168,171,144,103,42,1085
504,0,12,182,341,338,242,74,40,7,1230,0,13,144,215,211,115,48,7,0,754,5,508,1806,1681,1349,794,284,116,22,6577,52,333,863,1103,1138,881,397,182,23,4968,319,1161,3094,4250,4113,2940,1568,609,124,18169,83,111,137,89,65,42,10,5,0,536,25,67,177,193,184,138,47,23,12,866,428,1339,3402,4528,4357,3119,1625,639,133,19577,26,60,154,234,200,163,97,55,12,1009,885,856,1566,1662,1355,1175,821,753,223,9291,1394,3127,8118,9763,8944,6492,3342,1796,418,43402,0,35,485,509,440,343,161,29,12,2001,0,15,183,300,261,166,55,19,0,992,6,601,2439,2212,1593,1096,479,154,42,8620,47,373,1248,1380,1337,1065,555,194,52,6257,460,1831,3910,4415,4528,3558,1968,810,193,21670,96,118,174,124,88,69,22,7,0,697,25,70,150,172,170,178,82,39,3,885,578,2025,4233,4709,4787,3800,2071,855,196,23250,10,97,242,246,254,232,174,99,39,1390
505,0,28,583,1055,1118,665,246,87,14,3802,0,26,337,538,497,305,90,33,4,1837,14,1561,4997,4588,3834,2302,789,351,65,18499,97,827,2039,2696,2879,2336,1074,460,89,12490,648,2590,6905,8712,8305,5837,3274,1447,294,38013,184,268,282,163,123,99,32,25,3,1184,51,183,332,379,360,298,134,68,10,1813,885,3044,7522,9251,8794,6231,3433,1544,301,41008,44,142,396,491,458,373,221,130,37,2304,1876,1425,2508,2816,2472,1955,1587,1470,484,16602,2917,7061,18391,21442,20048,14175,7437,4074,1003,96534,0,64,1322,1714,1543,985,406,144,22,6198,0,48,451,796,630,448,166,48,10,2581,11,1722,6701,6359,4598,3137,1322,465,118,24433,92,973,2842,3409,3262,2832,1463,598,155,15630,1018,3837,8785,9361,9540,6929,3982,1902,497,45854,234,272,378,253,183,121,59,23,5,1526,41,151,325,400,313,329,172,86,20,1842,1288,4266,9480,10013,10041,7380,4209,2006,525,49223,56,244,574,627,572,556,395,240,101,3360
506,0,46,687,1052,921,659,231,71,15,3690,3,39,309,384,392,247,79,33,4,1479,14,1628,4664,3390,2794,1924,661,296,69,15436,140,1163,1757,1880,2138,1798,807,383,76,10132,621,2387,5930,7025,7152,5756,2934,1337,258,33397,167,275,286,147,134,85,38,20,0,1153,50,135,303,330,311,258,97,50,4,1539,842,2788,6519,7501,7593,6095,3069,1404,270,36089,43,147,339,378,374,334,194,111,35,1953,1781,1822,2899,2720,2456,2110,1480,1513,528,17323,2832,7643,17179,17298,16666,13164,6520,3808,989,86096,0,128,1919,1721,1269,901,413,99,26,6474,0,53,454,533,506,375,136,32,4,2091,13,1956,7181,4982,3459,2508,1070,374,103,21650,115,1280,2814,2454,2354,2186,1151,424,105,12878,1011,3714,7684,7402,7769,6660,3737,1741,428,40146,251,245,390,235,149,121,45,31,6,1471,55,153,320,301,310,305,179,58,14,1696,1312,4116,8390,7938,8231,7082,3958,1827,448,43317,42,224,550,501,469,454,366,211,77,2898
507,0,35,364,860,993,699,239,73,10,3266,0,17,184,342,378,174,75,24,6,1199,13,1013,3062,3076,2815,1701,644,296,53,12672,82,552,1217,1827,1968,1497,690,358,73,8260,478,1842,5279,6371,5738,4090,2542,1193,217,27756,124,273,179,144,87,66,32,23,0,920,48,134,214,257,267,197,94,53,10,1279,651,2250,5674,6768,6090,4358,2664,1271,229,29949,42,121,301,377,358,280,189,116,23,1815,1381,1194,2183,2362,2154,1621,1406,1312,429,14056,2170,5189,12982,15607,14758,10332,5912,3455,820,71219,0,50,756,1180,1230,943,418,114,10,4703,0,29,303,485,469,342,126,40,8,1805,7,1260,4455,4025,3238,2348,970,383,114,16806,68,583,1764,2430,2252,1854,934,474,121,10474,655,2794,6569,6969,6978,4938,2972,1504,349,33728,227,241,273,177,134,104,47,13,0,1217,50,113,234,282,264,231,131,69,20,1392,939,3146,7073,7429,7366,5275,3142,1587,371,36331,48,142,393,464,405,406,293,204,67,2422
509,0,0,18,80,104,105,54,24,4,401,0,3,40,61,83,45,17,5,0,268,0,131,510,577,543,353,157,62,10,2344,5,79,301,397,621,521,245,103,12,2285,221,665,1646,2237,2207,1739,980,333,62,10085,94,85,81,64,51,29,26,13,0,440,27,47,82,118,129,102,35,15,3,559,337,794,1811,2419,2386,1866,1040,360,66,11086,15,12,78,80,113,110,78,29,10,526,468,307,650,882,927,843,705,622,173,5576,826,1341,3404,4506,4787,3846,2293,1208,271,22480,0,0,39,103,130,137,80,31,10,532,0,0,28,74,94,87,29,8,3,323,0,91,548,689,592,521,251,95,23,2801,7,59,256,475,595,677,371,118,21,2578,270,949,1989,2275,2610,2173,1318,483,90,12160,116,91,117,66,60,41,29,7,3,528,13,23,73,105,120,135,69,32,3,580,403,1060,2177,2457,2792,2344,1419,526,91,13271,9,20,85,101,148,188,148,80,24,797
510,0,0,73,85,53,40,11,0,0,265,0,3,54,54,51,14,3,0,0,179,0,116,558,446,256,138,16,3,3,1536,3,65,231,302,267,167,38,5,0,1084,86,514,1926,1995,1577,654,176,43,9,6986,30,65,80,49,38,18,9,0,0,287,19,32,86,71,58,32,6,4,0,305,136,612,2091,2118,1676,698,191,47,9,7581,8,22,58,70,74,37,8,3,0,279,531,585,1444,1422,1236,686,251,92,28,6273,677,1410,4514,4502,3611,1784,514,153,45,17202,0,10,155,149,123,64,23,3,0,528,0,4,72,94,68,43,10,0,0,300,0,198,1073,763,413,257,42,12,0,2765,6,84,483,612,526,307,50,7,0,2071,137,1128,3588,3295,2693,1346,262,45,7,12503,43,95,135,92,59,22,6,0,0,455,11,47,99,78,64,55,3,3,0,359,196,1271,3822,3461,2808,1427,271,54,7,13315,6,45,130,137,115,79,26,9,0,549
511,0,3,68,104,113,69,17,3,0,381,0,8,40,66,83,24,8,0,0,229,0,134,642,589,394,216,59,27,3,2065,9,57,310,411,443,302,102,48,4,1692,173,837,2342,2654,2310,1383,671,227,36,10626,68,78,88,75,63,22,10,8,0,406,13,35,77,119,82,62,26,13,0,432,251,945,2509,2846,2458,1468,705,242,36,11466,16,31,79,122,132,98,43,22,3,547,521,517,1106,1269,1015,821,653,422,105,6434,798,1707,4753,5418,4638,2996,1591,761,155,22815,0,11,134,146,111,85,25,8,0,516,0,7,59,91,71,51,17,5,0,307,0,184,704,716,473,301,99,34,8,2519,6,87,330,541,546,428,167,60,4,2182,265,1201,2919,2943,2755,1957,913,308,63,13321,78,108,122,108,72,30,20,4,0,536,9,38,82,98,84,64,35,18,3,426,355,1344,3115,3153,2906,2055,963,322,65,14275,12,43,117,141,139,151,99,49,7,765
597,0,0,0,0,0,0,0,0,0,0,0,0,0,0,0,0,0,0,0,0,0,3,3,3,3,0,0,0,0,12,0,0,7,7,7,0,0,0,0,17,0,7,33,38,21,8,0,0,0,101,0,0,0,0,0,0,0,0,0,4,0,0,0,0,0,0,0,0,0,0,0,11,33,41,21,13,0,0,0,113,0,0,4,4,3,0,0,0,0,12,0,13,13,16,11,3,0,0,0,45,0,21,59,71,42,16,0,0,0,203,0,0,3,0,3,0,0,0,0,3,0,0,0,0,0,0,0,0,0,0,0,0,5,0,3,0,0,0,0,17,0,0,11,6,5,0,0,0,0,31,0,9,40,36,27,8,0,0,0,125,0,3,4,3,0,0,0,0,0,12,0,0,0,0,0,0,0,0,0,8,0,8,47,39,28,10,0,0,0,143,0,4,7,3,5,6,0,0,0,20
599,0,0,11,14,10,7,0,0,0,46,0,0,3,8,0,3,0,0,0,15,0,27,102,52,24,19,16,3,0,244,0,18,37,30,27,35,12,0,0,156,8,44,183,136,154,136,73,3,0,743,8,14,8,3,0,3,0,0,0,36,0,3,4,6,14,4,3,0,0,32,11,61,193,145,167,148,81,3,0,817,0,4,11,4,6,11,5,0,0,43,28,66,119,122,85,99,42,12,0,568,38,174,481,372,316,330,152,24,4,1888,0,3,30,26,13,0,5,0,0,81,0,0,4,4,3,3,0,0,0,16,0,41,116,68,40,46,5,0,0,317,0,10,51,39,39,53,25,4,0,222,9,75,222,163,150,196,120,12,0,957,0,5,16,5,4,3,0,0,0,39,0,4,7,13,3,10,3,0,0,37,9,86,242,184,159,204,125,12,4,1027,0,3,18,8,11,20,15,0,0,81
601,0,10,243,535,645,505,215,117,29,2297,0,9,126,276,280,193,55,21,3,962,11,695,2031,1775,1836,1182,461,321,59,8382,7,202,655,993,1140,1026,486,296,61,4871,251,1162,2870,3522,3539,2473,1533,840,154,16340,81,198,169,81,73,51,31,13,3,698,17,84,135,131,188,142,82,31,11,823,351,1446,3173,3735,3794,2657,1646,885,172,17861,17,50,153,164,179,158,130,75,8,939,929,693,1038,1102,1192,1066,973,987,344,8336,1324,3111,7419,8580,9077,6790,3962,2715,680,43659,0,31,497,687,750,674,362,141,33,3171,0,30,181,320,336,268,88,28,10,1251,0,580,2366,2134,1821,1678,712,342,119,9760,15,204,669,1075,1245,1135,692,333,98,5461,288,1592,3410,3608,3828,2963,1923,925,261,18795,113,176,246,106,81,70,42,28,6,877,9,46,91,109,136,165,100,46,13,725,410,1819,3747,3828,4050,3200,2064,995,284,20389,14,40,92,123,137,136,109,61,19,719
602,0,3,74,172,204,216,89,23,3,790,0,9,46,92,103,83,19,15,0,362,7,295,772,765,815,516,206,113,27,3515,4,116,364,535,686,531,246,120,26,2639,160,761,1935,2675,2642,1924,1208,556,123,11981,49,127,118,60,51,46,15,7,0,475,12,34,81,81,92,111,41,16,3,474,224,921,2131,2820,2790,2085,1259,581,130,12931,11,44,95,107,134,117,67,40,4,613,545,354,546,710,743,718,763,741,237,5358,793,1737,4023,5206,5481,4260,2656,1629,431,26215,0,17,138,196,233,256,162,36,14,1057,0,3,66,104,124,109,47,12,5,463,3,225,883,913,825,713,333,121,30,4045,4,124,381,614,684,706,349,159,45,3066,251,1036,2139,2522,2952,2365,1468,698,158,13582,73,108,155,78,71,56,30,10,0,570,10,26,62,69,74,98,69,20,8,434,332,1163,2356,2660,3098,2512,1567,724,172,14593,6,23,63,61,97,102,67,47,10,480
603,0,0,3,34,58,60,40,12,3,209,0,0,7,15,19,34,10,3,0,89,0,24,103,142,179,179,83,22,3,734,0,10,62,108,161,168,80,16,8,613,39,156,447,672,723,597,274,102,15,3023,10,26,23,22,19,17,3,0,0,104,0,16,26,35,28,27,11,8,3,145,48,193,489,726,764,635,287,114,13,3273,0,3,24,27,46,35,26,11,0,177,148,80,166,243,276,264,239,176,28,1622,204,313,863,1296,1504,1381,763,349,55,6715,0,3,7,40,55,87,67,19,3,276,0,0,10,37,25,44,16,0,0,131,0,16,113,177,198,237,151,41,9,949,0,7,66,153,183,217,129,45,5,810,50,203,506,752,791,737,438,151,20,3647,9,21,38,17,22,13,9,0,0,138,3,3,19,22,31,24,21,9,0,125,61,226,564,792,840,777,469,162,20,3914,0,10,14,26,27,43,24,11,4,160
604,0,0,31,49,102,87,37,13,4,307,0,0,19,48,69,49,20,5,0,211,3,91,353,427,482,286,127,73,12,1860,5,44,214,378,432,367,182,86,17,1726,155,683,1827,2353,2310,1601,975,390,62,10359,54,94,86,46,40,34,9,3,3,372,14,33,68,61,71,77,46,11,3,377,222,809,1978,2463,2425,1708,1030,402,71,11114,4,32,60,109,82,88,56,24,3,449,422,170,392,535,582,579,626,594,182,4086,659,1145,3049,4000,4164,3161,2087,1194,283,19750,0,4,52,76,94,99,73,14,5,425,0,0,28,62,72,69,29,12,0,277,0,89,425,436,477,447,180,86,22,2167,4,39,209,417,533,469,283,104,27,2074,192,943,1902,2287,2538,2035,1240,470,135,11748,66,81,127,65,63,32,22,3,0,459,10,27,55,75,49,88,48,20,3,375,267,1047,2087,2432,2652,2151,1310,501,133,12578,3,13,49,46,86,63,56,26,3,347
697,0,0,0,3,0,0,0,0,0,3,0,0,0,0,0,0,0,0,0,0,0,0,4,4,0,3,0,0,0,8,0,0,0,3,7,0,0,0,0,10,0,0,13,13,7,7,0,0,0,33,0,0,0,0,0,0,0,0,0,0,0,0,0,0,0,0,0,0,0,3,0,0,9,18,7,7,0,0,0,37,0,0,0,5,0,0,0,0,0,0,0,0,0,4,0,0,0,0,0,4,0,0,18,26,14,10,0,0,0,75,0,0,0,0,0,0,0,0,0,0,0,0,0,0,0,0,0,0,0,0,0,0,0,3,0,0,0,0,0,8,0,3,3,0,3,0,0,0,0,13,0,0,6,3,10,4,0,0,0,27,0,0,0,0,0,0,0,0,0,0,0,0,0,0,0,0,0,0,0,0,0,0,6,3,10,4,0,0,0,25,0,0,0,0,0,0,0,0,0,3
699,0,0,0,3,0,0,0,0,0,5,0,0,0,0,0,0,0,0,0,0,0,0,12,9,8,6,0,0,0,36,0,0,8,3,3,0,3,0,0,16,0,9,25,13,11,6,0,0,0,70,0,0,0,0,0,0,0,0,0,3,0,3,0,3,0,0,0,0,0,6,0,8,25,19,11,11,0,0,0,78,0,0,0,0,3,0,0,0,0,3,5,6,8,4,11,5,5,4,3,64,11,19,57,44,35,22,13,4,3,210,0,0,5,0,3,0,0,0,0,12,0,0,0,0,0,0,0,0,0,0,0,0,16,4,3,14,3,0,0,40,0,0,3,4,5,3,4,0,0,23,0,7,27,25,23,8,11,0,0,98,0,0,3,3,0,0,0,0,0,7,0,0,3,0,5,0,0,0,0,7,0,12,31,28,21,15,9,0,0,114,0,0,0,3,0,0,0,0,0,9
701,0,9,130,260,326,249,61,14,0,1049,0,3,89,154,171,83,20,3,0,525,3,208,989,871,779,477,146,34,9,3510,5,121,556,760,634,413,99,28,3,2618,130,819,2415,2593,1994,1382,496,135,15,9995,79,114,125,69,54,25,5,0,0,470,10,46,100,104,97,63,14,4,0,438,223,983,2644,2768,2142,1477,518,141,14,10904,6,44,121,124,109,75,34,21,3,537,740,681,1378,1312,1264,850,435,189,35,6880,976,2043,5905,6247,5427,3626,1315,435,56,26020,0,10,336,350,351,297,111,17,5,1479,0,4,118,154,204,132,35,7,0,654,3,290,1407,1127,806,636,224,51,12,4549,8,165,673,883,754,576,194,44,8,3295,189,1187,2846,2813,2431,1659,694,187,20,12012,83,130,153,79,57,43,9,0,0,560,9,34,84,102,66,71,35,4,0,421,282,1348,3079,2994,2555,1772,743,192,18,12991,14,37,118,107,88,88,42,18,3,508
702,0,0,51,127,106,84,21,0,0,391,0,3,40,64,82,46,7,0,0,245,0,73,392,424,369,210,42,10,0,1521,4,59,258,297,296,183,47,7,0,1146,103,418,1201,1383,1143,680,208,62,9,5210,50,64,99,70,45,17,3,0,0,355,17,19,48,63,60,33,11,0,0,249,173,501,1346,1518,1257,725,219,57,7,5814,8,25,49,62,67,29,12,0,0,254,672,625,1202,1201,942,591,237,96,18,5589,853,1288,3333,3699,3117,1870,582,176,29,14961,0,8,123,135,146,115,38,6,0,567,0,3,53,80,87,77,4,0,0,313,0,96,568,495,383,328,74,5,0,1957,0,58,346,377,355,275,74,18,0,1511,119,537,1495,1510,1355,881,310,58,4,6258,43,91,150,134,85,37,14,6,0,552,11,28,67,76,65,40,24,0,0,316,176,653,1712,1714,1511,953,338,61,4,7130,3,26,50,49,56,44,12,3,0,248
797,0,0,0,0,0,0,0,0,0,0,0,0,0,0,0,0,0,0,0,0,0,0,0,0,0,0,0,0,0,0,0,0,0,4,0,0,0,0,0,8,0,8,5,8,0,0,0,0,0,17,0,0,0,0,0,0,0,0,0,0,0,0,0,0,0,0,0,0,0,0,0,8,7,8,3,0,0,0,0,22,0,4,0,0,0,0,0,0,0,4,0,8,5,5,0,0,0,0,0,16,0,23,12,12,4,0,0,0,0,48,0,0,0,0,0,0,0,0,0,0,0,0,0,0,0,0,0,0,0,0,0,0,3,0,3,0,0,0,0,6,0,0,4,0,0,0,0,0,0,11,0,4,6,3,4,0,0,0,0,22,0,0,0,0,0,0,0,0,0,3,0,0,0,0,0,0,0,0,0,0,0,4,10,8,7,0,0,0,0,30,0,0,0,0,3,0,0,0,0,3
799,0,0,0,3,0,0,0,0,0,9,0,0,3,3,0,3,0,0,0,11,0,10,22,11,6,12,3,0,0,64,0,0,3,0,4,13,6,0,0,27,0,16,54,39,44,92,40,0,0,280,0,3,3,0,3,0,0,0,0,7,0,0,4,5,0,4,0,0,0,13,0,17,58,47,43,99,37,0,0,302,0,0,4,0,4,5,0,0,0,11,10,20,36,25,40,43,12,0,0,181,8,49,126,85,106,168,53,3,0,606,0,3,3,3,0,4,0,0,0,16,0,0,0,0,3,5,3,0,0,19,0,6,18,13,8,11,8,0,0,71,0,7,5,10,8,13,3,0,0,44,3,18,53,29,38,67,42,0,0,245,0,0,4,3,4,0,0,0,0,15,0,0,0,3,4,3,0,0,0,8,3,20,57,36,42,66,41,0,0,267,0,3,4,0,0,3,4,0,0,13
801,0,82,1791,2748,2918,2041,759,353,58,10754,0,37,598,950,1211,751,155,41,8,3746,14,2202,6619,5164,4797,3390,1330,675,158,24354,48,858,1909,2185,2060,1435,615,330,89,9522,242,1493,4158,4092,3551,2713,1617,836,142,18849,142,288,286,119,94,70,41,8,0,1052,48,156,320,248,286,266,112,50,10,1498,435,1937,4766,4458,3933,3053,1773,897,156,21402,33,110,291,318,332,254,124,118,29,1595,1243,1114,1875,1619,1429,1213,871,701,265,10324,1766,6340,17852,17446,16683,12138,5625,3117,755,81707,3,143,3046,3606,3456,2629,1226,458,114,14674,0,60,726,1063,1236,1004,301,47,8,4447,12,2314,8304,6023,4787,3968,1994,789,256,28447,38,768,2448,2700,2415,1774,868,369,102,11480,307,2065,4760,4415,3915,2914,1765,948,246,21335,174,272,292,159,115,92,48,13,6,1177,36,108,246,260,219,271,152,68,9,1367,513,2448,5299,4836,4249,3283,1964,1022,267,23876,31,168,322,357,267,299,233,164,61,1898
897,0,0,0,0,0,0,0,0,0,0,0,0,0,0,0,0,0,0,0,0,0,0,0,0,0,0,0,0,0,0,0,0,0,0,0,0,0,0,0,0,0,0,0,0,0,0,0,0,0,0,0,0,0,0,0,0,0,0,0,0,0,0,0,0,0,0,0,0,0,0,0,0,0,0,0,0,0,0,0,0,0,0,0,0,0,0,0,0,0,0,0,0,0,0,0,0,0,0,0,0,0,0,0,0,0,0,0,0,0,0,0,0,0,0,0,0,0,0,0,0,0,0,0,0,0,0,0,0,0,0,0,0,0,0,0,0,0,0,0,0,0,0,0,0,0,0,0,0,0,0,0,0,0,0,0,0,0,0,0,0,0,0,0,0,0,0,0,0,0,0,0,0,0,0,0,0,0,0,0,0,0,0,0,0,0,0,0,0,0,0,0,0,0,0,0,0,0,0,0,0
899,0,0,5,4,7,3,0,0,0,18,0,0,0,0,0,0,0,0,0,3,0,15,22,13,0,0,0,0,0,52,0,8,3,4,4,4,0,0,0,24,0,9,15,6,6,3,0,0,0,42,0,4,0,0,0,0,0,0,0,6,0,0,0,0,3,0,0,0,0,6,3,8,12,6,11,3,0,0,0,52,0,0,0,0,0,0,0,0,0,3,4,3,14,6,3,3,0,0,0,38,8,34,52,40,26,18,3,7,0,197,0,0,8,11,4,8,3,0,0,29,0,0,3,0,0,0,0,0,0,3,0,11,20,14,3,6,4,0,0,53,0,0,7,3,3,3,0,0,0,16,0,5,8,7,3,7,3,0,0,37,0,0,0,0,0,0,0,0,0,3,0,0,0,0,0,0,0,0,0,3,0,9,10,11,3,8,3,0,0,46,0,0,0,0,4,0,0,0,0,4
901,0,0,0,5,3,4,0,0,0,14,0,0,0,3,0,0,0,0,0,6,0,3,17,23,10,8,0,0,0,65,0,4,8,15,13,6,0,0,0,53,0,7,36,53,55,26,6,0,0,192,0,0,3,0,3,0,0,0,0,11,0,0,4,0,4,3,0,0,0,15,0,12,45,57,63,30,6,0,0,211,0,0,3,4,3,0,0,0,0,16,15,22,30,28,28,30,13,0,0,153,18,41,104,133,121,75,18,3,0,519,0,0,7,4,7,3,0,0,0,23,0,0,0,3,6,0,0,0,0,7,0,9,15,30,13,10,0,0,0,79,0,4,12,18,24,14,0,0,0,67,4,10,34,40,58,42,14,0,0,192,0,0,9,3,0,3,0,0,0,12,0,0,0,0,0,0,0,0,0,5,3,12,39,41,58,43,14,0,0,210,0,0,0,3,3,3,0,0,0,12
997,0,0,0,0,0,0,0,0,0,0,0,0,0,0,0,0,0,0,0,0,0,0,0,0,0,0,0,0,0,0,0,0,0,0,0,0,0,0,0,0,0,0,0,0,0,0,0,0,0,0,0,0,0,0,0,0,0,0,0,0,0,0,0,0,0,0,0,0,0,0,0,0,0,0,0,0,0,0,0,0,0,0,0,0,0,0,0,0,0,0,0,0,0,0,0,0,0,0,0,0,0,0,0,0,0,0,0,0,0,0,0,0,0,0,0,0,0,0,0,0,0,0,0,0,0,0,0,0,0,0,0,0,0,0,0,0,0,0,0,0,0,0,0,0,0,0,0,0,0,0,0,0,0,0,0,0,0,0,0,0,0,0,0,0,0,0,0,0,0,0,0,0,0,0,0,0,0,0,0,0,0,0,0,0,0,0,0,0,0,0,0,0,0,0,0,0,0,0,0,0
999,0,0,0,0,0,0,0,0,0,0,0,0,0,0,0,0,0,0,0,0,0,0,0,0,0,0,0,0,0,3,0,0,0,0,0,0,0,0,0,0,0,0,0,0,0,0,0,0,0,0,0,0,0,0,0,0,0,0,0,0,0,0,0,0,0,0,0,0,0,0,0,0,0,0,0,0,0,0,0,0,0,0,0,0,0,0,0,0,0,0,0,3,4,0,0,0,0,0,0,11,0,8,5,0,0,4,0,0,0,15,0,0,0,0,0,0,0,0,0,0,0,0,0,0,0,0,0,0,0,3,0,0,0,0,0,0,0,0,0,4,0,0,0,0,0,0,0,0,0,0,0,0,0,0,0,0,0,0,0,0,0,0,0,0,0,0,0,0,0,0,0,0,0,0,0,0,0,0,0,0,0,0,0,0,0,0,0,0,0,0,0,0,0,0,0,0,0,0,0,0