SA4_CODE_2016,C16_F_Health_15_19,C16_F_Health_20_24,C16_F_Health_25_34,C16_F_Health_35_44,C16_F_Health_45_54,C16_F_Health_55_64,C16_F_Health_65_74,C16_F_Health_75_84,C16_F_Health_85o,C16_F_Healt_T,C16_F_Educ_15_19,C16_F_Educ_20_24,C16_F_Educ_25_34,C16_F_Educ_35_44,C16_F_Educ_45_54,C16_F_Educ_55_64,C16_F_Educ_65_74,C16_F_Educ_75_84,C16_F_Educ_85o,C16_F_Educ_Tot,C16_F_MngtCom_15_19,C16_F_MngtCom_20_24,C16_F_MngtCom_25_34,C16_F_MngtCom_35_44,C16_F_MngtCom_45_54,C16_F_MngtCom_55_64,C16_F_MngtCom_65_74,C16_F_MngtCom_75_84,C16_F_MngtCom_85o,C16_F_MngtCom_T,C16_F_Soc_cult_15_19,C16_F_Soc_cult_20_24,C16_F_Soc_cult_25_34,C16_F_Soc_cult_35_44,C16_F_Soc_cult_45_54,C16_F_Soc_cult_55_64,C16_F_Soc_cult_65_74,C16_F_Soc_cult_75_84,C16_F_Soc_cult_85o,C16_F_Society_cultur_Tot,C16_F_Creative_art_15_19,C16_F_Creative_art_20_24,C16_F_Creative_art_25_34,C16_F_Creative_art_35_44,C16_F_Creative_art_45_54,C16_F_Creative_art_55_64,C16_F_Creative_art_65_74,C16_F_Creative_art_75_84,C16_F_Creativ_art_85o,C16_F_Creative_arts_Tot,C16_F_FoodHos_PS_15_19,C16_F_FoodHos_PS_20_24,C16_F_FoodHos_PS_25_34,C16_F_FoodHos_PS_35_44,C16_F_FoodHos_PS_45_54,C16_F_FoodHos_PS_55_64,C16_F_FoodHos_PS_65_74,C16_F_FoodHos_PS_75_84,C16_F_FoodHos_PS_85o,C16_F_FoodHos_PS_T,C16_F_MixFld_pr_15_19,C16_F_MixFld_pr_20_24,C16_F_MixFld_pr_25_34,C16_F_MixFld_pr_35_44,C16_F_MixFld_pr_45_54,C16_F_MixFld_pr_55_64,C16_F_MixFld_pr_65_74,C16_F_MixFld_pr_75_84,C16_F_MixFld_pr_85_ov,C16_F_MixFld_pr_Tot,C16_F_FldStu_ID_15_19,C16_F_FldStu_ID_20_24,C16_F_FldStu_ID_25_34,C16_F_FldStu_ID_35_44,C16_F_FldStu_ID_45_54,C16_F_FldStu_ID_55_64,C16_F_FldStu_ID_65_74,C16_F_FldStu_ID_75_84,C16_F_FldStu_ID_85o,C16_F_FldStu_ID_Tot,C16_F_FldStu_NS_15_19,C16_F_FldStu_NS_20_24,C16_F_FldStu_NS_25_34,C16_F_FldStu_NS_35_44,C16_F_FldStu_NS_45_54,C16_F_FldStu_NS_55_64,C16_F_FldStu_NS_65_74,C16_F_FldStu_NS_75_84,C16_F_FldStu_NS_85o,C16_F_FldStu_NS_T,C16_F_Tot_15_19,C16_F_Tot_20_24,C16_F_Tot_25_34,C16_F_Tot_35_44,C16_F_Tot_45_54,C16_F_Tot_55_64,C16_F_Tot_65_74,C16_F_Tot_75_84,C16_F_Tot_85o,C16_F_T_T,C06_P_NatPhy_sci_15_19,C06_P_NatPhy_sci_20_24,C06_P_NatPhy_sci_25_34,C06_P_NatPhy_sci_35_44,C06_P_NatPhy_sci_45_54,C06_P_NatPhy_sci_55_64,C06_P_NatPhy_sci_65_74,C06_P_NatPhy_sci_75_84,C06_P_NatPhy_sci_85_ov,C06_P_NatPhy_sci_Tot,C06_P_InfTec_15_19,C06_P_InfTec_20_24,C06_P_InfTec_25_34,C06_P_InfTec_35_44,C06_P_InfTec_45_54,C06_P_InfTec_55_64,C06_P_InfTec_65_74,C06_P_InfTec_75_84,C06_P_InfTec_85_ov,C06_P_InfTec_Tot,C06_P_EngRT_15_19,C06_P_EngRT_20_24,C06_P_EngRT_25_34,C06_P_EngRT_35_44,C06_P_EngRT_45_54,C06_P_EngRT_55_64,C06_P_EngRT_65_74,C06_P_EngRT_75_84,C06_P_EngRT_85_ov,C06_P_EngRT_Tot,C06_P_ArchBuild_15_19,C06_P_ArchBuild_20_24,C06_P_ArchBuild_25_34,C06_P_ArchBuild_35_44,C06_P_ArchBuild_45_54,C06_P_ArchBuild_55_64,C06_P_ArchBuild_65_74,C06_P_ArchBuild_75_84,C06_P_ArchBuild_85o,C06_P_Arch_building_Tot,C06_P_AgEnv_RS_15_19,C06_P_AgEnv_RS_20_24,C06_P_AgEnv_RS_25_34,C06_P_AgEnv_RS_35_44,C06_P_AgEnv_RS_45_54,C06_P_AgEnv_RS_55_64,C06_P_AgEnv_RS_65_74,C06_P_AgEnv_RS_75_84,C06_P_AgEnv_RS_85o,C06_P_AgEnv_RS_Tot,C06_P_Health_15_19,C06_P_Health_20_24,C06_P_Health_25_34,C06_P_Health_35_44,C06_P_Health_45_54,C06_P_Health_55_64,C06_P_Health_65_74,C06_P_Health_75_84,C06_P_Health_85o,C06_P_Healt_To,C06_P_Educ_15_19,C06_P_Educ_20_24,C06_P_Educ_25_34,C06_P_Educ_35_44,C06_P_Educ_45_54,C06_P_Educ_55_64,C06_P_Educ_65_74,C06_P_Educ_75_84,C06_P_Educ_85o,C06_P_Educ_Tot,C06_P_MngtCom_15_19,C06_P_MngtCom_20_24,C06_P_MngtCom_25_34,C06_P_MngtCom_35_44,C06_P_MngtCom_45_54,C06_P_MngtCom_55_64,C06_P_MngtCom_65_74,C06_P_MngtCom_75_84,C06_P_MngtCom_85o,C06_P_MngtCom_Tot,C06_P_Soc_cult_15_19,C06_P_Soc_cult_20_24,C06_P_Soc_cult_25_34,C06_P_Soc_cult_35_44,C06_P_Soc_cult_45_54,C06_P_Soc_cult_55_64,C06_P_Soc_cult_65_74,C06_P_Soc_cult_75_84,C06_P_Soc_cult_85o,C06_P_Society_cultur_Tot,C06_P_Creative_art_15_19,C06_P_Creative_art_20_24,C06_P_Creative_art_25_34,C06_P_Creative_art_35_44,C06_P_Creative_art_45_54,C06_P_Creative_art_55_64,C06_P_Creative_art_65_74,C06_P_Creative_art_75_84,C06_P_Creative_arts_85o,C06_P_Creative_arts_Tot
101,32,268,1032,1137,1570,1948,1086,492,152,7711,10,167,845,1046,1171,1502,1039,355,89,6219,103,526,1783,2294,2580,2029,1228,371,124,11047,97,464,1422,1721,1880,1678,815,177,31,8282,8,102,373,384,335,304,188,76,24,1796,124,381,813,691,564,402,281,61,20,3339,6,7,7,12,20,16,29,34,11,139,7,22,79,121,147,106,62,20,11,573,753,444,984,1069,1380,1469,1540,1295,941,9874,1182,2625,8037,9423,10580,10188,6702,3040,1481,53261,0,73,307,431,472,384,162,72,6,1911,29,163,340,405,334,145,32,6,0,1454,91,514,1692,2748,2784,2524,1686,758,129,12935,56,311,809,1220,1388,979,620,273,47,5700,45,220,696,852,780,519,267,130,20,3526,32,182,779,1465,2110,1378,760,374,100,7170,15,109,708,1072,1902,1488,615,219,55,6181,168,802,2156,2856,2533,1831,796,399,102,11651,77,424,1414,1835,1642,1284,467,194,22,7363,19,128,401,460,403,308,143,81,23,1961
102,123,567,2128,2290,2653,2537,1411,601,198,12508,27,295,1634,1728,1627,1900,1177,503,133,9014,214,1048,3104,3902,3619,3015,2155,780,332,18169,227,942,2392,2580,2472,1908,897,224,57,11700,60,272,651,654,460,337,215,104,29,2784,234,631,1445,1189,1020,656,520,159,72,5923,18,12,13,15,26,25,59,59,25,242,9,40,78,131,151,109,72,30,20,640,759,624,1089,1294,1516,1535,1915,2019,1753,12504,1707,4681,13274,14744,14517,12811,8857,4732,2719,78043,4,105,350,405,376,254,168,113,17,1781,67,299,521,568,401,142,31,8,3,2035,158,754,2702,4311,4506,3580,2662,1874,395,20942,116,590,1739,2143,1865,1341,931,561,94,9381,60,192,555,512,416,188,127,60,9,2124,79,498,1850,2516,2854,1540,888,531,136,10899,13,261,1313,1631,2546,1518,834,406,87,8618,327,1675,3818,4382,4035,2894,1503,988,214,19844,153,722,1847,1882,1785,1132,515,298,61,8389,55,323,702,624,469,356,204,127,28,2888
103,79,421,1358,1260,1433,1604,960,443,181,7741,31,235,1071,1207,1111,1307,789,302,106,6169,114,568,1752,1966,2078,1549,901,302,105,9331,116,508,1334,1318,1239,964,445,118,25,6073,21,88,309,295,225,155,134,40,9,1282,151,395,785,646,477,255,162,45,29,2958,15,11,8,13,15,14,23,24,5,129,7,16,51,64,79,59,48,16,7,347,844,568,991,1105,1346,1370,1518,1255,666,9667,1428,3015,8280,8548,8621,7740,5290,2676,1178,46789,0,45,203,253,264,213,65,20,7,1078,47,150,185,228,169,94,28,0,0,906,153,711,2133,2814,2670,2027,1148,546,99,12289,74,285,817,785,818,584,376,159,24,3914,70,275,783,916,825,661,325,114,21,3982,49,311,978,1487,1886,1224,609,317,81,6940,15,180,1000,1139,1767,1193,478,217,54,6045,202,906,2028,2364,2044,1435,562,242,69,9853,76,429,1028,1087,1008,727,255,109,28,4738,36,143,300,257,230,213,90,48,19,1336
104,38,214,715,877,1083,1358,731,303,89,5413,7,113,557,685,777,1060,645,218,58,4126,88,379,1064,1323,1428,1412,837,310,113,6955,56,272,773,933,1145,1119,455,108,23,4889,5,59,177,218,196,165,113,38,14,973,107,221,489,443,388,302,184,56,35,2220,8,3,10,5,4,11,22,20,13,99,6,5,32,59,66,56,34,8,11,268,456,264,543,602,817,922,935,915,683,6130,789,1612,4667,5560,6297,6740,4145,2064,1071,32938,0,24,107,151,189,145,64,30,9,714,25,86,131,128,155,71,19,3,0,621,58,254,799,1529,1838,1634,1137,618,115,7976,27,147,463,735,1048,661,417,207,46,3743,23,84,314,392,327,182,104,52,10,1479,27,111,561,1051,1512,837,447,240,58,4829,9,95,420,744,1402,908,442,165,47,4228,156,546,1128,1478,1652,1178,539,287,68,7033,54,220,617,945,1022,674,202,80,9,3828,16,75,223,270,270,185,69,31,3,1143
105,38,272,863,669,771,869,440,201,70,4197,15,142,739,695,617,582,301,114,38,3235,41,290,988,955,1008,756,344,125,33,4538,58,264,798,653,680,540,182,34,14,3222,0,43,105,80,67,65,41,9,3,418,54,185,386,284,243,150,119,25,9,1464,4,7,9,3,6,10,13,16,3,70,3,8,39,33,37,23,8,8,0,161,447,376,811,737,881,907,853,784,437,6230,687,1691,5068,4418,4605,4095,2396,1363,629,24951,0,26,113,109,96,72,24,6,0,442,11,74,96,101,87,37,11,4,0,418,94,369,1036,1341,1408,966,568,262,45,6083,13,122,358,440,459,333,209,86,15,2042,50,210,536,595,464,328,134,60,13,2378,16,173,615,873,1061,623,332,133,48,3871,10,201,766,714,861,490,196,84,17,3342,100,411,1112,1247,1050,617,245,111,21,4909,48,202,594,609,494,280,105,40,7,2374,4,46,106,114,97,76,28,22,3,493
106,94,463,1653,1688,1875,1925,1087,418,130,9333,20,205,1130,1205,1130,1309,716,281,87,6089,223,1071,3019,3027,2681,2028,1228,328,124,13723,139,665,1690,1620,1488,1166,520,110,27,7422,19,132,325,330,236,207,140,60,18,1466,171,634,1305,1000,743,417,321,71,22,4694,9,9,22,15,19,36,27,22,16,170,4,28,61,85,98,52,48,20,12,410,783,526,1228,1158,1335,1421,1528,1288,831,10105,1513,4012,11297,11000,10462,9106,5902,2720,1326,57336,6,53,230,301,333,222,67,44,3,1258,61,165,260,285,276,115,18,6,0,1173,206,1207,3775,5007,4405,3196,1778,863,147,20582,51,333,882,1119,1048,854,524,239,32,5086,64,247,613,552,411,241,117,38,8,2285,54,353,1151,1756,2164,1286,610,258,72,7702,10,173,858,1042,1732,1089,498,212,44,5650,292,1228,2805,2819,2387,1705,696,342,63,12343,96,417,1131,1108,1124,711,302,97,21,5014,17,142,301,263,260,217,101,52,8,1375
107,86,669,2217,2024,2000,1856,882,374,116,10226,43,375,1696,1791,1602,2046,1090,410,91,9146,194,1274,3410,3591,3281,2473,1338,474,198,16232,156,1055,2544,2484,2363,1696,772,202,41,11312,31,339,678,599,439,299,183,92,24,2694,185,596,1151,961,799,479,289,86,37,4587,15,32,16,10,17,30,43,32,23,218,14,57,112,153,120,91,57,22,7,636,677,622,1093,1038,1183,1264,1403,1388,1038,9693,1432,5390,14059,13844,12771,10920,6418,3267,1655,69760,3,205,596,525,552,365,150,54,12,2466,48,485,835,551,375,120,24,9,3,2447,126,1055,4020,5272,5315,3823,2340,1272,247,23464,77,538,1518,1610,1279,914,691,358,68,7055,37,161,459,438,267,122,50,26,6,1576,56,491,1739,2128,2263,1101,578,285,72,8711,13,373,1490,1699,2828,1588,606,258,70,8920,333,1901,4052,3961,3342,1931,853,444,96,16919,136,967,2174,2056,1921,1054,416,153,37,8914,52,389,686,649,478,252,115,53,19,2702
108,57,291,1012,1183,1723,2151,1271,549,160,8383,23,147,741,921,1072,1514,1025,431,102,5966,126,542,1404,1775,2144,2194,1692,593,200,10669,93,399,1170,1429,1498,1407,662,168,35,6861,14,55,165,238,240,224,174,78,29,1217,122,315,694,704,605,494,370,109,48,3462,18,15,13,11,14,20,37,44,23,187,4,16,35,58,58,85,64,17,10,346,693,385,746,847,1197,1471,1872,1698,1299,10202,1182,2263,6272,7669,9165,10147,7544,3888,1989,50117,4,15,101,164,209,227,130,63,10,922,26,123,159,226,236,127,22,4,0,929,101,378,1238,2246,2710,2772,2272,1377,218,13311,53,247,787,1192,1388,1069,780,406,66,5988,44,132,352,544,476,277,154,77,19,2059,42,191,786,1528,2196,1367,764,401,86,7355,3,109,610,1017,1918,1395,758,325,58,6188,227,717,1505,2111,2214,1949,1046,627,119,10516,75,328,850,1111,1158,780,364,168,35,4874,11,87,233,280,309,229,150,79,18,1413
109,33,247,828,718,791,995,575,241,79,4503,9,133,602,610,606,714,400,164,42,3289,45,353,1071,1089,1049,785,393,152,67,4990,56,269,685,766,778,631,301,61,5,3544,8,46,142,118,99,68,53,30,5,577,87,233,512,403,338,242,157,56,12,2042,11,8,5,5,10,15,14,21,10,97,3,4,34,44,43,29,17,15,3,196,376,307,571,602,682,831,848,820,455,5481,652,1730,4821,4777,4743,4548,2887,1629,705,26493,0,26,136,116,119,69,29,12,0,506,28,72,152,115,90,53,12,3,0,531,60,423,1197,1456,1481,1086,644,337,57,6739,41,178,420,493,594,377,247,116,17,2472,49,224,571,601,491,278,122,53,15,2422,13,189,621,832,1142,650,349,188,47,4035,0,111,497,634,968,600,283,97,33,3214,87,517,1242,1275,1109,682,312,169,35,5424,39,251,634,615,637,406,105,46,9,2725,15,84,161,134,125,87,47,20,7,680
110,75,339,1205,1049,1286,1497,861,360,144,6810,22,192,879,1054,1057,1108,706,281,68,5366,101,506,1487,1656,1698,1389,804,232,97,7968,112,449,1200,1230,1151,1025,474,114,20,5779,19,58,217,184,177,114,97,53,14,941,103,299,643,428,380,264,122,30,14,2281,17,13,15,10,15,11,30,22,4,141,5,17,31,63,73,58,41,12,4,298,749,569,994,1031,1289,1344,1358,1150,663,9145,1248,2663,7283,7329,7703,7204,4747,2356,1062,41584,5,66,225,274,273,227,85,54,12,1216,43,129,176,178,137,72,20,4,0,761,145,587,1520,1923,2009,1584,909,381,78,9147,42,182,527,720,748,550,364,129,26,3286,79,320,836,888,696,603,298,103,25,3856,39,238,826,1347,1703,1057,595,285,90,6173,19,194,900,1138,1591,1121,476,180,57,5679,216,801,1800,2072,1913,1311,458,214,61,8851,63,359,1013,1124,1109,767,256,106,21,4822,21,125,253,237,207,160,76,49,10,1132
111,118,900,3587,3077,3083,2988,1492,668,230,16145,29,399,1960,2162,1877,2436,1481,607,168,11125,275,1427,4281,4317,3838,2989,1850,670,244,19881,230,1096,2863,2842,2461,1989,940,289,54,12760,50,439,981,716,494,348,216,91,21,3368,230,669,1425,1112,925,534,389,101,57,5449,23,30,9,13,16,20,26,40,23,200,12,50,130,187,192,135,71,39,14,828,566,634,1152,1081,1285,1419,1595,1809,1936,11483,1565,6048,17803,16892,15284,13690,8518,4527,2857,87184,13,303,733,661,673,482,192,93,12,3173,71,413,713,551,388,158,31,6,0,2340,153,1343,4574,6113,6106,5060,3128,1985,366,28827,69,676,1747,1986,1724,1301,906,540,95,9048,26,198,565,464,359,200,90,48,8,1953,68,748,2664,3312,3672,1948,1006,542,143,14109,23,318,1812,2033,3411,2182,1109,495,113,11484,432,2239,4708,4350,4179,2883,1199,660,168,20811,137,963,2630,2409,2275,1443,634,276,50,10819,67,599,959,617,514,325,155,108,21,3369
112,58,337,1370,1803,2036,2533,1281,563,205,10197,29,182,1007,1368,1499,2008,1145,405,129,7765,118,576,1724,2263,2382,2186,1303,459,185,11203,100,421,1393,1897,2018,1937,839,197,48,8857,20,137,533,722,627,460,231,81,26,2835,145,414,889,787,741,499,323,97,53,3951,13,17,10,8,26,26,33,55,22,209,5,25,77,138,131,106,63,34,15,593,798,487,1072,1313,1592,1855,1630,1517,1233,11505,1334,2738,8559,11095,11838,12283,7217,3586,2005,60654,3,50,230,336,386,290,120,61,11,1485,46,137,222,331,259,108,29,7,0,1142,101,441,1351,2401,2951,2438,1728,1079,206,12689,64,258,921,1454,1629,1061,673,339,58,6465,59,225,586,679,613,341,108,56,20,2687,24,256,1140,2007,2975,1502,797,399,114,9220,12,150,863,1514,2682,1732,797,335,85,8180,204,953,2088,2656,2696,1829,879,532,105,11943,74,417,1266,1674,1953,1190,411,164,30,7187,29,261,716,734,721,396,160,78,30,3126
113,64,391,1123,999,1016,1049,598,311,118,5655,17,177,830,893,818,857,463,202,56,4308,91,495,1505,1490,1514,1193,618,185,78,7168,62,349,1017,898,883,664,275,81,12,4247,13,81,209,144,106,79,46,24,9,711,92,347,661,439,336,217,131,35,13,2269,9,16,16,12,13,13,22,22,7,125,8,18,72,55,61,47,25,10,3,295,562,396,750,787,860,1043,967,885,598,6850,956,2481,6749,6213,6034,5468,3280,1813,929,33927,6,83,254,210,203,116,40,23,3,947,31,128,179,134,122,55,8,0,0,656,130,711,1692,1973,1801,1281,639,304,58,8595,81,225,596,636,682,417,274,107,21,3043,60,274,713,727,620,416,208,79,18,3117,35,236,821,1031,1232,748,417,222,46,4791,16,156,857,982,1308,750,322,142,30,4574,197,890,1874,1906,1631,951,325,182,47,8001,55,328,882,817,727,390,140,67,13,3416,10,156,209,192,139,92,40,26,12,880
114,36,205,741,841,1050,1341,870,417,103,5610,13,98,518,705,792,1124,924,341,73,4589,82,374,1093,1344,1415,1490,1263,470,141,7657,62,339,802,1027,1161,1101,681,198,46,5418,10,77,205,259,289,237,192,87,25,1386,82,256,530,468,425,308,248,68,41,2432,10,10,11,3,7,10,23,22,8,96,7,18,44,64,65,81,68,22,12,376,406,282,516,572,789,961,1162,1040,736,6465,727,1756,4811,5691,6497,7120,5767,2822,1242,36440,4,24,102,213,220,210,130,73,12,985,13,67,107,163,129,98,22,0,0,601,72,398,1294,1976,2193,1998,1664,935,169,10697,41,234,638,841,920,703,555,249,52,4223,29,117,283,375,288,166,123,48,14,1437,22,127,501,1071,1361,939,617,297,46,4990,7,87,456,756,1393,1059,551,231,41,4571,114,466,1106,1580,1597,1538,887,436,87,7808,34,215,676,932,982,779,418,177,24,4242,15,78,210,295,265,244,143,62,16,1335
115,45,422,1219,1533,1771,1484,852,368,115,7809,12,306,1091,1527,1546,1695,986,345,97,7597,88,863,3059,4755,4058,2653,1499,419,178,17576,92,632,1469,1946,1743,1273,563,141,44,7914,45,389,613,620,457,215,144,57,15,2559,103,296,622,704,616,329,228,62,22,2974,3,0,6,6,8,18,18,11,3,88,3,49,124,209,188,123,79,31,3,813,383,246,549,710,771,641,630,511,669,5107,814,3518,9794,13891,12785,9411,5422,2094,1230,58960,0,213,519,837,939,570,177,78,15,3350,52,375,826,1113,701,213,27,3,0,3313,63,559,2193,3823,3992,3102,1274,618,133,15757,52,356,1069,1431,1063,786,379,123,32,5298,18,151,398,411,317,205,71,32,12,1603,23,384,1181,1894,2090,1315,548,255,87,7789,5,249,1158,1640,2465,1536,536,222,75,7886,252,1577,4139,5791,5387,3515,962,428,135,22193,79,732,1526,1733,1823,1007,325,157,41,7423,62,462,732,556,413,273,111,51,22,2676
116,77,676,2691,2329,1673,1335,529,170,55,9536,47,450,1769,1748,1284,959,607,175,64,7111,194,1400,5991,5677,3696,2391,895,188,44,20482,142,1015,2867,2709,2087,1237,403,92,16,10562,34,340,773,506,280,133,62,20,8,2168,181,510,1346,936,582,332,174,27,13,4106,13,27,28,22,34,47,48,25,11,257,14,73,329,390,248,143,60,19,4,1278,770,684,1689,1552,1351,1221,1103,743,402,9516,1510,5720,20109,18318,12671,8611,4196,1583,650,73359,10,182,694,790,539,236,62,12,3,2527,60,691,1803,987,428,126,10,3,0,4112,138,868,3775,5093,4314,2674,1194,464,70,18598,62,420,1301,1118,824,611,300,143,21,4797,25,121,379,350,223,99,47,18,3,1261,42,468,1704,1738,1692,696,228,99,31,6707,8,280,1506,1395,1379,836,293,149,44,5885,334,2083,5959,4937,3656,1767,444,173,35,19388,124,851,2137,1764,1372,649,221,64,18,7204,68,460,736,441,255,136,54,19,5,2174
117,27,601,3184,1654,1171,907,542,229,70,8382,27,281,1562,1074,942,973,670,187,54,5755,133,3580,11065,5899,2968,1609,708,172,80,26210,58,1674,6427,3669,2216,1707,855,242,46,16894,76,1381,4835,2096,1140,545,235,82,29,10432,71,542,1400,727,462,276,141,41,11,3666,81,120,58,24,31,33,30,15,3,394,13,186,611,404,266,170,77,40,5,1770,744,2280,5388,2539,1638,1463,1036,796,552,16430,1273,11940,38837,20304,12066,8369,4624,2001,900,100317,18,516,1864,1078,587,364,127,52,7,4613,47,857,2864,1168,431,107,18,7,11,5509,43,770,3162,2389,1694,1314,792,398,80,10632,20,282,1520,1264,692,429,241,94,21,4569,6,88,421,294,159,78,38,16,3,1103,18,472,2680,1906,1283,765,350,201,49,7712,12,229,1427,1380,1332,959,356,153,48,5899,188,3526,11301,5803,2835,1414,408,206,72,25749,47,1497,6853,4333,2740,1620,544,180,53,17865,90,1632,4833,2564,1127,414,166,58,17,10900
118,10,371,2780,1950,1556,1373,906,487,183,9625,23,194,1275,1198,1170,1423,1004,410,168,6859,65,1572,6730,5333,3619,1931,1197,462,279,21191,32,841,4181,3534,2567,1809,1136,355,114,14572,42,721,3041,1916,1153,550,284,121,51,7885,42,232,808,612,509,273,267,85,52,2871,30,29,17,4,14,17,32,27,16,176,7,111,329,357,300,197,126,44,23,1493,492,1006,2947,1906,1471,1218,1181,1042,941,12207,765,5905,24590,18614,13619,9608,6688,3262,1943,84988,22,420,1395,996,680,553,242,115,29,4454,28,559,1710,929,460,159,19,9,3,3876,45,816,2729,2223,1970,1780,1119,817,252,11749,16,339,1493,1318,909,684,338,171,45,5307,0,99,400,280,150,110,70,30,8,1145,12,510,2686,2404,2145,1522,934,604,185,11008,5,214,1404,1451,1864,1376,600,362,121,7387,137,2379,9751,7075,3977,2580,978,622,211,27705,51,1126,5590,4331,3166,2378,807,413,120,17990,61,970,3522,2223,1039,519,237,135,54,8759
119,84,1102,4249,2697,2194,1855,892,469,174,13709,52,849,3008,2543,2308,2003,1106,466,168,12504,233,3030,12567,9334,6829,3964,1817,608,345,38733,175,1635,5133,4417,3250,2146,805,204,56,17816,63,769,1778,1203,735,354,172,75,24,5180,191,684,2115,1781,1184,622,371,114,65,7120,35,52,79,49,69,93,81,64,34,547,14,129,426,457,353,226,97,55,7,1754,1097,1404,3413,2576,2490,2132,1803,1809,1687,18409,2002,10608,36414,28013,21760,14758,7734,4335,2709,128323,19,464,1478,1612,1013,498,217,94,16,5418,106,1363,4114,2184,827,207,34,6,3,8845,162,1317,5883,7347,6490,4720,3066,2191,506,31689,115,732,2336,2115,1551,1157,821,471,113,9414,16,125,386,427,302,156,72,31,12,1533,46,761,2925,2875,2464,1348,797,442,127,11779,21,529,2341,2637,2919,1773,865,363,114,11557,544,4682,12954,10311,6523,3578,1377,996,270,41234,164,1575,4614,3759,2811,1501,551,240,60,15277,70,835,1712,1156,718,387,199,125,36,5239
120,28,567,2840,1880,1754,1470,809,327,140,9817,9,306,1508,1481,1554,1638,1054,357,136,8045,76,1910,7887,6070,4400,2467,1066,336,182,24389,46,898,3509,3492,2707,1921,1029,254,67,13919,39,711,2130,1622,1079,537,195,79,26,6425,62,323,934,713,566,314,192,61,22,3185,27,46,32,20,32,45,41,25,14,285,9,101,342,360,302,192,82,36,17,1446,386,858,2317,1688,1348,1184,884,710,609,9979,705,6363,24487,19620,15430,10762,5813,2405,1312,86895,5,311,1318,1301,890,526,159,77,14,4606,25,806,2748,1416,571,159,29,5,3,5755,44,562,2881,3315,2644,1960,1131,696,192,13429,13,260,1296,1307,939,695,360,171,51,5098,4,60,334,283,191,102,35,14,3,1025,17,460,2385,2523,2189,1325,622,355,89,9967,9,224,1574,1836,2267,1551,581,253,104,8396,177,2652,9659,7644,4368,2258,701,413,154,28021,38,930,4501,4195,3201,1968,548,244,64,15690,57,810,2527,1891,964,432,129,64,28,6901
121,51,623,3318,3219,3261,2832,1971,1178,518,16959,11,291,1749,2062,2285,2624,2216,1027,331,12608,86,1513,8478,9917,7863,4562,2980,1136,601,37133,57,972,4164,4981,4467,3233,2078,803,272,21018,59,728,2327,2034,1448,824,419,227,112,8182,86,302,821,780,718,362,297,104,44,3527,13,17,19,15,23,34,18,21,20,185,12,115,346,533,448,298,225,85,42,2107,526,632,2027,1774,1520,1245,1133,988,1232,11076,926,5813,26684,29392,25227,17935,12342,6051,3382,127746,6,496,1738,1962,1846,1479,665,398,98,8693,31,723,3175,2603,1407,433,77,16,7,8468,44,649,3474,4290,4005,3560,2186,1547,380,20126,18,285,1367,1583,1383,1073,612,350,78,6750,6,145,582,462,358,269,156,83,21,2087,28,689,3099,3883,4252,3158,1867,1268,369,18614,15,295,1939,2469,3620,3036,1486,682,270,13820,214,3488,12514,13547,10525,7293,2912,1811,638,52947,101,1467,6003,6430,5828,4264,1876,976,250,27199,93,1280,2971,2105,1444,889,405,281,95,9562
122,29,303,1588,1825,1875,1586,993,611,229,9036,15,215,1224,1598,1585,1730,1128,542,162,8192,68,764,3749,5314,4697,2681,1859,775,407,20315,49,561,2056,2786,2347,1507,935,276,97,10615,30,434,1316,1375,963,471,244,104,56,5002,81,253,722,765,770,403,322,117,48,3481,10,5,9,13,13,5,13,20,19,111,10,33,163,256,256,105,78,31,16,954,394,381,998,1111,1004,856,929,891,1111,7671,701,3194,12985,16727,14986,10277,6956,3585,2231,71635,9,155,762,930,814,592,204,115,22,3603,37,271,951,1010,587,222,44,3,3,3129,34,489,2467,3485,3003,2582,1761,1133,274,15217,26,350,1605,1787,1274,963,625,313,86,7020,4,130,555,460,308,155,111,44,19,1782,20,298,1621,2149,2048,1300,876,560,159,9028,7,167,1376,1730,2205,1597,820,385,114,8396,183,1604,6195,7472,5125,3847,1784,1026,284,27517,102,694,2848,2965,2313,1589,627,347,71,11552,59,646,1717,1384,887,452,199,152,52,5547
123,119,549,1709,1650,1444,1184,595,168,50,7476,36,380,1628,1542,1204,1182,524,156,35,6694,176,1165,3703,3532,2798,2080,908,221,60,14640,170,1007,2494,2253,1734,1105,389,68,22,9235,33,251,539,327,216,147,75,16,10,1629,162,510,1196,775,538,339,194,42,13,3760,14,16,9,36,19,31,35,24,3,193,9,43,135,173,129,83,42,9,0,614,689,606,1225,1168,1103,1051,955,708,685,8185,1449,4819,13676,12495,9974,7753,3978,1533,904,56584,11,123,389,426,359,174,50,21,7,1558,53,426,659,445,295,96,10,3,0,1980,133,917,3006,4184,4212,2741,1105,434,75,16810,77,520,1289,1182,984,668,275,97,20,5106,18,147,378,291,253,127,46,15,3,1280,47,361,1185,1370,1456,784,243,103,31,5587,11,308,1324,1313,1656,932,286,100,28,5969,307,1514,3425,3516,3098,1675,391,179,47,14147,105,774,1788,1392,1164,664,154,51,13,6119,55,327,436,337,264,148,53,16,10,1652
124,114,575,2012,1920,1857,1875,937,412,133,9828,28,433,1856,1868,1704,1930,1046,367,87,9315,242,1225,3817,3939,3277,2589,1291,370,154,16900,199,1056,2747,2513,2256,1788,864,214,30,11660,47,371,875,710,444,362,209,78,28,3130,229,717,1456,983,764,433,227,61,20,4897,11,23,18,17,28,28,42,18,8,186,14,44,148,175,163,113,58,23,12,745,694,704,1542,1355,1409,1284,1259,954,576,9772,1620,5476,15574,14615,12891,11137,6354,2651,1101,71421,3,164,505,555,564,349,121,53,12,2326,90,431,735,576,394,165,34,8,0,2424,174,1232,3869,4847,4733,3381,1484,725,126,20565,89,662,1634,1558,1266,892,461,186,38,6797,53,256,535,482,352,186,87,42,9,2001,66,593,1682,2039,2406,1290,606,298,101,9076,16,371,1753,1950,2884,1576,623,224,60,9452,381,1871,4282,4116,3947,2454,812,407,87,18352,164,993,2281,2129,2039,1348,451,181,26,9613,78,481,919,717,590,377,150,87,19,3420
125,63,893,4140,2381,1720,1535,774,340,115,11956,40,593,2330,1823,1625,1291,849,361,132,9047,202,1993,10208,7328,4406,2692,1321,408,198,28758,120,1152,4152,3404,2538,1655,630,166,53,13867,47,474,1366,865,450,251,142,57,16,3676,131,477,1572,1147,745,365,211,56,32,4736,16,35,65,30,63,72,50,36,12,390,25,106,522,389,228,152,70,27,11,1526,825,1168,3428,2303,1868,1565,1250,1117,943,14461,1512,7719,33212,22936,15558,10686,5736,2856,1606,101815,15,435,1432,1349,909,507,216,72,8,4947,86,1274,3800,1821,694,167,24,9,0,7871,124,1078,4567,5469,4844,3445,2136,1187,257,23100,93,498,1722,1468,1052,833,519,251,55,6482,24,129,368,338,237,129,72,33,10,1328,53,729,2671,2272,2091,1175,599,260,87,9921,30,446,1958,1875,1965,1395,681,280,73,8690,392,3747,9887,7148,4621,2787,993,532,128,30241,135,1112,3301,2640,2082,1153,427,171,27,11049,67,604,1263,776,461,258,106,64,17,3617
126,19,335,1451,1215,1187,1193,667,337,140,6548,0,205,844,866,1011,1106,808,379,174,5387,73,1274,4745,3973,2970,1823,957,387,241,16440,31,541,1651,1751,1494,1076,614,221,82,7464,24,353,821,678,463,274,115,60,16,2802,38,228,455,388,348,198,117,40,37,1851,20,13,11,4,11,26,23,14,8,134,7,73,155,178,143,111,66,41,16,786,218,369,798,593,516,481,438,531,726,4675,450,3780,12818,11432,9558,7159,4179,2226,1515,53116,3,263,731,985,887,570,239,121,25,3819,24,454,1410,1124,634,139,11,7,0,3800,27,346,1730,2433,2314,1718,1124,822,178,10694,24,144,527,728,571,425,268,181,45,2904,4,72,241,217,176,84,55,38,5,895,11,309,1151,1536,1672,1098,574,336,117,6810,5,199,899,1179,1533,1241,587,356,126,6137,142,2148,4790,4875,3700,2246,972,633,199,19705,32,732,1908,1972,1760,1199,511,254,67,8444,33,460,867,707,443,254,116,77,37,2986
127,95,795,2228,1724,1399,1029,461,141,43,7913,42,669,2247,1671,1213,962,545,169,33,7550,200,1785,6016,5241,3698,2158,793,182,62,20138,151,1316,3135,2487,1921,1227,368,67,15,10686,34,481,799,503,250,143,74,31,5,2329,169,571,1546,1340,970,466,218,57,16,5346,19,39,54,47,55,77,65,36,9,399,14,88,190,195,168,100,39,24,4,829,1061,1000,2264,2110,1925,1745,1355,952,568,12983,1832,7304,20099,16863,12792,8712,4261,1790,799,74455,9,268,674,670,488,203,52,15,4,2373,101,1009,1667,900,337,86,11,5,0,4114,179,1081,3892,5297,4611,3004,1401,541,84,20086,108,539,1397,1452,1040,762,417,156,28,5894,11,75,232,207,196,93,43,17,3,877,39,494,1596,1402,1293,616,230,96,13,5784,21,318,1385,1345,1358,884,275,88,16,5684,416,2856,6350,4915,3302,1489,391,140,30,19883,145,971,2014,1556,1270,628,177,64,6,6821,47,532,800,415,287,161,67,17,13,2326
128,35,424,1449,1527,1494,1291,658,314,120,7306,18,328,1514,1565,1486,1924,915,322,103,8169,99,813,3106,3935,3501,2630,1548,603,295,16535,78,666,1871,1929,1483,1055,512,140,45,7786,28,343,779,621,356,222,126,78,23,2583,98,314,805,800,623,343,298,83,54,3423,6,4,13,6,7,13,20,10,11,99,0,44,90,133,109,70,45,14,7,522,311,257,755,735,716,671,622,713,791,5568,687,3427,11134,12277,10676,8905,5100,2461,1555,56221,0,141,542,590,603,414,152,83,11,2538,26,284,704,592,406,135,22,5,0,2178,77,759,3139,4089,4068,3336,1978,1264,231,18931,53,493,1498,1473,1139,781,504,272,53,6261,18,124,346,267,198,95,48,20,3,1120,27,400,1430,1644,1744,963,483,281,55,7018,9,289,1419,1744,2632,1366,537,214,78,8295,238,1728,4671,5023,4567,3138,1173,732,133,21407,105,835,2112,1756,1420,872,315,140,19,7563,45,501,767,525,380,246,137,72,20,2684
197,0,0,3,0,3,9,3,0,0,16,0,0,0,0,0,4,3,0,0,14,0,0,9,0,0,4,3,0,0,17,0,0,0,3,0,7,3,0,0,16,0,0,0,0,0,0,0,0,0,0,0,0,0,0,0,0,0,0,0,5,0,0,0,0,0,0,0,0,0,0,0,0,0,0,0,0,0,0,0,0,0,0,3,0,8,7,14,8,0,42,3,3,17,6,17,29,33,12,0,122,0,0,0,0,0,0,0,0,0,0,0,0,0,0,0,0,0,0,0,0,0,6,9,7,0,0,0,0,0,26,0,0,0,0,0,0,0,0,0,0,0,0,0,0,0,0,0,0,0,0,0,0,0,0,0,0,0,0,0,0,0,0,0,0,0,0,0,0,0,0,0,0,4,0,0,0,0,0,0,4,0,0,0,0,0,0,0,0,0,0,0,0,0,0,0,0,0,0,0,0
199,4,21,85,40,45,59,40,8,0,308,0,14,37,16,28,44,18,0,0,158,6,57,144,82,64,67,37,6,0,466,3,52,99,51,59,59,34,3,0,354,0,18,60,37,27,12,3,0,0,156,5,34,36,21,18,22,9,0,0,156,0,5,0,3,0,0,0,0,0,11,0,3,10,4,5,8,4,0,0,31,50,137,286,196,193,154,93,37,17,1167,71,370,848,485,472,448,262,64,21,3038,0,19,49,14,12,20,0,0,0,120,3,29,67,34,24,8,0,0,0,156,7,52,166,195,139,119,62,11,7,749,11,16,86,64,50,41,26,5,0,292,4,19,40,32,6,7,3,0,0,109,0,38,115,73,69,56,20,0,3,377,3,12,65,42,49,54,21,5,0,262,10,92,240,131,93,63,23,9,3,662,3,62,179,103,71,52,7,3,0,486,4,38,104,55,24,9,3,0,0,242
201,30,340,1246,1143,1339,1334,817,349,112,6719,20,200,805,930,877,1052,792,270,81,5034,54,420,1354,1522,1297,856,403,132,64,6106,99,485,1177,1311,1313,1167,553,90,24,6225,24,163,290,333,241,183,112,36,16,1396,85,363,719,482,399,273,160,57,15,2548,11,8,9,15,12,16,26,12,6,112,0,17,77,123,101,84,42,13,7,465,488,368,656,680,880,977,1026,843,513,6443,833,2533,6858,7116,6962,6239,4088,1897,879,37416,0,70,196,199,186,146,47,31,3,873,34,200,343,244,172,55,8,0,0,1053,90,461,1299,1793,1700,1437,881,434,78,8165,101,313,653,628,617,434,296,123,28,3188,30,120,382,443,345,191,97,46,3,1654,18,288,882,1346,1588,919,465,219,66,5792,3,151,669,839,1376,1257,505,204,51,5053,137,810,1539,1462,1224,726,304,147,34,6382,56,386,914,986,1079,677,196,85,18,4395,47,191,343,283,264,191,90,32,6,1451
202,29,402,1267,1227,1363,1431,813,361,124,7015,15,174,784,924,929,1077,823,282,91,5108,41,337,1193,1258,1088,777,426,137,68,5338,91,478,1163,1302,1260,1161,595,117,39,6196,19,94,289,314,262,198,122,41,14,1351,86,381,687,447,375,232,173,63,24,2465,0,8,10,13,7,15,24,14,0,95,0,18,60,135,88,93,51,15,0,465,538,327,702,778,872,960,938,904,677,6700,847,2365,6628,7096,6776,6344,4151,2010,1078,37299,3,31,213,201,225,148,66,25,6,913,38,149,227,210,158,72,18,0,0,870,71,445,1157,1755,1863,1415,874,431,75,8081,71,273,634,676,703,488,285,119,34,3273,17,144,458,476,385,176,83,41,8,1786,20,245,863,1407,1643,944,443,212,65,5844,5,142,646,902,1455,1265,524,228,58,5228,119,666,1366,1200,1152,761,266,161,45,5731,83,344,858,1000,1121,724,249,96,19,4490,29,176,300,307,271,220,82,32,11,1424
203,56,727,2679,2399,2303,2245,1295,612,218,12537,31,287,1625,1727,1632,2051,1443,544,142,9486,108,728,2704,2968,2254,1601,866,307,161,11694,182,903,2248,2478,2403,1863,971,194,45,11292,65,256,790,629,480,291,187,75,40,2813,165,572,1303,922,775,472,405,111,36,4761,18,14,13,11,15,29,30,32,10,165,14,34,139,203,187,113,69,35,17,808,706,587,1094,1100,1267,1342,1486,1383,1018,9987,1397,4567,13866,13783,12262,10621,7076,3463,1769,68807,3,134,544,525,453,294,138,67,13,2176,45,255,502,402,268,96,12,8,0,1584,98,720,2541,3681,3499,2796,1778,1013,205,16340,103,607,1408,1363,1211,823,543,251,58,6377,29,185,556,509,369,255,155,83,22,2171,36,483,1686,2170,2506,1392,793,465,127,9648,12,220,1221,1527,2467,1935,865,394,85,8735,183,1364,3021,2681,2209,1418,687,438,94,12095,98,613,1644,1743,1774,1109,416,187,47,7632,71,388,679,585,448,253,131,95,29,2676
204,56,337,1180,1207,1426,1546,966,427,149,7287,12,166,747,863,889,1193,905,328,91,5188,72,389,1342,1549,1433,1071,567,165,76,6672,105,433,1153,1294,1300,1278,607,114,35,6328,20,74,235,231,176,165,98,34,15,1043,136,362,753,623,514,375,270,57,28,3116,4,10,12,6,11,20,14,19,5,105,4,13,52,71,98,72,39,14,6,376,604,377,720,866,1076,1173,1228,955,646,7647,1047,2319,6751,7417,7490,7372,4953,2220,1108,40669,3,46,202,227,270,178,61,35,5,1032,56,102,181,201,202,95,7,0,0,837,100,522,1594,2272,2311,1852,1004,551,102,10296,60,245,611,798,907,588,346,160,21,3735,41,217,624,703,556,302,171,79,9,2705,28,235,832,1375,1723,1091,537,257,73,6146,3,111,603,927,1601,1370,575,239,43,5476,108,606,1498,1653,1413,961,362,232,64,6891,93,375,950,998,1140,805,209,78,25,4676,30,110,260,227,225,140,63,33,12,1106
205,51,524,1854,1560,1851,2253,1533,621,201,10459,24,256,1205,1331,1390,1928,1383,485,124,8121,72,586,2140,2063,1864,1488,943,308,134,9601,129,716,1806,1865,2144,2062,1058,193,47,10021,25,135,351,336,283,264,167,62,24,1646,127,610,1293,874,759,557,441,123,33,4832,6,15,13,14,20,23,52,36,14,187,8,19,86,122,131,109,75,30,9,589,870,645,1235,1328,1684,1997,2084,1781,1032,12662,1371,3794,10810,10490,10910,11303,8060,3781,1699,62227,3,91,257,241,293,238,100,56,11,1285,33,177,292,226,202,103,12,5,0,1048,128,858,2474,4051,4008,3339,2052,1100,170,18181,82,492,1115,1369,1462,932,706,326,54,6549,92,351,952,915,603,367,151,67,13,3517,31,376,1100,1727,2414,1621,841,351,92,8556,11,207,908,1328,2395,1938,825,309,81,8004,187,1046,1996,1782,1697,1387,650,355,52,9162,82,511,1270,1469,1822,1201,415,128,11,6915,50,159,359,342,340,270,131,73,22,1740
206,51,1537,8905,4301,2978,2575,1380,660,231,22622,31,558,4102,2651,2776,3247,1962,634,202,16171,260,4868,16840,9399,5716,3006,1250,371,225,41933,140,2833,11947,7190,4979,3752,2196,561,173,33749,176,2782,8679,3806,1912,1048,450,156,53,19057,136,1103,2650,1229,968,460,326,90,59,7027,154,173,74,25,44,42,47,35,3,590,42,577,1301,1002,655,457,235,82,40,4405,1395,3297,8165,4190,3041,2528,1930,1448,1057,27059,2481,20974,72376,38839,25785,18526,10461,4384,2188,196004,30,1297,4088,2413,1449,973,296,151,44,10734,63,1714,5306,2271,917,250,25,11,3,10557,94,1498,6774,4715,3200,2443,1407,979,263,21371,51,786,3194,2303,1312,857,449,214,48,9212,17,255,1043,675,371,176,74,41,10,2663,31,1545,7156,4740,3431,2126,1076,546,144,20801,29,514,3568,3669,4375,2977,975,398,128,16630,361,5963,20014,11131,5535,3190,963,610,166,47927,135,2805,12799,8159,5971,3899,1269,487,112,35635,175,3060,8469,4228,1884,832,290,140,49,19125
207,31,890,3375,2853,3133,2700,1782,1125,483,16364,10,265,1477,1582,2420,2693,2172,1025,365,12015,120,1919,6412,6474,5610,2957,1603,645,460,26207,59,980,2929,3100,3220,2536,1528,577,219,15140,82,763,1582,1105,831,529,292,167,96,5443,91,398,869,675,730,375,388,137,75,3732,25,41,24,20,25,25,44,40,14,264,16,163,306,407,463,311,178,79,40,1974,576,644,1395,1116,1186,1077,1200,1251,1195,9636,1030,7038,21160,20267,20338,14769,9869,5467,3132,103069,8,500,1408,1764,1645,1169,508,324,80,7403,45,1068,2801,2148,1189,343,55,13,0,7666,44,812,2927,3994,3893,3339,2370,1608,375,19357,39,370,1145,1409,1165,860,707,325,82,6096,10,135,398,394,316,172,86,79,20,1616,30,854,2956,3991,4257,2836,1759,1080,336,18096,13,283,1645,2820,3908,3291,1551,722,252,14474,210,3375,8923,9483,6875,4347,1908,1292,422,36837,63,1222,3744,4323,4489,3128,1240,655,180,19043,104,1033,1855,1349,1010,580,298,196,93,6525
208,35,720,3465,3237,3381,2645,1524,928,428,16360,28,334,1994,2384,3087,3300,2129,852,278,14394,98,1720,6422,7444,6023,3167,1732,682,460,27750,103,1043,3437,4287,3851,2786,1532,510,171,17716,66,691,1822,1564,1107,610,313,167,99,6432,118,463,1169,988,1087,548,483,192,97,5139,22,26,8,17,26,26,30,32,18,208,3,172,392,563,547,315,162,66,57,2281,587,686,1653,1591,1620,1402,1389,1435,1470,11827,1093,6595,23354,25253,23297,16335,9987,5283,3279,114481,8,434,1485,1728,1443,871,330,224,61,6587,38,830,2818,2064,1132,329,59,11,0,7281,77,744,3584,5090,4675,3697,2425,1754,503,22548,61,394,1453,1864,1677,992,620,384,95,7547,3,132,549,482,330,139,97,54,16,1810,21,663,2956,4143,3769,2316,1356,897,290,16408,9,257,2030,3396,4345,2944,1254,584,208,15023,162,2849,9181,9779,6663,3936,1611,1344,462,35986,80,1140,4252,4578,4207,2714,968,519,136,18593,73,946,2037,1714,1251,622,267,223,93,7220
209,74,1187,4681,3864,3058,2396,1144,440,146,16982,36,586,3070,2931,2713,2556,1373,420,118,13792,168,1753,7028,6471,4468,2539,1172,361,163,24117,219,1593,5003,5043,3846,2746,1068,258,60,19840,75,677,1768,1443,802,386,189,66,32,5443,197,949,2533,1749,1322,655,398,105,48,7963,20,35,40,37,50,41,66,42,19,349,10,132,540,529,378,216,116,49,18,1980,1064,1070,2640,2172,2137,1873,1846,1567,1133,15504,1923,8904,30927,27551,20717,14520,7869,3565,1815,117787,6,428,1376,1367,1091,650,200,93,16,5216,44,872,2240,1327,689,211,14,4,3,5413,167,1292,5060,6362,5869,4289,2164,1181,222,26613,136,824,2054,2184,1605,1058,625,321,43,8856,37,227,631,501,391,156,57,22,5,2036,52,894,2986,3268,3143,1644,706,347,103,13151,17,388,2118,2704,3520,2257,735,272,95,12115,255,2812,6905,6257,4581,2460,759,497,116,24628,147,1432,3929,3616,3110,1715,587,179,44,14755,105,759,1620,1117,724,376,146,72,25,4946
210,64,668,2659,2077,1641,1278,608,265,88,9359,34,485,2092,2034,1866,1479,703,248,62,9011,137,1171,4770,4381,3027,1643,728,244,113,16213,149,1237,3501,3256,2510,1477,555,102,29,12818,41,378,927,692,379,146,85,43,22,2699,140,623,1722,1172,916,484,301,82,24,5464,11,20,33,36,26,35,27,28,10,229,11,119,368,332,209,146,62,17,10,1266,899,795,1987,1750,1675,1450,1454,1252,769,12030,1519,6077,20422,17780,13440,8745,4817,2468,1174,76443,3,207,687,654,518,240,71,39,5,2423,47,427,1252,802,368,119,13,4,0,3034,144,940,3545,4965,4305,3020,1770,996,152,19830,117,549,1273,1339,945,628,429,195,35,5508,25,150,396,355,204,112,41,17,9,1316,29,464,1474,1722,1551,803,384,185,36,6647,5,238,1340,1779,1945,1140,443,191,39,7119,259,1777,4677,3917,2736,1399,510,317,53,15641,106,808,2303,1973,1561,732,195,84,23,7778,64,429,767,510,281,135,84,40,6,2315
211,70,1225,4290,3809,3894,3284,1902,863,258,19588,32,548,2927,3016,3120,3204,2209,784,208,16060,155,1475,6363,7115,5455,3692,1866,683,309,27115,197,1483,4019,4554,4368,3418,1530,338,109,20026,91,672,1480,1235,803,466,302,107,55,5210,318,998,2116,1592,1441,833,658,195,78,8239,16,25,25,22,27,37,58,49,19,271,10,81,319,482,374,240,137,54,23,1725,840,678,1680,1714,1789,1743,1770,1766,1483,13458,1783,7920,26017,26861,23575,18304,11131,5183,2670,123440,6,427,1356,1363,1205,806,277,120,23,5591,60,725,2007,1686,1024,374,50,17,0,5949,235,1567,5763,8520,8004,6350,3562,1631,347,35978,195,1177,2734,3234,2638,1793,1070,404,75,13334,57,422,1075,953,605,284,117,74,19,3604,48,1034,3105,4020,4166,2534,1172,531,159,16775,12,414,2413,3079,4614,3596,1374,529,118,16153,308,2953,7887,7445,6587,4285,1657,860,219,32191,157,1541,4030,3915,3790,2506,735,338,85,17094,128,975,1688,1250,920,596,225,155,45,5977
212,119,1675,6036,4696,3716,2808,1655,810,218,21730,65,878,3496,3597,3178,2748,1706,761,206,16646,311,3364,12432,10415,6930,3908,1894,706,282,40237,342,2443,6692,6455,5387,3468,1325,340,90,26550,90,767,1724,1112,666,405,209,115,38,5121,361,1348,3654,2510,1853,1008,651,185,64,11629,50,61,74,41,62,72,99,72,28,561,24,216,657,670,437,280,165,60,24,2540,1614,1749,3672,3104,3015,2684,2497,2267,1774,22377,3078,14099,44066,37565,28401,19141,11002,5777,2870,165989,25,689,1877,1690,1345,775,327,155,19,6910,118,1551,4202,2380,1142,338,47,10,4,9796,277,2077,7834,10446,9287,6561,3761,1784,284,42310,170,1007,2399,2480,2114,1584,980,376,82,11192,49,337,876,766,476,280,131,49,12,2973,71,1055,3326,3610,3470,2177,1089,480,115,15388,17,472,2472,3147,3702,2678,1266,497,144,14395,609,4826,11146,8981,6507,3826,1633,860,179,38570,196,1922,4746,4228,3731,1965,705,294,47,17842,119,1034,1695,1099,723,456,227,133,28,5514
213,130,1401,5950,4314,3090,2073,903,291,110,18260,64,772,3928,3758,2884,2111,1061,278,92,14953,306,2727,12806,11057,5966,3111,1110,272,124,37485,276,2128,7594,7211,5051,3145,966,149,33,26547,79,859,2345,1587,777,346,109,36,12,6151,359,1330,3908,2718,1622,854,429,90,32,11343,37,50,57,46,76,81,109,54,23,540,12,186,879,766,423,299,139,39,15,2760,1610,1885,4711,3967,3310,2803,2474,1755,1111,23629,2978,12665,48556,40569,25607,16016,7794,3214,1659,159051,11,416,1717,1368,754,379,91,33,8,4788,104,1100,3488,1795,701,159,23,4,6,7389,240,1690,7359,8864,7907,4807,2162,1101,205,34333,164,1023,2378,2086,1578,930,560,252,43,9000,36,233,690,535,334,157,44,29,3,2062,53,859,3169,3086,2379,1124,385,212,69,11330,20,444,2403,2714,2719,1510,499,203,49,10549,376,3957,10950,7589,4602,1959,533,296,58,30310,189,1648,4869,3963,2946,1305,316,95,19,15343,93,823,1886,1233,662,246,87,43,13,5089
214,44,529,2175,2172,2328,2098,1344,702,208,11602,21,349,1511,1699,1699,1872,1482,563,121,9313,93,741,2538,3146,2766,1970,1350,533,252,13390,150,847,2208,2488,2450,1931,1040,246,64,11426,34,232,625,638,446,335,258,105,42,2710,161,621,1337,1108,942,588,565,150,52,5527,6,15,12,11,22,15,34,47,14,177,6,36,140,250,206,117,95,47,14,898,652,579,1156,1294,1440,1451,1704,1599,1068,10938,1225,4221,12576,13954,13234,11008,8275,4186,1915,70590,7,101,358,354,378,308,146,122,24,1802,56,194,514,483,312,145,32,9,0,1744,140,684,2685,3859,3600,3131,2266,1339,247,17945,142,575,1505,1722,1556,1048,784,369,81,7777,24,237,623,596,370,149,78,49,8,2149,31,420,1497,2169,2213,1518,958,520,99,9433,11,198,1133,1480,2287,1987,922,378,73,8462,185,1082,2841,2983,2565,2177,1219,727,160,13939,109,697,1681,1805,1732,1283,556,236,45,8136,51,324,634,555,440,350,170,123,28,2671
215,24,267,1047,847,1129,1261,718,320,105,5718,8,184,729,701,733,812,606,223,89,4084,72,368,1057,1160,955,638,273,73,48,4643,68,414,872,951,1071,995,409,50,14,4837,5,63,167,168,113,74,43,19,8,653,106,307,652,501,375,278,191,82,21,2512,16,9,17,12,3,16,12,11,9,112,3,11,43,52,43,28,14,16,5,214,575,372,759,743,949,1090,1139,1032,715,7383,902,2135,5756,5569,5741,5431,3517,1873,1049,31968,0,39,195,154,182,69,21,13,3,680,25,72,111,99,112,48,8,3,0,481,80,469,1200,1582,1521,1198,606,299,63,7012,58,183,414,592,653,384,250,114,20,2674,73,309,853,909,666,354,147,69,10,3389,20,240,730,1303,1518,910,469,259,70,5515,7,201,756,824,1220,987,420,214,54,4670,131,585,1369,1126,956,472,171,122,30,4960,32,236,751,794,874,504,145,46,4,3393,25,86,196,159,116,77,42,39,14,759
216,36,283,983,834,939,934,531,279,99,4906,24,141,587,569,631,660,450,175,52,3295,32,276,977,1004,894,533,270,111,54,4138,78,330,813,911,961,796,324,70,7,4283,8,46,120,94,61,64,36,12,5,448,84,310,632,438,353,257,148,47,23,2287,4,8,10,4,9,8,18,20,6,83,0,4,46,65,37,30,16,7,3,216,470,289,652,675,807,908,1025,834,516,6167,754,1802,5213,5065,5000,4429,2935,1598,782,27570,0,32,166,161,129,56,11,11,3,571,18,54,102,75,63,18,5,0,0,335,65,454,1278,1555,1490,1087,650,322,53,6958,49,196,403,582,520,352,225,113,18,2459,53,220,559,589,366,185,92,60,5,2128,6,210,686,976,1084,610,349,166,47,4125,7,132,558,697,957,753,305,156,44,3605,75,440,1079,954,829,453,183,118,40,4167,55,233,625,650,636,417,122,26,6,2772,11,92,146,105,87,57,24,16,4,541
217,17,259,920,800,1089,1207,682,294,109,5386,11,121,524,634,695,799,583,201,73,3646,34,240,833,946,797,610,246,93,35,3835,69,303,720,843,1003,896,389,80,25,4331,6,46,142,142,130,110,62,17,14,667,97,283,617,482,363,206,144,51,18,2254,0,7,8,4,7,4,8,12,3,57,0,10,34,58,58,48,28,15,12,253,436,261,458,560,738,820,894,791,495,5462,707,1679,4661,4975,5270,4973,3171,1605,812,27858,0,33,167,121,147,86,36,17,3,610,21,58,80,77,63,33,3,0,0,332,89,446,1188,1525,1327,927,520,279,70,6372,56,276,552,586,596,346,225,116,20,2772,72,242,757,779,578,348,147,60,12,2987,17,237,637,1162,1461,811,431,221,61,5024,4,103,470,742,1170,898,363,160,41,3943,75,487,1071,975,802,464,171,117,32,4202,33,205,618,684,792,498,152,63,10,3051,16,92,210,165,171,109,50,28,3,837
297,0,0,0,0,0,0,0,0,0,0,0,0,0,0,0,0,0,0,0,0,0,0,0,0,0,0,0,0,0,0,0,0,0,0,0,0,0,0,0,0,0,0,0,0,0,0,0,0,0,0,0,0,0,0,0,0,0,0,0,0,0,0,0,0,0,0,0,0,0,0,0,0,0,0,0,0,0,0,0,0,0,0,0,0,0,0,0,0,0,0,0,0,0,0,0,0,0,0,0,0,0,0,0,0,0,0,0,0,0,0,0,0,0,0,0,0,0,0,0,0,0,0,3,3,0,5,0,0,0,14,0,0,0,3,0,0,0,0,0,3,0,0,0,0,0,0,0,0,0,0,0,0,0,0,0,0,0,0,0,0,0,0,0,0,0,0,0,0,0,0,0,0,0,0,0,3,0,0,0,0,0,0,0,0,0,0,0,0,0,0,0,0,0,0,0,0,0,0,0,0
299,0,24,57,21,25,29,10,0,0,176,0,11,28,21,16,17,14,0,0,107,5,49,96,37,27,36,12,3,0,259,4,35,101,52,30,25,11,0,0,264,0,15,51,21,11,4,0,0,0,101,3,21,35,23,13,8,0,0,0,101,0,3,0,0,0,0,0,0,0,3,0,4,7,3,6,8,3,0,0,27,45,99,200,151,89,76,40,13,11,711,54,293,640,356,230,211,95,23,16,1920,0,19,54,35,10,4,3,0,0,119,0,22,38,21,12,0,0,0,0,89,9,48,154,106,61,54,26,10,0,466,7,21,60,39,26,21,8,0,0,174,3,14,39,8,5,9,0,0,0,79,0,30,79,36,31,25,8,3,0,209,0,8,42,34,25,30,4,5,0,152,11,69,170,78,34,41,12,3,0,428,5,46,119,60,42,21,3,0,0,299,5,37,76,21,13,3,0,0,0,153
301,62,447,1353,1542,1779,1471,840,383,124,7994,37,197,970,1499,1474,1354,734,293,73,6629,259,763,2546,3279,2964,1885,858,265,116,12925,217,637,1627,1842,1665,1345,659,124,36,8150,84,239,477,479,319,187,114,63,33,1991,219,456,968,854,685,417,278,66,38,3968,13,10,14,15,11,20,21,37,16,144,9,32,62,130,119,84,33,14,8,499,361,282,655,718,779,791,831,779,729,5919,1285,3272,9399,11332,10627,8010,4671,2134,1217,51930,6,109,279,387,313,234,84,35,8,1451,54,170,452,443,283,113,11,7,0,1529,134,650,2267,3474,3654,2862,1495,732,154,15428,51,354,915,1196,1232,929,544,221,52,5499,21,119,321,302,251,149,76,27,8,1276,28,251,894,1610,1592,1011,486,275,88,6229,8,178,840,1249,1609,1017,433,200,59,5587,284,1041,2658,3029,2652,1440,567,318,89,12081,108,563,1348,1401,1309,835,278,131,30,5998,72,307,457,420,297,200,118,54,18,1956
302,60,634,2309,1844,1595,1248,650,344,141,8827,16,220,1079,1343,1264,1112,686,310,110,6146,168,971,3649,3427,2510,1446,577,219,101,13074,167,694,2006,1938,1395,970,486,132,44,7829,42,331,797,564,278,156,64,43,19,2305,159,453,963,658,464,278,164,45,17,3207,15,17,9,21,5,14,23,35,22,164,4,33,157,194,129,83,35,13,6,652,305,457,1016,808,759,651,636,770,944,6335,1005,4098,13399,11988,9075,6348,3468,2023,1447,52853,0,186,483,445,337,167,78,41,9,1739,40,274,746,538,322,92,18,3,0,2034,59,524,2121,2634,2481,1804,1237,769,148,11780,42,254,905,920,814,642,443,232,48,4301,17,104,326,243,154,94,44,25,6,1009,35,366,1414,1612,1471,905,469,304,69,6642,7,241,1088,1349,1389,1005,469,237,114,5903,251,1311,3660,3083,2341,1254,540,314,68,12827,104,664,1839,1446,1225,694,265,124,26,6394,29,305,683,458,297,138,97,61,19,2091
303,82,1146,4185,2951,2348,1745,911,469,192,14030,35,360,1789,2191,2262,1841,1033,388,111,10008,308,2305,7532,5659,3835,2182,871,291,138,23119,195,1193,3641,3168,2354,1699,724,148,61,13187,146,712,1635,991,598,286,154,66,31,4625,249,571,1296,877,648,337,218,87,35,4324,24,45,34,30,31,32,40,35,22,294,11,87,270,293,208,149,74,27,32,1152,546,916,1917,1326,1200,974,854,841,803,9378,1689,8259,25318,19826,14922,10029,5236,2503,1483,89257,11,534,1178,1033,748,443,145,62,7,4163,71,814,2073,1209,542,152,19,0,0,4893,112,1115,3690,4119,3934,2894,1762,947,200,18774,66,463,1577,1454,1276,880,591,262,69,6629,32,150,472,396,243,144,64,32,14,1545,42,795,2872,2935,2554,1403,740,408,95,11841,22,427,2144,2548,2615,1755,712,286,94,10607,478,3337,7447,5851,4095,2210,723,456,108,24720,140,1362,3748,2988,2418,1407,446,166,45,12721,114,904,1630,1015,575,311,114,73,24,4764
304,42,523,1565,1714,1782,1382,870,378,136,8399,22,179,846,1227,1430,1467,1002,378,93,6647,176,919,2188,2837,2312,1327,640,206,113,10713,160,711,1610,1972,1580,1162,781,247,62,8278,76,357,659,603,446,243,134,56,24,2591,162,234,408,400,366,175,140,34,23,1938,37,31,8,7,10,10,16,18,11,145,17,47,92,163,135,82,72,19,14,636,273,448,577,505,528,422,418,463,639,4272,1018,4060,9411,11070,9757,6924,4369,1923,1179,49718,9,639,1119,1033,857,665,260,132,16,4736,44,442,946,812,450,136,18,3,0,2853,55,703,1874,2312,2338,1856,916,547,112,10725,20,237,703,742,719,532,297,157,27,3432,13,128,358,279,203,169,79,30,5,1267,36,500,1580,2021,2088,1424,680,339,105,8760,8,261,1064,1493,2099,1545,625,250,71,7421,214,1671,3451,3542,2983,1888,610,357,99,14820,76,906,2156,2004,2043,1523,539,234,44,9536,54,587,804,649,421,246,118,72,23,2982
305,44,980,3709,2316,2065,1535,705,292,122,11772,19,262,1343,1259,1457,1410,860,271,52,6940,212,2010,6264,4485,3064,1539,572,163,76,18392,101,1149,3916,2769,1957,1403,670,151,40,12155,113,1048,2075,1078,757,357,167,52,27,5672,131,535,1045,554,442,260,142,30,20,3174,48,62,24,8,12,24,10,13,0,203,12,94,266,260,220,123,80,22,9,1093,509,1152,2644,1488,1207,996,678,447,530,9662,1248,8213,24433,16158,12357,8254,4123,1524,908,77225,14,637,1466,925,595,385,124,44,14,4202,49,750,1689,924,398,122,20,0,3,3947,44,929,3189,2473,2060,1494,758,439,97,11485,21,439,1387,1231,867,607,287,164,44,5043,22,167,543,332,217,128,55,20,3,1484,27,822,3088,2793,2157,1194,589,350,101,11109,12,353,1576,1730,1917,1369,469,200,83,7698,276,2956,7488,5111,3132,1725,488,277,90,21543,83,1476,4641,3077,2407,1567,471,182,31,13943,101,1387,2468,1344,650,310,110,54,23,6448
306,85,444,1607,1653,1759,1578,827,313,110,8384,18,208,1071,1428,1539,1384,688,240,56,6629,226,776,2544,2732,2328,1482,680,182,40,10998,134,461,1680,1889,1716,1393,595,100,20,7985,35,123,348,381,294,221,109,34,9,1550,225,512,1114,996,778,412,228,61,12,4342,17,19,23,11,17,31,25,7,14,170,12,23,94,111,127,67,39,27,5,510,904,773,1797,1827,1821,1715,1366,867,448,11520,1698,3575,11155,11927,11136,8769,4760,1926,745,55692,4,81,401,402,360,252,84,27,5,1615,33,109,252,206,124,53,14,0,0,781,118,704,2523,3426,3520,2626,1300,515,91,14820,42,300,996,1314,1439,913,491,136,30,5664,65,184,536,520,378,222,92,34,4,2025,26,233,1069,1589,1695,981,460,232,59,6333,8,214,1051,1492,1696,1024,405,135,39,6063,234,1063,2569,2465,1841,1155,365,162,31,9885,66,463,1482,1402,1327,769,222,80,18,5826,40,183,432,390,309,180,69,41,15,1659
307,22,179,650,623,831,790,480,212,56,3844,18,150,605,722,734,640,413,142,31,3463,118,374,1122,1085,864,601,222,77,22,4481,111,233,648,660,664,616,289,42,7,3269,15,40,89,102,80,58,45,22,4,457,119,232,493,365,287,180,106,31,4,1813,10,3,9,3,8,8,17,17,8,88,3,3,42,52,46,40,15,5,3,210,516,296,636,742,847,857,861,669,429,5859,1019,1678,4764,4798,4675,4036,2561,1257,578,25358,0,20,87,100,100,68,36,12,0,426,13,39,61,62,56,40,5,0,0,274,124,467,1090,1344,1287,927,526,173,33,5973,25,121,321,358,453,335,193,77,15,1890,109,329,695,666,425,209,109,46,13,2599,20,134,481,811,822,606,328,127,42,3372,3,193,689,789,832,584,236,86,24,3434,136,481,1059,918,710,441,161,59,13,3973,46,191,482,517,489,393,129,24,8,2283,4,38,91,98,87,61,41,21,6,453
308,55,383,1365,1108,1341,1162,522,212,68,6216,23,290,1225,1430,1277,968,451,169,53,5894,259,825,2586,2065,1636,1054,354,108,19,8903,173,472,1333,1240,1127,894,286,72,13,5606,13,72,211,209,129,68,47,10,3,770,205,457,937,743,576,242,115,35,16,3320,16,9,14,13,15,15,17,19,11,128,6,15,68,92,82,55,25,16,0,358,808,631,1271,1289,1375,1157,959,775,540,8799,1638,3425,9908,8970,8056,5904,2895,1473,731,43005,3,100,277,257,247,139,38,16,0,1083,37,162,264,190,164,36,15,0,0,875,193,1177,3345,3989,3640,2297,1167,439,59,16305,46,223,771,851,1070,686,368,142,24,4171,106,221,562,356,311,149,52,23,4,1791,9,258,804,1259,1356,783,323,148,35,4976,8,365,1283,1302,1367,749,311,98,30,5513,280,1050,1944,1756,1438,700,242,104,19,7534,61,311,986,895,869,456,129,49,8,3772,9,108,224,161,137,92,36,21,5,792
309,178,1462,4566,4242,4031,3541,1931,807,252,21011,65,502,2639,3366,3100,2708,1724,606,185,14892,823,2501,7594,7846,6339,4496,2548,878,297,33334,569,1837,4567,4812,4117,2920,1463,316,57,20656,183,727,1672,1291,832,505,331,151,52,5742,703,1378,3196,2704,2264,1386,1050,269,105,13052,35,55,43,40,51,61,88,48,53,472,19,59,217,343,253,184,93,50,21,1235,1530,1756,3652,3193,3253,2978,2748,2270,1928,23296,4243,10984,30126,29788,25752,19834,12584,5690,3066,142069,7,321,632,587,482,393,190,109,18,2734,114,506,1120,782,466,184,45,9,0,3230,197,1320,4483,5950,5812,5217,3282,1797,371,28426,130,871,2884,3369,3178,2405,1372,574,103,14888,57,273,799,717,484,306,154,65,25,2862,70,737,2781,3407,3650,2272,1230,638,137,14905,24,461,2277,2753,3192,2240,947,426,98,12419,648,3454,7539,6542,5477,4062,1886,1014,215,30833,241,1567,3977,3389,2802,1992,713,271,66,15029,134,837,1590,1051,739,531,294,133,31,5342
310,103,722,2139,1893,1727,1435,816,331,92,9252,53,285,1487,1632,1476,1168,615,232,52,7007,423,1457,4294,3538,2716,1484,608,177,62,14767,299,1044,2920,2670,2228,1541,620,123,25,11466,72,254,542,399,250,134,78,34,9,1774,384,806,1568,1071,655,386,203,49,21,5131,43,18,31,25,26,34,30,41,13,263,24,33,145,186,122,82,31,13,4,646,1056,1071,2172,1775,1784,1470,1272,946,540,12088,2533,6060,16671,14423,11847,8262,4517,2038,847,67197,8,122,422,388,306,179,50,31,6,1505,58,240,585,479,235,68,4,0,0,1671,166,965,2955,3915,3512,2633,1454,618,94,16303,71,282,862,894,954,772,431,157,26,4451,56,191,455,413,276,142,60,32,7,1622,37,320,1097,1520,1390,993,438,201,60,6047,3,242,1003,1350,1415,910,394,134,45,5492,354,1368,2971,2723,1942,975,365,151,32,10892,125,803,1799,1651,1470,809,261,85,26,7037,50,220,461,337,201,163,68,26,5,1536
311,107,567,1797,1621,1521,1363,705,244,79,8015,51,329,1414,1810,1444,1196,645,182,37,7102,434,1440,4171,3596,2855,1802,832,222,51,15408,328,1071,2750,2702,2123,1495,569,86,18,11143,97,304,548,391,221,153,83,31,11,1854,437,763,1462,1032,769,400,284,71,15,5229,23,24,18,28,21,28,37,34,4,217,9,39,144,154,121,89,47,9,8,624,989,881,1789,1623,1690,1496,1168,762,366,10765,2568,5728,15120,13975,11541,8518,4624,1733,631,64431,4,152,345,325,256,179,46,17,3,1316,79,293,641,441,251,72,13,0,0,1787,197,947,3135,4025,4133,3236,1321,486,86,17568,101,472,1248,1432,1460,1078,473,181,21,6471,47,153,400,337,242,176,59,19,0,1433,41,311,1081,1435,1532,919,326,139,38,5812,14,254,1108,1337,1495,987,269,98,28,5582,404,1639,3369,2760,2351,1412,416,154,31,12539,149,890,1949,1545,1377,788,190,65,10,6965,55,316,497,342,253,150,81,27,4,1723
312,24,319,1047,822,919,898,363,138,42,4574,27,221,871,1025,954,680,305,132,37,4251,130,642,2158,1678,1318,715,273,81,22,7017,154,350,964,964,832,654,208,35,8,4170,15,74,244,187,116,67,36,9,0,752,129,362,899,713,497,278,128,19,12,3047,14,5,4,10,16,7,17,7,4,93,8,20,47,67,64,41,13,7,0,261,566,594,1315,1067,1144,939,744,556,297,7227,1105,2801,8248,7140,6290,4498,2205,1045,434,33778,8,65,245,182,164,98,42,19,0,816,20,80,147,103,68,33,3,0,0,455,150,1057,3296,3589,3122,1920,804,338,49,14319,54,284,686,755,904,657,285,86,20,3728,39,160,326,305,203,81,40,10,3,1177,10,162,575,928,1067,527,231,83,26,3613,3,270,909,1009,965,511,217,83,5,3974,197,837,1556,1329,978,511,166,65,11,5657,55,306,774,685,617,313,85,14,3,2850,10,113,199,145,112,71,28,12,3,692
313,97,387,1107,1345,1569,1519,998,414,108,7546,28,189,857,1249,1165,1053,772,263,67,5630,284,861,2211,2396,2250,1572,941,275,75,10874,302,783,1808,1864,1835,1424,706,133,24,8875,66,174,293,280,234,136,101,41,15,1337,275,498,1038,860,620,448,311,91,24,4160,18,16,24,16,10,20,34,27,12,171,15,16,71,97,114,69,43,24,6,457,598,505,1017,1131,1159,1230,1355,1223,1079,9295,1777,3640,8931,9862,9497,7867,5460,2595,1459,51087,7,67,175,192,182,146,73,33,10,882,72,186,267,279,203,85,18,4,0,1119,121,477,1772,2639,2714,2525,1600,754,156,12755,61,271,803,1054,1041,896,573,284,51,5037,38,129,329,331,220,146,71,30,5,1294,26,176,690,1161,1345,1002,540,260,59,5257,6,142,631,934,1152,933,424,183,46,4459,267,883,1839,1958,1620,1228,506,268,72,8646,122,525,1094,1158,1116,741,271,99,28,5143,38,142,269,280,182,155,89,58,5,1212
314,53,445,1494,1716,1562,1068,597,181,50,7173,29,196,1037,1563,1317,1002,528,134,28,5847,222,840,2740,3066,2288,1257,558,141,42,11141,173,641,1793,1943,1398,920,377,49,10,7309,62,220,480,417,245,131,68,28,7,1655,225,450,989,722,534,248,162,44,7,3381,18,11,12,4,16,12,14,13,7,108,6,19,81,130,103,53,16,11,5,427,350,330,791,711,645,518,499,373,322,4534,1181,3343,10168,11194,8732,5534,2992,1034,489,44673,4,82,295,354,257,161,31,14,0,1196,35,158,500,442,253,70,10,0,0,1469,72,466,1950,2795,2549,1840,736,258,70,10730,45,261,859,939,773,602,249,103,19,3847,27,97,339,263,170,78,40,20,3,1035,26,199,967,1414,1173,682,231,83,28,4814,3,167,907,1167,1228,756,222,59,13,4530,223,858,2343,2567,1891,1077,282,110,19,9361,89,537,1299,1135,887,555,128,51,9,4685,30,169,405,327,230,125,57,19,4,1359
315,24,153,437,381,442,457,148,49,13,2102,17,189,571,440,368,294,99,34,10,2023,79,252,768,589,495,261,78,15,4,2545,50,176,487,376,381,258,77,14,3,1808,3,31,91,59,37,25,11,3,3,268,53,106,257,180,148,72,31,8,0,853,9,4,7,8,13,3,8,5,0,47,3,13,26,37,34,22,3,0,0,128,438,398,790,587,656,567,387,178,89,4081,721,1458,3779,2923,2763,2052,878,304,123,14997,0,39,113,87,41,34,10,0,0,320,19,38,43,34,18,13,0,0,0,168,52,410,1245,1147,973,661,252,73,14,4823,27,86,308,277,292,206,99,35,3,1328,121,205,331,260,189,90,31,11,0,1245,8,107,416,504,515,287,94,30,13,1972,5,223,687,484,423,202,71,29,3,2133,91,352,725,615,405,167,49,18,4,2429,26,147,435,368,258,185,43,10,0,1472,5,33,96,62,50,35,12,8,3,297
316,105,679,2364,2777,3325,2975,1897,868,276,15278,50,223,1386,2356,2555,2532,1749,701,189,11741,375,993,3058,3811,3924,2911,1861,647,212,17792,347,835,2160,2631,2779,2425,1290,316,67,12856,86,332,793,827,674,456,323,122,54,3663,411,690,1513,1532,1350,826,653,155,60,7196,34,25,19,20,15,26,45,60,26,261,14,25,112,188,165,137,98,35,14,789,747,675,1203,1385,1667,1668,1740,1527,1336,11955,2234,4752,13502,16752,17540,14744,10167,4654,2323,86666,4,95,306,413,401,358,186,107,12,1882,75,161,312,306,238,121,36,4,0,1256,137,666,2175,3638,3883,3636,2702,1462,251,18550,97,495,1768,2195,2423,1591,1035,480,75,10169,55,246,576,690,570,348,221,87,18,2817,26,326,1486,2726,2936,1868,1150,584,124,11236,26,253,1274,2311,2789,2067,1044,400,104,10265,388,1305,2999,3335,2997,2611,1346,679,169,15830,150,709,1721,1968,2153,1552,652,249,57,9205,72,326,740,705,619,436,231,103,22,3263
317,36,383,1255,1018,1163,1101,655,318,93,6024,28,134,782,987,1068,946,569,227,58,4807,227,709,1739,1525,1297,859,387,134,55,6925,166,466,1101,1030,989,750,328,71,20,4923,21,130,289,174,148,107,58,28,6,964,233,378,660,451,370,227,109,30,8,2454,10,13,18,8,11,7,12,14,6,106,4,11,50,64,60,48,25,12,0,292,459,364,674,651,689,693,763,750,680,5717,1273,2819,7103,6446,6202,5013,3033,1639,953,34476,0,89,218,213,222,115,47,21,3,935,44,199,245,159,106,32,12,0,0,805,96,622,1551,1773,1645,1105,640,330,57,7828,46,222,522,595,641,456,255,118,26,2896,48,202,352,385,323,175,84,39,9,1617,20,218,780,1155,1272,806,422,248,65,4992,14,195,730,1090,1314,845,383,152,32,4760,281,932,1566,1448,1151,674,251,153,24,6487,81,434,891,838,761,523,193,82,17,3813,31,171,278,218,175,106,56,21,6,1063
318,87,708,2084,1680,1559,1350,604,242,58,8371,27,266,1157,1322,1306,1102,538,208,46,5977,242,896,2452,2293,1841,1127,392,115,48,9406,192,717,1779,1649,1508,1131,461,112,12,7569,28,114,341,280,184,117,56,32,9,1163,239,500,1010,720,571,288,157,44,10,3542,19,14,11,8,8,14,29,16,12,128,5,29,85,117,103,58,29,11,3,438,717,758,1288,1182,1277,1116,1017,748,396,8511,1632,4369,11263,10102,8973,6637,3473,1590,621,48671,9,223,652,473,358,249,72,23,7,2070,61,205,306,219,155,62,13,3,0,1017,140,1100,3327,3505,3185,2184,1098,458,75,15074,42,271,872,922,1087,756,387,153,29,4523,55,189,480,373,238,130,55,17,0,1528,36,419,1373,1569,1531,841,365,170,44,6348,11,320,1127,1315,1430,864,352,110,21,5560,278,1133,2300,1980,1626,789,225,123,23,8473,71,586,1435,1279,1144,740,196,60,9,5517,24,194,384,304,211,138,65,20,5,1345
319,35,397,1250,1409,1907,2218,1366,601,164,9346,31,206,1004,1533,1678,1563,1064,396,81,7563,287,775,2078,2187,2197,1961,1080,312,84,10958,178,571,1523,1865,2017,1938,812,138,25,9062,31,101,209,207,195,184,152,50,15,1142,317,551,1002,1007,770,612,449,100,24,4827,17,12,12,9,21,36,48,56,18,226,13,21,67,75,81,88,60,27,9,444,814,595,1185,1329,1705,2050,2274,1781,942,12680,1808,3405,8826,10333,11266,11193,7663,3610,1406,59509,3,42,178,214,242,223,108,33,9,1061,67,139,203,206,158,94,21,8,0,898,153,654,2067,2914,3579,3512,2499,1022,182,16569,53,251,823,1130,1491,1335,815,330,53,6293,80,277,585,591,464,312,137,61,6,2517,14,201,762,1640,2012,1405,811,341,81,7268,8,347,1110,1739,1906,1354,651,247,41,7408,345,998,1954,1954,1894,1406,625,265,59,9507,74,433,1218,1317,1397,900,307,97,18,5754,20,130,204,220,232,220,130,50,19,1221
397,0,0,0,0,0,3,0,0,0,0,0,0,0,0,0,0,0,0,0,4,0,0,7,0,0,0,0,0,0,6,0,0,0,0,0,3,0,0,0,4,0,0,0,0,0,0,0,0,0,0,0,0,0,0,0,0,0,0,0,8,0,0,0,0,0,0,0,0,0,0,0,0,0,0,0,0,0,0,0,0,0,0,0,0,0,4,3,0,3,16,0,5,6,3,8,9,3,4,3,41,0,0,3,0,0,0,0,0,0,3,0,0,0,0,0,0,0,0,0,0,0,0,5,9,12,3,3,0,0,35,0,0,0,0,0,3,0,0,0,3,0,0,0,0,0,0,0,0,0,0,0,0,0,0,0,0,0,0,0,0,0,0,0,0,0,0,0,0,0,0,0,0,0,0,0,0,0,0,0,0,0,0,0,0,0,0,0,0,0,3,0,0,0,0,0,0,0,0,0,0
399,7,29,95,38,62,115,75,8,0,426,0,10,31,24,29,55,39,4,0,197,9,56,140,75,70,102,54,11,0,520,3,57,123,50,62,94,29,6,0,419,0,33,58,14,13,4,16,0,0,143,7,29,38,21,23,34,29,0,0,193,0,3,0,0,0,0,0,0,0,7,3,0,3,6,3,8,3,0,0,25,36,118,225,135,153,201,119,40,9,1035,78,372,785,391,435,655,377,77,11,3183,0,21,56,23,18,20,4,0,0,136,0,19,35,23,11,6,3,0,0,106,7,86,215,196,192,252,156,16,3,1129,5,32,91,58,86,101,44,6,3,425,9,27,51,32,20,24,8,3,0,166,0,34,101,75,109,101,35,3,0,453,3,12,63,45,35,97,22,0,0,272,16,109,191,106,110,126,37,6,0,713,6,49,138,69,69,65,20,4,0,418,3,32,55,28,20,25,6,0,0,174
401,52,763,3072,2702,3008,2871,1702,767,364,15307,21,239,1245,1525,1796,2412,1821,657,272,9986,127,1140,3741,3907,3307,2006,1083,379,182,15879,139,824,2536,2744,2474,2296,1481,400,125,13031,53,380,1016,813,658,430,279,125,64,3826,154,410,803,692,748,463,332,113,45,3754,25,33,7,11,31,17,35,34,18,205,9,44,192,245,217,161,104,39,31,1043,541,609,1073,913,1061,1075,1058,907,828,8056,1169,5084,15675,15522,14753,12654,8381,3643,2052,78930,13,461,1189,1176,1133,818,312,202,40,5348,44,435,1122,794,475,190,22,0,0,3079,97,978,2779,3536,3203,2567,1526,1045,295,16032,62,302,981,1218,1175,825,505,289,65,5429,24,185,558,581,460,249,116,80,22,2270,33,726,2855,3665,4093,2607,1252,826,299,16354,10,253,1315,1922,3480,2817,979,490,235,11505,200,2181,4993,5040,4097,2772,1037,608,217,21148,79,1181,3158,3078,3439,2628,864,410,96,14928,61,701,1436,1099,808,481,229,142,46,4992
402,123,986,3508,2800,2549,2309,1029,430,136,13881,30,403,1853,1809,1372,1355,916,295,88,8111,273,1482,5617,4652,3362,2086,959,331,120,18882,313,1486,4194,3600,3289,2220,914,195,36,16245,64,320,713,490,283,159,118,49,11,2214,320,920,2041,1318,1012,583,346,106,37,6676,14,27,42,45,55,45,61,59,24,365,7,54,273,244,125,76,42,28,11,862,926,813,1975,1620,1647,1574,1641,1606,965,12764,2150,7070,22314,18169,14790,11061,6390,3296,1515,86762,6,259,729,641,452,305,107,52,9,2552,103,587,1159,785,441,144,20,3,0,3248,236,1653,5047,6132,5399,4636,2868,1372,216,27552,113,457,1101,1261,1277,1125,760,345,62,6501,57,197,504,461,335,182,76,37,7,1853,41,649,2046,2453,2672,1347,625,288,67,10189,3,263,1268,1318,1828,1464,556,235,63,6998,419,2345,5001,4040,3129,1889,708,369,73,17968,234,1266,2908,2628,2229,1293,411,138,30,11134,54,446,686,474,326,248,122,54,17,2427
403,88,939,3494,3246,3396,3367,1662,722,289,17203,17,328,1634,1811,1730,2247,1780,513,219,10279,218,1036,4073,4487,3576,2432,1291,441,247,17794,225,1132,3218,3436,3168,2517,1293,336,88,15404,60,286,776,703,474,297,209,99,43,2950,223,662,1463,1162,943,599,531,169,64,5815,18,24,28,21,44,35,47,50,27,293,5,39,170,262,197,121,96,40,23,951,609,602,1242,1173,1248,1341,1474,1342,1260,10290,1519,5562,17738,17909,15980,13812,8862,3981,2374,87736,4,442,1036,968,940,652,262,129,25,4459,51,428,920,756,529,188,25,5,3,2900,137,1107,3672,4939,5135,4361,2645,1730,360,24095,106,403,1081,1361,1552,1139,728,440,92,6896,40,251,645,570,423,230,90,81,16,2352,56,780,2552,3479,4219,2225,994,646,197,15146,16,254,1293,1727,3257,2717,863,488,179,10803,369,2074,4866,4603,4306,2898,1230,847,226,21406,169,1237,3068,2929,3052,2161,759,383,77,13818,49,621,1025,787,570,430,186,124,32,3811
404,36,643,2360,1642,1481,1447,617,271,124,8627,4,198,1129,1012,1028,1145,682,229,104,5533,114,886,3301,2844,2058,1285,568,218,107,11380,119,653,2223,1954,1677,1318,515,105,39,8598,18,203,699,453,325,182,92,36,16,2026,145,414,997,732,695,410,265,96,34,3790,9,18,21,15,37,36,60,40,21,246,3,39,169,179,113,87,45,22,12,666,398,450,996,834,918,896,884,948,859,7180,886,3840,13297,10724,9144,7276,3927,2090,1382,52567,5,213,618,527,415,232,86,38,9,2143,27,319,799,494,279,76,16,5,0,2011,87,728,2587,3297,2938,2436,1603,1197,280,15151,49,258,690,833,731,513,401,267,63,3806,20,123,290,244,162,89,42,12,10,997,26,438,1472,1544,1672,831,384,255,82,6695,7,167,853,1087,1595,1126,389,217,76,5517,181,1435,3398,2709,1998,1228,554,418,103,12019,84,721,1948,1692,1591,838,302,129,29,7340,23,333,822,504,377,162,73,36,17,2355
405,24,187,567,553,854,1145,565,230,66,4187,7,114,463,528,479,633,456,133,42,2860,39,218,797,893,793,564,255,82,35,3683,62,228,617,719,856,745,331,54,9,3603,6,40,94,100,66,64,36,11,10,432,67,170,407,378,264,188,135,40,13,1650,0,3,3,9,12,7,17,21,15,85,0,15,22,30,47,21,21,7,4,171,345,186,338,389,551,712,744,563,382,4206,587,1257,3610,3964,4220,4283,2673,1195,603,22379,0,29,149,145,143,116,32,12,8,639,22,44,63,57,42,16,3,0,0,252,71,369,929,1353,1532,1243,802,332,58,6697,18,93,174,315,346,334,246,102,14,1638,63,212,505,470,372,185,67,35,3,1907,20,102,377,781,1183,602,294,118,53,3530,0,91,436,469,840,708,234,81,43,2897,71,313,830,823,710,517,226,92,7,3582,40,134,400,604,630,425,118,52,5,2405,9,38,93,77,92,81,42,14,3,440
406,12,135,493,416,568,610,232,88,32,2569,15,119,511,396,329,350,249,70,21,2065,30,198,690,651,501,329,132,34,10,2576,39,163,539,536,558,405,164,29,6,2452,0,17,78,52,36,32,8,6,3,232,39,115,315,261,179,117,69,21,0,1117,0,4,8,12,3,8,13,10,3,68,3,3,17,26,23,5,11,5,3,98,310,271,569,458,584,594,471,399,269,3918,470,1095,3449,3033,2921,2535,1402,681,357,15948,0,25,91,79,60,45,11,9,0,315,15,46,53,54,40,19,3,0,0,223,54,367,1238,1578,1401,997,593,222,45,6496,25,85,177,308,337,289,178,75,9,1481,38,163,337,236,148,76,27,7,3,1052,12,123,418,596,715,318,145,58,18,2404,0,140,498,458,519,403,127,63,21,2239,65,339,759,579,498,277,85,25,6,2631,22,150,440,479,410,262,57,16,9,1843,4,26,74,63,40,33,22,11,0,270
407,38,258,878,908,1292,1583,990,386,130,6462,17,154,682,787,774,1026,897,282,77,4698,135,501,1385,1531,1364,1070,586,199,77,6846,170,419,1076,1125,1359,1173,592,116,27,6065,14,68,166,171,114,119,70,38,16,781,152,337,691,545,471,310,280,77,21,2886,9,3,24,17,26,21,34,22,13,175,7,9,30,57,59,32,44,14,11,257,528,310,633,743,985,1070,1223,1010,781,7280,1110,2225,6083,6478,6991,6759,4973,2256,1201,38077,0,41,193,215,186,178,67,39,0,922,20,60,128,102,78,46,15,3,0,460,91,640,1606,2160,2187,1889,1231,618,98,10520,52,215,420,565,632,468,321,174,23,2871,45,314,893,892,557,402,120,100,10,3334,31,173,615,1212,1625,1006,512,283,61,5508,3,171,650,728,1242,1102,424,195,50,4571,186,656,1457,1416,1239,913,432,207,40,6534,66,247,703,852,896,687,213,102,19,3778,15,102,188,152,153,120,72,48,7,857
497,0,0,0,0,0,0,0,0,0,0,0,0,0,0,0,0,0,0,0,0,0,0,0,0,0,0,0,0,0,0,0,0,0,0,0,0,0,0,0,0,0,0,0,0,0,0,0,0,0,0,0,0,0,0,0,0,0,0,0,0,0,0,0,0,0,0,0,0,0,0,0,0,0,0,0,0,0,0,0,0,0,0,0,0,0,0,0,0,0,0,0,0,0,0,0,0,0,0,0,0,0,0,0,0,0,0,0,0,0,0,0,0,0,0,0,0,0,0,0,0,0,0,4,0,0,0,0,0,0,3,0,0,0,0,0,0,0,0,0,0,0,0,0,0,0,0,0,0,0,0,0,0,0,0,0,0,0,0,0,0,0,0,0,0,0,0,0,0,0,0,0,0,0,0,0,0,0,0,0,0,0,0,0,0,0,0,0,0,0,0,0,0,0,0,0,0,0,0,0,0
499,0,0,17,10,22,18,3,0,0,73,0,0,3,0,3,10,7,0,0,28,3,4,35,10,15,18,11,0,0,98,3,5,21,12,21,12,8,0,0,80,0,4,4,3,3,0,3,0,0,22,4,3,10,4,10,3,3,0,0,38,0,0,0,0,0,4,0,0,0,4,0,0,0,0,0,0,0,0,0,5,12,18,41,41,51,25,15,10,0,211,26,42,153,92,129,92,47,10,4,604,0,9,12,3,6,4,0,0,0,38,0,3,7,0,0,4,0,0,0,18,0,24,53,41,32,37,12,8,0,201,0,4,12,19,5,12,4,0,0,61,0,4,9,7,9,3,0,0,0,34,0,6,28,21,14,14,3,0,0,90,0,0,9,12,3,21,4,0,0,53,4,29,42,32,18,16,6,0,0,151,3,18,27,24,10,14,0,0,0,107,0,8,23,9,3,0,0,0,0,46
501,79,228,972,1138,1201,1393,823,366,94,6283,40,150,836,1341,1319,1222,640,217,44,5813,197,570,1632,1662,1451,1048,580,209,46,7402,164,333,957,1215,1152,976,427,102,19,5346,43,94,278,289,208,154,118,49,15,1247,104,309,792,654,506,323,221,41,24,2971,6,14,18,7,13,12,18,20,10,122,3,13,58,73,79,49,41,13,3,333,587,344,805,923,1014,1081,1016,872,542,7179,1273,2245,7096,8158,7554,6608,4037,1949,839,39759,8,57,268,298,241,157,41,29,0,1098,40,112,127,113,89,46,12,0,0,542,126,556,1835,2533,2423,1673,845,387,68,10444,66,281,629,805,827,520,337,138,19,3614,47,186,496,462,411,207,121,39,11,1983,25,132,593,1055,1405,816,465,171,37,4694,25,155,633,1106,1408,805,325,124,35,4627,210,597,1269,1506,1282,838,350,154,17,6222,107,267,729,801,766,504,199,63,7,3446,24,89,248,232,184,149,78,33,3,1038
502,32,167,476,492,567,615,459,239,58,3090,28,117,421,597,609,553,307,146,32,2805,96,260,739,857,821,639,482,217,49,4173,86,250,599,639,623,517,275,72,16,3076,13,67,118,91,70,58,41,41,4,516,88,228,491,360,296,222,197,52,14,1955,7,9,0,6,6,16,24,20,6,81,0,3,29,20,43,25,18,11,0,150,247,180,382,403,458,512,598,582,333,3702,613,1380,3557,3797,3731,3309,2488,1441,547,20866,0,22,54,82,56,50,19,17,5,299,37,64,61,43,44,19,9,0,0,280,52,262,727,1075,1150,990,861,423,59,5596,33,93,225,308,360,338,364,156,18,1890,20,66,115,106,86,72,27,17,3,506,6,47,169,347,453,407,283,116,21,1850,11,45,221,400,495,297,235,77,17,1804,74,252,403,541,541,561,384,162,39,2963,39,133,255,309,307,254,117,43,7,1472,4,42,63,75,60,71,51,20,3,396
503,13,517,2292,1658,1744,1486,915,527,250,9403,15,140,735,769,1103,1356,918,405,156,5594,72,751,3146,2587,2101,1168,651,266,149,10876,44,599,2196,1739,1519,1218,771,271,102,8455,48,397,929,593,393,237,168,72,33,2858,47,203,563,308,277,163,112,53,35,1756,19,26,20,7,8,7,11,12,7,116,8,68,160,146,142,104,67,38,11,744,330,643,1819,933,797,752,637,593,534,7028,616,4076,13924,10192,9155,7079,4499,2364,1332,53242,4,374,1036,955,908,538,196,132,26,4171,22,345,754,491,241,86,10,6,3,1948,36,534,1797,1758,1719,1233,690,393,136,8297,13,182,575,582,582,406,226,121,32,2704,12,116,335,208,163,133,101,43,6,1130,14,479,1929,2379,2305,1462,870,477,160,10074,17,167,750,1149,1811,1274,561,286,115,6124,141,1439,3437,3510,2620,1696,709,389,180,14124,49,709,2235,2141,2192,1479,573,340,73,9801,61,644,1135,698,498,298,113,64,29,3547
504,67,547,2005,1632,1477,1286,693,313,72,8093,40,260,1264,1534,1551,1246,624,229,56,6808,180,907,3533,3078,2349,1468,729,259,74,12586,133,640,2195,2098,1641,1266,567,116,18,8672,63,285,795,556,372,190,115,39,9,2429,192,537,1325,909,654,395,237,60,24,4331,17,18,28,23,12,22,25,35,8,183,7,36,188,155,123,74,28,14,3,638,566,643,1503,1338,1242,1003,998,847,748,8884,1303,4335,14396,12677,10270,7492,4262,2027,1058,57816,11,179,615,592,425,264,83,27,13,2209,46,292,619,474,238,74,12,4,0,1761,176,813,2629,3672,3596,2568,1279,559,105,15396,70,244,683,865,874,727,418,165,32,4072,32,134,344,335,224,129,54,30,4,1292,42,332,1101,1407,1470,919,458,163,51,5938,43,223,992,1435,1616,966,409,153,52,5880,259,1122,2978,2861,2145,1345,536,229,47,11526,167,626,1705,1659,1437,889,282,97,18,6878,76,365,679,580,384,250,103,37,16,2479
505,166,1424,5121,4364,4017,3048,1692,717,209,20749,98,692,3161,3707,3777,3020,1580,576,156,16768,372,1913,7692,7791,5933,3448,1942,814,287,30188,321,1456,4799,4437,3390,2432,1126,280,69,18307,144,602,1576,1092,670,348,236,114,34,4810,339,1021,2778,1983,1719,922,562,168,53,9542,26,31,48,59,37,41,59,57,17,375,11,89,323,280,239,168,84,38,12,1251,1035,1075,2811,2332,2147,1859,1722,1658,1396,16032,2596,9296,31597,29012,23923,16366,9444,4664,2333,129231,16,482,1454,1315,1015,606,195,89,19,5190,93,681,1420,1256,664,199,34,4,0,4353,306,1678,5691,7469,7674,5347,2870,1339,270,32636,172,770,2134,2565,2305,1625,999,405,78,11054,55,303,740,548,393,232,104,39,10,2416,65,937,3121,3902,3791,2233,951,447,131,15594,64,536,2546,3510,3975,2398,1007,409,99,14554,574,2922,7407,7493,5769,3924,1683,822,180,30774,355,1530,3736,3479,3187,1815,631,261,56,15041,160,870,1491,987,681,422,201,107,25,4952
506,169,1390,4747,3391,2811,2528,1465,664,165,17326,85,576,2363,2650,2609,2312,1271,504,124,12497,390,2046,7968,6481,4549,2893,1511,628,206,26669,280,1296,4387,3674,2910,2244,1036,282,63,16165,127,544,1352,874,480,286,207,85,27,3992,302,957,2290,1496,1117,718,439,112,53,7473,39,34,45,33,27,43,58,48,17,344,19,111,339,305,221,140,74,40,18,1262,972,1303,2987,2233,1937,1907,1713,1702,1563,16328,2501,9424,30843,24411,18532,14064,8212,4275,2332,114596,33,584,1568,1269,959,637,211,72,13,5347,130,817,1558,947,488,167,23,7,3,4135,321,1989,5678,6609,6714,5265,2558,1195,256,30585,128,552,1416,1557,1573,1363,824,405,75,7897,65,310,742,616,436,296,133,61,14,2674,86,903,2431,2590,3078,1877,910,439,130,12452,87,435,1736,2257,2886,1973,842,339,123,10675,633,3537,6717,5517,4630,3098,1224,616,139,26105,298,1410,3345,2936,2762,1829,608,260,54,13510,130,779,1275,732,544,381,155,102,21,4124
507,154,1086,3702,3166,3071,2333,1257,613,214,15602,86,507,2168,2625,2684,2266,1123,454,130,12040,320,1477,5206,5199,4110,2590,1355,534,240,21031,248,1109,3406,3402,2864,2138,986,267,59,14488,109,467,1110,820,548,332,207,75,38,3693,257,873,1966,1482,1165,638,375,132,65,6948,22,23,24,17,36,44,53,34,13,273,11,67,195,228,198,129,57,31,8,941,893,961,2267,1887,1856,1566,1453,1591,1317,13791,2193,7386,22626,21177,18112,12976,7280,3916,2159,97823,13,375,1047,1060,885,540,187,85,12,4210,115,490,811,644,410,119,25,8,0,2615,265,1579,4859,6135,5709,3988,2225,1113,215,26091,83,374,1093,1425,1364,1062,715,314,68,6498,61,231,586,546,423,242,102,48,12,2258,60,634,1993,2853,2645,1606,846,429,100,11165,57,348,1469,2296,2832,1618,754,302,87,9763,378,1944,4449,4804,3972,2468,1061,593,137,19807,229,1018,2451,2659,2581,1512,550,218,42,11247,89,562,921,791,620,347,171,91,21,3611
509,58,165,703,688,849,1076,716,319,89,4661,22,131,583,785,915,963,530,210,56,4198,109,317,940,990,991,726,472,147,46,4732,78,206,638,728,739,796,343,71,19,3602,20,37,136,145,156,128,90,30,5,749,69,164,435,356,315,219,145,35,14,1752,14,5,8,3,14,16,14,18,3,107,3,7,24,49,53,48,22,5,3,211,398,283,664,733,977,1066,991,719,405,6229,827,1487,4699,5091,5507,5369,3478,1633,657,28750,3,34,196,158,151,100,45,22,3,711,27,64,70,81,66,35,4,3,0,350,131,405,1148,1505,1597,1295,722,286,52,7136,36,110,292,436,469,397,285,98,20,2138,128,327,753,834,618,400,204,79,10,3356,16,118,435,845,1117,850,400,174,47,4011,8,182,635,914,1164,739,331,138,29,4135,171,441,976,1071,952,738,292,105,33,4775,40,189,600,592,707,475,152,55,3,2826,22,61,143,155,173,135,65,12,12,787
510,20,111,680,545,412,356,95,10,0,2235,9,139,637,596,418,270,78,11,0,2165,63,307,1225,869,545,299,55,9,3,3379,28,130,695,522,345,218,67,9,3,2014,12,28,156,112,59,36,10,0,0,410,34,141,502,315,183,71,16,3,0,1273,4,3,16,11,4,5,0,0,0,50,3,9,67,37,58,21,4,0,0,194,421,491,1404,998,961,588,239,78,29,5209,613,1478,5940,4467,3187,1970,574,135,40,18408,0,36,196,110,66,26,3,0,0,447,15,35,95,34,21,10,0,0,0,211,71,526,1796,1781,1339,569,140,33,4,6254,17,66,331,340,278,160,57,8,5,1257,20,86,260,160,92,37,13,4,0,670,3,77,454,521,410,233,35,4,4,1737,0,146,608,511,412,190,39,4,0,1911,103,326,875,716,476,188,31,11,6,2732,29,122,423,376,312,157,36,4,3,1453,7,45,149,102,80,29,4,0,0,408
511,23,182,690,664,659,613,349,148,26,3359,9,158,654,746,751,553,229,84,18,3207,113,317,1031,977,829,531,230,84,20,4133,77,199,627,582,505,414,176,30,4,2607,17,43,151,126,92,54,31,13,3,536,85,205,511,377,292,172,90,34,5,1760,10,15,13,4,12,8,18,12,3,92,7,10,32,41,44,23,11,5,0,180,492,397,1041,914,949,857,634,414,189,5887,868,1665,5275,4905,4419,3416,1841,847,279,23514,7,59,277,208,124,63,12,8,0,753,17,69,103,77,56,19,0,0,0,348,108,677,2046,2279,1928,1120,520,168,20,8878,20,128,375,471,496,297,191,67,12,2058,69,141,395,389,246,164,69,24,4,1504,18,148,546,685,758,482,226,73,11,2945,8,213,725,823,734,401,138,28,19,3090,145,414,1020,956,740,364,149,63,4,3859,55,212,545,530,469,247,69,18,5,2148,7,86,159,141,95,59,29,7,0,582
597,0,0,0,0,0,0,0,0,0,0,0,0,0,0,0,0,0,0,0,0,0,0,0,0,4,0,0,0,0,3,0,0,0,0,0,0,0,0,0,0,0,0,0,0,0,0,0,0,0,0,0,0,0,0,0,0,0,0,0,0,0,0,0,0,0,0,0,0,0,0,0,0,0,0,0,0,0,0,0,0,0,0,3,0,3,0,0,0,0,8,0,3,5,0,3,0,0,0,0,22,0,0,3,0,0,0,0,0,0,3,0,0,0,0,0,0,0,0,0,6,0,10,34,31,22,6,0,0,0,104,0,0,0,3,4,0,0,0,0,11,0,3,3,0,0,0,0,0,0,9,0,0,0,0,0,0,0,0,0,0,0,0,0,0,0,0,0,0,0,5,0,0,0,0,3,0,0,0,0,6,0,0,0,0,0,0,0,0,0,0,0,0,4,0,0,0,0,0,0,4
599,0,14,47,21,19,30,16,3,0,153,0,8,21,11,8,31,23,3,0,103,3,23,74,36,26,46,23,0,0,231,0,9,48,15,19,37,9,0,0,135,0,7,25,3,4,5,3,0,0,50,0,14,29,17,10,22,5,0,0,96,0,0,0,0,0,0,3,0,0,6,0,0,0,4,3,3,0,0,0,13,20,69,151,100,103,74,55,12,5,583,28,155,440,223,218,263,136,25,7,1493,0,23,35,15,9,13,0,0,0,96,0,11,24,18,4,6,0,0,0,62,4,46,150,129,119,128,64,4,3,654,3,5,42,30,34,35,18,0,0,166,0,13,41,10,18,14,0,0,0,99,3,16,60,38,61,45,22,0,0,242,0,9,28,30,20,36,8,0,0,129,7,50,101,61,57,44,16,5,0,349,3,26,61,36,29,38,6,0,0,204,3,12,28,8,4,10,0,0,0,67
601,29,430,1545,1414,1630,1652,1042,487,189,8419,8,124,904,1107,1145,1574,983,470,163,6478,158,768,2548,2312,1955,1447,732,291,169,10379,102,684,2090,2069,1987,1720,868,240,69,9830,25,161,525,462,369,282,193,85,28,2120,101,450,942,695,601,355,224,73,28,3466,14,19,14,12,9,23,42,25,16,165,8,32,137,152,133,117,63,22,13,673,559,455,939,900,996,1107,1081,965,575,7586,1017,3449,10671,10280,9706,8851,5524,2802,1321,53616,3,227,735,756,633,411,156,96,24,3041,37,375,601,370,240,106,22,3,0,1745,86,568,1905,2430,2577,2009,1315,794,148,11823,71,274,793,1075,1185,726,471,258,51,4902,28,141,482,452,346,171,74,55,9,1749,21,318,1168,1766,1975,1336,709,390,96,7790,9,134,844,1140,2025,1481,733,355,112,6836,220,1429,2629,2496,2285,1451,635,454,109,11709,93,739,1922,2098,2155,1342,430,231,40,9059,51,267,556,531,456,344,141,83,29,2452
602,39,290,914,803,1022,1140,690,298,100,5297,15,87,567,740,796,846,608,337,90,4084,72,400,1110,1155,1067,862,489,143,69,5373,86,346,863,981,1079,982,439,96,35,4915,4,73,179,201,192,171,122,45,14,1000,95,281,591,480,389,242,212,45,15,2353,3,9,9,10,7,21,26,18,8,103,3,9,40,57,65,62,27,28,3,286,453,344,617,641,783,854,1015,722,400,5825,807,1990,5257,5554,5798,5494,3800,1794,750,31243,3,65,181,170,192,166,67,26,6,880,22,210,224,154,125,42,14,4,0,787,78,411,1294,1850,1913,1460,886,440,105,8439,36,181,459,658,680,503,315,156,32,3026,30,163,446,459,322,210,104,53,9,1799,11,198,650,936,1311,795,434,196,82,4615,6,147,614,838,1190,849,520,182,55,4404,158,704,1380,1398,1217,810,314,201,48,6221,42,290,737,866,1009,613,201,69,16,3839,9,143,275,263,236,191,72,49,16,1254
603,3,30,116,139,246,303,189,63,12,1102,4,8,76,157,162,240,228,65,14,949,18,74,244,272,272,238,151,28,7,1303,15,68,187,259,325,339,174,29,7,1401,0,11,58,66,85,70,57,18,6,362,19,47,135,135,93,97,53,5,3,591,0,0,3,0,3,4,6,3,3,28,0,0,20,19,20,22,14,3,0,102,124,67,124,200,233,305,333,195,74,1651,193,333,1064,1380,1599,1764,1267,439,133,8177,0,9,56,79,73,74,30,6,0,332,0,19,27,22,30,17,0,0,0,127,18,91,271,429,504,431,216,95,13,2068,12,25,99,170,204,193,83,25,4,820,9,55,168,200,123,80,34,13,0,676,0,19,68,178,282,224,107,42,13,944,0,12,72,127,229,275,125,28,9,875,20,129,206,233,271,251,78,37,3,1217,13,38,170,224,271,200,77,11,3,1005,0,5,45,88,91,76,39,4,0,353
604,18,166,509,463,644,800,529,206,76,3403,5,90,426,521,535,623,442,245,61,2944,83,331,872,847,896,705,311,107,35,4176,70,316,708,741,936,743,255,49,12,3836,3,41,98,96,107,94,54,26,10,535,92,258,517,406,289,192,106,33,11,1901,8,5,11,4,9,10,23,20,13,92,0,10,26,30,45,43,25,6,8,196,332,183,396,431,618,674,804,669,324,4420,642,1474,3805,3828,4352,4078,2684,1414,561,22833,0,28,91,95,102,108,42,24,0,501,36,78,120,117,88,46,9,0,0,488,87,409,1270,1666,1590,1151,759,321,53,7307,35,129,327,510,657,458,247,96,16,2476,34,128,343,289,183,101,48,29,3,1155,10,107,332,632,870,595,293,160,41,3033,3,134,438,501,775,625,383,154,41,3064,124,495,913,1003,952,528,202,100,18,4335,46,200,505,708,728,350,124,40,7,2714,3,57,121,120,121,95,44,24,4,584
697,0,3,0,0,0,0,0,0,0,3,0,0,0,0,0,0,0,0,0,0,0,0,0,0,0,0,0,0,0,0,0,0,0,0,0,0,0,0,0,0,0,0,0,0,0,0,0,0,0,0,0,0,3,0,0,0,0,0,0,3,0,0,0,0,0,0,0,0,0,0,0,0,0,0,0,0,0,0,0,0,0,0,0,0,0,0,0,0,0,0,0,0,3,0,0,0,3,0,0,12,0,0,0,4,0,0,0,0,0,9,0,0,0,0,0,0,0,0,0,0,0,0,7,20,5,3,0,0,0,32,0,0,0,3,0,3,0,0,0,10,0,0,0,0,0,0,0,0,0,0,0,0,3,0,0,0,0,0,0,3,0,0,0,0,0,0,0,0,0,0,0,0,0,0,0,0,0,0,0,4,0,0,0,0,0,0,0,0,0,0,0,0,0,0,0,0,0,0,0,0
699,0,0,5,8,3,5,0,0,0,34,0,0,3,0,3,4,4,0,0,19,0,0,6,13,4,5,0,0,0,29,0,3,9,4,3,7,3,0,0,27,0,0,7,0,0,0,0,0,0,9,0,0,8,0,0,0,0,0,0,9,3,0,0,0,0,0,0,0,0,4,0,0,0,0,0,0,0,0,0,0,3,7,12,7,17,6,11,0,0,60,7,17,47,35,38,46,18,7,0,208,0,0,5,5,0,3,0,0,0,17,0,0,4,4,0,0,0,0,0,5,0,5,18,9,10,3,0,0,0,45,0,0,7,8,4,0,0,0,0,20,0,3,3,0,3,0,3,0,0,15,0,3,10,5,13,9,0,0,0,41,0,0,4,3,0,4,0,0,0,19,3,5,16,6,5,0,4,0,0,36,0,5,6,5,10,3,0,0,0,31,0,0,4,5,3,0,0,0,0,12
701,8,297,1566,1059,781,625,267,94,22,4709,11,113,827,866,776,614,296,73,12,3587,113,541,2295,1845,1335,731,268,56,13,7200,61,340,1454,1193,962,710,226,55,7,5002,14,76,336,222,128,81,34,7,3,895,74,269,694,429,297,127,54,22,6,1976,8,11,22,11,11,7,8,3,0,80,10,13,87,95,95,40,23,3,0,368,492,588,1633,1177,1024,874,470,201,89,6544,832,2455,9753,7696,5894,4092,1743,530,150,33137,0,80,352,306,269,150,43,11,0,1208,45,163,372,265,178,61,6,0,3,1093,84,565,1867,2144,1701,1115,402,104,12,8002,21,121,447,512,482,390,149,51,3,2184,15,110,322,305,202,104,18,11,0,1098,10,214,911,908,878,436,144,48,7,3568,3,75,607,779,977,638,149,35,16,3273,121,670,1844,1627,1233,676,131,37,6,6352,34,321,1198,1174,945,529,154,29,4,4389,25,110,331,258,156,97,28,7,5,1019
702,8,105,613,530,503,436,137,48,12,2403,4,47,444,420,469,432,152,37,5,2008,26,145,653,533,520,339,94,20,7,2333,30,125,635,482,484,350,78,20,3,2216,10,25,110,84,60,50,20,4,0,371,54,103,237,154,129,64,28,4,3,785,3,3,12,8,11,8,6,4,0,48,4,11,41,39,46,19,3,0,0,165,733,735,1557,1163,1098,751,364,115,42,6565,911,1397,4627,3686,3487,2535,898,256,74,17874,0,17,110,117,102,44,12,4,0,413,11,34,80,75,54,17,5,0,0,276,49,279,882,1070,855,506,164,36,5,3847,18,72,228,288,281,176,57,18,3,1136,63,94,296,219,132,53,18,5,0,882,6,99,485,644,575,288,78,21,0,2208,5,65,441,538,636,380,94,16,9,2182,49,288,739,648,572,246,45,12,0,2598,32,122,499,581,485,261,45,8,7,2040,9,50,144,115,99,48,11,4,3,481
797,0,0,0,0,0,0,0,0,0,0,0,0,0,0,0,0,0,0,0,0,0,0,0,0,0,0,0,0,0,0,0,0,0,0,0,0,0,0,0,0,0,0,0,0,0,0,0,0,0,0,0,0,0,0,0,0,0,0,0,0,0,0,0,0,0,0,0,0,0,0,0,0,0,0,0,0,0,0,0,0,0,0,0,0,0,0,0,0,0,3,0,0,3,0,0,0,0,3,0,10,0,0,0,0,0,0,0,0,0,0,0,0,0,0,0,0,0,0,0,0,0,11,5,8,0,0,0,0,0,21,0,0,0,0,0,0,0,0,0,3,0,0,0,0,0,0,0,0,0,0,0,0,3,0,0,0,0,0,0,3,0,0,0,0,0,0,0,0,0,0,0,0,0,0,0,0,0,0,0,0,0,0,0,0,0,0,0,0,0,3,0,0,0,0,0,0,0,0,0,0
799,0,0,22,11,18,26,6,0,0,82,0,0,12,6,4,13,9,0,0,43,0,6,12,15,12,18,3,0,0,73,0,10,15,15,9,9,4,0,0,62,0,5,4,0,3,3,3,0,0,20,0,3,10,8,4,5,0,0,0,34,4,3,0,0,0,0,0,0,0,4,0,0,0,0,0,0,3,0,0,5,0,35,93,73,87,44,32,5,0,368,7,70,192,144,141,123,62,8,0,740,0,3,11,0,3,4,0,0,0,22,0,0,0,3,6,0,0,0,0,10,0,12,41,25,36,69,25,0,0,201,0,4,12,10,9,20,13,0,0,64,0,3,11,6,3,6,3,0,0,27,0,9,26,17,20,23,13,0,0,104,0,3,5,4,7,17,3,0,0,39,0,10,25,11,14,18,5,0,0,86,0,3,24,11,16,6,3,0,0,70,0,4,7,0,3,0,0,0,0,22
801,37,709,3290,2675,2287,2133,1210,647,212,13206,30,408,2160,2260,1947,2080,1673,712,162,11426,161,1799,6337,6013,4718,3128,1786,562,222,24736,188,1838,6857,5753,4511,3521,2047,603,147,25467,59,484,1634,1297,908,498,274,115,49,5322,155,564,1271,944,638,387,225,82,24,4296,26,25,14,15,16,19,28,22,11,178,17,71,433,490,393,249,154,64,29,1903,677,975,2136,1651,1466,1353,1123,974,931,11276,1443,7951,27797,24365,19403,14981,9320,4048,1923,111238,9,672,2260,2245,2135,1513,534,320,68,9756,129,1140,2969,2581,1853,640,75,12,8,9406,79,841,3224,3652,3432,2697,1452,771,173,16326,57,452,1397,1325,1316,1028,665,336,54,6622,16,263,822,702,561,321,163,76,18,2938,32,526,1932,2578,3023,1750,880,470,144,11342,12,324,2041,2101,2962,2516,1099,394,128,11572,330,2638,7076,6564,5682,3627,1161,689,207,27967,156,2191,7419,6327,6420,4597,1597,742,151,29595,68,1043,2030,1412,980,500,217,110,32,6397
897,0,0,0,0,0,0,0,0,0,0,0,0,0,0,0,0,0,0,0,0,0,0,0,0,0,0,0,0,0,0,0,0,0,0,0,0,0,0,0,0,0,0,0,0,0,0,0,0,0,0,0,0,0,0,0,0,0,0,0,0,0,0,0,0,0,0,0,0,0,0,0,0,0,0,0,0,0,0,0,0,0,0,0,0,0,0,0,0,0,0,0,0,0,0,0,0,0,0,0,0,0,0,0,0,0,0,0,0,0,0,0,0,0,0,0,0,0,0,0,0,0,0,0,0,0,0,0,0,0,0,0,0,0,0,0,0,0,0,0,0,0,0,0,0,0,0,0,0,0,0,0,0,0,0,0,0,0,0,0,0,0,0,0,0,0,0,0,0,0,0,0,0,0,0,0,0,0,0,0,0,0,0,0,0,0,0,0,0,0,0,0,0,0,0,0,0,0,0,0,0
899,0,0,4,0,0,3,0,0,0,13,0,0,0,0,0,6,4,0,0,12,3,5,5,7,3,3,0,0,0,30,0,7,11,9,7,7,0,0,0,37,0,0,3,7,0,0,0,0,0,6,0,0,3,0,3,0,0,0,0,5,0,0,0,0,0,0,0,0,0,0,0,0,0,0,0,0,0,0,0,3,4,8,3,9,5,3,0,0,0,31,12,21,36,30,18,25,8,0,0,151,0,3,5,3,3,0,0,0,0,20,0,4,4,5,0,0,0,0,0,11,0,3,8,8,3,0,3,0,0,25,0,0,4,4,3,4,0,0,0,17,0,3,3,0,0,3,0,0,0,8,0,3,12,10,4,6,3,0,0,28,0,0,8,0,0,0,0,0,0,13,5,14,20,15,7,6,0,0,0,60,0,18,19,17,7,6,0,0,0,64,0,4,9,8,0,0,0,0,0,24
901,0,4,12,18,13,27,16,3,3,90,0,4,23,23,22,20,12,5,0,113,3,9,40,59,48,42,22,4,0,235,4,0,26,23,19,13,7,0,0,95,0,0,4,6,3,3,0,0,0,27,0,11,15,14,13,11,0,0,0,60,0,0,0,0,0,3,0,0,0,5,0,0,0,0,3,4,0,0,0,15,28,8,27,34,57,51,33,21,6,267,37,43,170,201,190,179,88,44,9,965,0,3,9,13,4,0,0,0,0,27,0,0,7,0,0,0,0,0,0,4,0,4,31,51,41,16,7,0,0,156,0,4,10,16,20,13,0,0,0,60,0,0,3,3,8,0,0,0,0,20,0,0,3,13,17,6,0,0,0,44,0,8,14,26,30,9,0,0,0,86,6,15,26,27,17,7,0,0,0,100,0,8,22,12,8,7,0,0,0,58,0,0,0,0,0,0,0,0,0,7
997,0,0,0,0,0,0,0,0,0,0,0,0,0,0,0,0,0,0,0,0,0,0,0,0,0,0,0,0,0,0,0,0,0,0,0,0,0,0,0,0,0,0,0,0,0,0,0,0,0,0,0,0,0,0,0,0,0,0,0,0,0,0,0,0,0,0,0,0,0,0,0,0,0,0,0,0,0,0,0,0,0,0,0,0,0,0,0,0,0,0,0,0,0,0,0,0,0,0,0,0,0,0,0,0,0,0,0,0,0,0,0,0,0,0,0,0,0,0,0,0,0,0,0,0,0,0,0,0,0,0,0,0,0,0,0,0,0,0,0,0,0,0,0,0,0,0,0,0,0,0,0,0,0,0,0,0,0,0,0,0,0,0,0,0,0,0,0,0,0,0,0,0,0,0,0,0,0,0,0,0,0,0,0,0,0,0,0,0,0,0,0,0,0,0,0,0,0,0,0,0
999,0,0,0,0,3,0,0,0,0,3,0,0,0,0,0,0,0,0,0,0,0,0,0,0,0,0,3,0,0,3,0,0,0,3,0,0,0,0,0,4,0,0,0,0,0,0,0,0,0,0,0,0,0,0,0,0,0,0,0,0,0,0,0,0,0,0,0,0,0,0,0,0,0,0,0,0,0,0,0,0,0,0,0,0,0,0,0,0,0,4,3,4,0,5,3,3,3,0,0,18,0,0,0,0,0,0,0,0,0,3,0,0,0,0,0,0,0,0,0,0,0,0,0,0,0,0,0,0,0,0,0,0,0,0,0,0,0,0,0,0,0,0,0,0,0,0,0,0,0,0,0,0,0,0,0,0,0,0,0,0,0,0,0,0,0,0,0,0,0,0,0,0,0,0,0,0,0,0,0,0,0,0,0,0,0,0,0,0,0,0,0,0,0,0,0,0,0,0,0,0