SA4_CODE_2016,C11_P_25_29_Em_FT,C11_P_25_29_Em_PT,C11_P_25_29_Em_AFW,C11_P_25_29_Em_Hrs_NS,C11_P_25_29_Em_Tot,C11_P_25_29_Unem_Look_FT,C11_P_25_29_Unem_Look_PT,C11_P_25_29_Unem_Tot,C11_P_25_29_Tot_LF,C11_P_25_29_Notin_LF,C11_P_25_29_LF_NS,C11_P_25_29_Tot,C11_P_30_34_Em_FT,C11_P_30_34_Em_PT,C11_P_30_34_Em_AFW,C11_P_30_34_Em_Hrs_NS,C11_P_30_34_Em_Tot,C11_P_30_34_Unem_Look_FT,C11_P_30_34_Unem_Look_PT,C11_P_30_34_Unem_Tot,C11_P_30_34_Tot_LF,C11_P_30_34_Notin_LF,C11_P_30_34_LF_NS,C11_P_30_34_Tot,C11_P_35_39_Em_FT,C11_P_35_39_Em_PT,C11_P_35_39_Em_AFW,C11_P_35_39_Em_Hrs_NS,C11_P_35_39_Em_Tot,C11_P_35_39_Unem_Look_FT,C11_P_35_39_Unem_Look_PT,C11_P_35_39_Unem_Tot,C11_P_35_39_Tot_LF,C11_P_35_39_Notin_LF,C11_P_35_39_LF_NS,C11_P_35_39_Tot,C11_P_40_44_Em_FT,C11_P_40_44_Em_PT,C11_P_40_44_Em_AFW,C11_P_40_44_Em_Hrs_NS,C11_P_40_44_Em_Tot,C11_P_40_44_Unem_Look_FT,C11_P_40_44_Unem_Look_PT,C11_P_40_44_Unem_Tot,C11_P_40_44_Tot_LF,C11_P_40_44_Notin_LF,C11_P_40_44_LF_NS,C11_P_40_44_Tot,C11_P_45_49_Em_FT,C11_P_45_49_Em_PT,C11_P_45_49_Em_AFW,C11_P_45_49_Em_Hrs_NS,C11_P_45_49_Em_Tot,C11_P_45_49_Unem_Look_FT,C11_P_45_49_Unem_Look_PT,C11_P_45_49_Unem_Tot,C11_P_45_49_Tot_LF,C11_P_45_49_Notin_LF,C11_P_45_49_LF_NS,C11_P_45_49_Tot,C11_P_50_54_Em_FT,C11_P_50_54_Em_PT,C11_P_50_54_Em_AFW,C11_P_50_54_Em_Hrs_NS,C11_P_50_54_Em_Tot,C11_P_50_54_Unem_Look_FT,C11_P_50_54_Unem_Look_PT,C11_P_50_54_Unem_Tot,C11_P_50_54_Tot_LF,C11_P_50_54_Notin_LF,C11_P_50_54_LF_NS,C11_P_50_54_Tot,C11_P_55_59_Em_FT,C11_P_55_59_Em_PT,C11_P_55_59_Em_AFW,C11_P_55_59_Em_Hrs_NS,C11_P_55_59_Em_Tot,C11_P_55_59_Unem_Look_FT,C11_P_55_59_Unem_Look_PT,C11_P_55_59_Unem_Tot,C11_P_55_59_Tot_LF,C11_P_55_59_Notin_LF,C11_P_55_59_LF_NS,C11_P_55_59_Tot,C11_P_60_64_Em_FT,C11_P_60_64_Em_PT,C11_P_60_64_Em_AFW,C11_P_60_64_Em_Hrs_NS,C11_P_60_64_Em_Tot,C11_P_60_64_Unem_Look_FT,C11_P_60_64_Unem_Look_PT,C11_P_60_64_Unem_Tot,C11_P_60_64_Tot_LF,C11_P_60_64_Notin_LF,C11_P_60_64_LF_NS,C11_P_60_64_Tot,C11_P_65_69_Em_FT,C11_P_65_69_Em_PT,C11_P_65_69_Em_AFW,C11_P_65_69_Em_Hrs_NS,C11_P_65_69_Em_Tot,C11_P_65_69_Unem_Look_FT,C11_P_65_69_Unem_Look_PT,C11_P_65_69_Unem_Tot,C11_P_65_69_Tot_LF,C11_P_65_69_Notin_LF,C11_P_65_69_LF_NS,C11_P_65_69_Tot,C11_P_70_74_Em_FT,C11_P_70_74_Em_PT,C11_P_70_74_Em_AFW,C11_P_70_74_Em_Hrs_NS,C11_P_70_74_Em_Tot,C11_P_70_74_Unem_Look_FT,C11_P_70_74_Unem_Look_PT,C11_P_70_74_Unem_Tot,C11_P_70_74_Tot_LF,C11_P_70_74_Notin_LF,C11_P_70_74_LF_NS,C11_P_70_74_Tot,C11_P_75ov_Em_FT,C11_P_75ov_Em_PT,C11_P_75ov_Emp_Aw_fr_w,C11_P_75ov_Emp_Hou_w_ns,C11_P_75andOver_Em_Tot,C11_P_75over_Unem_Lo_ft_wor,C11_P_75over_Unem_Lo_pt_wor,C11_P_75over_Unemp_Tot,C11_P_75over_Tot_lab_for,C11_P_75over_N_lab_forc,C11_P_75over_LF_NS,C11_P_75over_Tot,C11_P_Tot_Em_FT,C11_P_Tot_Em_PT,C11_P_Tot_Em_AFW,C11_P_Tot_Em_Hrs_NS,C11_P_Tot_Em_Tot,C11_P_Tot_Unem_Look_FT,C11_P_Tot_Unem_Look_PT,C11_P_Tot_Unem_Tot,C11_P_T_T_labo_for,C11_P_Tot_Notin_LF,C11_P_Tot_LF_NS,C11_P_T_T,C16_P_15_19_Em_FT,C16_P_15_19_Em_PT,C16_P_15_19_Em_AFW,C16_P_15_19_Em_Hrs_NS,C16_P_15_19_Em_Tot,C16_P_15_19_Unem_Look_FT,C16_P_15_19_Unem_Look_PT,C16_P_15_19_Unem_Tot,C16_P_15_19_Tot_LF,C16_P_15_19_Notin_LF,C16_P_15_19_LF_NS,C16_P_15_19_Tot,C16_P_20_24_Em_FT,C16_P_20_24_Em_PT,C16_P_20_24_Em_AFW,C16_P_20_24_Em_Hrs_NS,C16_P_20_24_Em_Tot,C16_P_20_24_Unem_Look_FT,C16_P_20_24_Unem_Look_PT,C16_P_20_24_Unem_Tot,C16_P_20_24_Tot_LF,C16_P_20_24_Notin_LF,C16_P_20_24_LF_NS,C16_P_20_24_Tot,C16_P_25_29_Em_FT,C16_P_25_29_Em_PT,C16_P_25_29_Em_AFW,C16_P_25_29_Em_Hrs_NS,C16_P_25_29_Em_Tot,C16_P_25_29_Unem_Look_FT,C16_P_25_29_Unem_Look_PT,C16_P_25_29_Unem_Tot,C16_P_25_29_Tot_LF,C16_P_25_29_Notin_LF,C16_P_25_29_LF_NS,C16_P_25_29_Tot,C16_P_30_34_Em_FT,C16_P_30_34_Em_PT,C16_P_30_34_Em_AFW,C16_P_30_34_Em_Hrs_NS,C16_P_30_34_Em_Tot,C16_P_30_34_Unem_Look_FT,C16_P_30_34_Unem_Look_PT,C16_P_30_34_Unem_Tot,C16_P_30_34_Tot_LF,C16_P_30_34_Notin_LF,C16_P_30_34_LF_NS,C16_P_30_34_Tot,C16_P_35_39_Em_FT,C16_P_35_39_Em_PT,C16_P_35_39_Em_AFW,C16_P_35_39_Em_Hrs_NS,C16_P_35_39_Em_Tot,C16_P_35_39_Unem_Look_FT,C16_P_35_39_Unem_Look_PT,C16_P_35_39_Unem_Tot
101,5106,1618,362,153,7235,285,105,396,7628,1624,562,9811,4978,2117,456,161,7712,212,125,339,8051,1712,564,10323,6499,2735,419,202,9851,252,142,397,10249,1972,625,12844,7618,3281,373,245,11523,291,166,457,11980,1962,737,14682,8283,3200,409,206,12095,278,122,397,12488,2085,709,15278,8025,3343,486,219,12067,265,132,397,12468,2656,714,15837,6136,2971,540,136,9777,210,153,369,10144,4124,710,14984,3691,2634,367,154,6840,162,141,302,7142,7134,696,14970,1245,1196,147,83,2674,20,30,50,2727,8422,583,11732,457,503,72,40,1078,6,19,27,1106,7238,581,8932,288,322,51,55,716,4,7,14,723,13332,1658,15713,58887,29515,4218,2039,94663,2773,1737,4511,99175,59556,9270,168008,1485,3848,218,210,5754,287,508,796,6549,5323,784,12659,4464,2454,223,222,7369,453,220,678,8049,1555,766,10364,5410,1970,349,157,7883,338,153,484,8371,1611,821,10802,5595,2369,489,149,8600,268,147,419,9020,1710,808,11539,5717,2542,337,165,8762,255,132,385
102,7918,2764,567,279,11528,661,264,926,12457,2714,765,15929,7626,3328,686,246,11895,509,232,741,12633,3041,736,16406,9062,4388,604,271,14326,512,318,828,15150,3476,887,19515,10033,4873,505,329,15733,554,295,852,16586,3306,947,20836,10684,4804,537,350,16376,542,263,805,17183,3254,914,21346,10351,4564,607,294,15818,491,236,730,16544,3951,1013,21508,7759,3917,569,214,12455,383,189,574,13031,5563,832,19432,4140,3131,430,137,7835,248,196,446,8281,9790,891,18965,1160,1473,151,55,2836,21,61,79,2920,12538,911,16370,230,521,56,27,827,4,18,30,860,11699,884,13440,84,231,50,42,405,9,11,20,423,25628,3424,29481,78353,44067,5609,2980,131011,6040,3646,9685,140703,96917,13872,251489,1947,6158,318,198,8614,758,1312,2072,10685,8387,860,19930,6869,5131,387,326,12714,1024,541,1566,14277,2927,966,18174,8601,3309,536,239,12687,646,299,949,13634,2667,900,17195,8667,3922,706,228,13526,491,285,774,14297,2901,875,18078,8815,4256,553,252,13878,446,297,736
103,5219,1620,322,169,7332,350,150,494,7833,2054,497,10385,4786,1960,378,176,7294,297,117,405,7702,2109,534,10351,5788,2446,334,196,8766,299,134,437,9197,2055,646,11903,6466,2771,277,196,9712,260,140,397,10105,2065,600,12770,6942,2671,327,206,10144,250,145,401,10547,2182,558,13284,7004,2566,382,181,10142,231,94,328,10465,2462,547,13475,5646,2359,365,143,8519,183,108,296,8816,3220,602,12637,3436,2053,307,143,5937,127,87,210,6146,5746,637,12529,1354,1136,153,66,2713,12,32,39,2748,6827,602,10186,525,570,69,57,1222,0,6,6,1232,6249,563,8047,335,378,63,73,852,0,5,6,861,12834,1421,15110,54393,25790,3483,2000,85662,2961,1747,4701,90370,56760,8458,155586,1445,3139,233,194,5009,427,526,957,5968,6128,992,13093,4444,2399,268,191,7311,608,320,933,8241,2319,1003,11564,5439,1951,371,158,7918,396,179,571,8487,2124,866,11480,5290,2435,421,162,8311,318,176,496,8805,1986,827,11619,5264,2328,286,173,8050,318,157,469
104,2177,1088,179,85,3521,290,121,409,3935,1364,260,5561,2252,1313,186,83,3828,274,128,404,4237,1343,227,5807,2944,1814,194,107,5058,262,147,409,5470,1534,298,7302,3485,2127,209,112,5937,282,145,429,6365,1537,329,8232,3924,2321,233,109,6589,287,157,436,7026,1781,351,9164,4172,2481,278,117,7041,290,129,415,7452,2308,351,10107,3338,2121,306,106,5875,239,119,362,6230,3336,366,9939,1807,1575,185,69,3638,161,121,278,3920,5282,360,9564,468,575,82,31,1158,13,36,45,1199,6204,324,7729,158,190,24,18,392,4,13,16,408,5303,339,6053,66,141,15,34,250,0,3,3,259,10251,1111,11624,27612,19552,2262,1113,50539,2923,1759,4688,55221,45646,4958,105824,625,2356,130,103,3217,370,425,796,4012,3531,479,8016,2023,1579,146,102,3854,417,187,605,4451,1224,457,6135,2517,1334,180,89,4122,290,137,430,4551,1306,441,6296,2555,1542,200,81,4372,227,132,362,4736,1297,425,6456,2725,1692,166,72,4660,225,135,367
105,3072,936,196,115,4317,257,93,347,4659,1366,342,6364,2736,1068,222,95,4117,225,76,300,4418,1208,317,5950,3202,1267,175,104,4755,221,95,318,5070,1280,375,6726,3653,1346,175,123,5298,229,88,317,5619,1234,432,7285,4053,1363,165,118,5698,185,89,271,5973,1331,426,7731,4176,1430,214,121,5947,172,69,243,6194,1582,463,8236,3238,1199,226,96,4754,122,50,174,4926,2055,407,7383,2043,1034,187,86,3359,100,75,182,3534,3119,370,7028,843,576,77,63,1559,4,14,16,1579,3724,388,5692,355,300,38,37,725,0,10,8,740,3540,379,4655,232,192,45,44,511,4,3,9,519,7039,953,8507,31522,13367,1936,1266,48088,2207,1036,3242,51334,32293,5697,89321,717,1488,85,99,2380,255,257,510,2894,3150,464,6502,2521,1097,128,116,3864,366,180,548,4414,1451,593,6453,3447,1029,197,100,4782,277,124,404,5182,1337,671,7184,3014,1231,256,87,4590,236,99,336,4925,1284,612,6822,2820,1183,141,87,4225,221,87,303
106,7297,2233,493,258,10280,435,176,606,10890,2526,613,14028,6817,2711,535,219,10276,348,217,566,10840,2844,592,14281,7615,3485,467,278,11842,346,224,576,12414,2883,674,15970,8430,3614,443,305,12786,338,195,526,13316,2556,724,16594,8640,3500,393,245,12784,331,149,481,13265,2680,725,16668,8248,3223,489,236,12191,264,144,400,12599,3288,729,16612,6073,2845,451,196,9561,187,122,308,9869,4846,706,15419,3295,2284,328,119,6025,129,96,226,6251,8051,687,14988,941,1010,126,56,2135,13,27,39,2179,9151,633,11960,260,397,27,26,704,3,9,12,717,7558,569,8841,138,232,42,42,449,3,3,10,457,13915,1629,16003,67105,33100,4524,2558,107286,3730,2248,5983,113268,69263,9697,192223,1783,4815,267,177,7038,745,944,1686,8728,6854,828,16410,5876,3671,350,254,10151,948,443,1384,11532,2631,918,15088,7394,2887,497,198,10973,608,298,910,11883,2706,1011,15600,7357,3290,572,180,11404,460,272,729,12133,2823,1046,16005,7236,3437,405,211,11291,471,234,710
107,8239,2907,609,245,12005,656,306,957,12967,3148,765,16877,7649,3334,714,208,11913,455,270,725,12635,2909,599,16143,8600,4319,640,237,13796,461,262,721,14525,3196,656,18375,8922,4342,466,256,13992,427,250,681,14668,3055,647,18382,9704,4313,503,318,14837,443,204,644,15484,3219,691,19398,9337,3842,573,248,13998,379,166,543,14541,3770,681,18991,6636,3079,546,185,10452,242,137,382,10833,5294,620,16752,3361,2089,348,116,5911,155,127,276,6191,8631,639,15458,794,946,117,44,1893,6,31,38,1932,10111,593,12641,165,314,36,20,536,10,6,17,554,9444,605,10603,77,181,35,29,314,8,3,9,319,19162,1928,21406,71890,39467,5518,2554,119425,4992,3606,8598,128018,85256,9963,223235,1740,5329,286,187,7545,568,1496,2063,9609,8637,733,18979,6665,6161,390,331,13546,942,964,1902,15446,4397,1008,20855,8565,3601,573,211,12950,615,397,1014,13961,3204,939,18102,8606,3792,722,227,13346,423,300,721,14069,2825,905,17796,8441,4153,555,168,13313,375,273,651
108,2794,1459,223,118,4592,414,145,557,5151,1844,335,7324,3102,1757,273,99,5238,338,170,509,5751,1922,328,7996,4111,2481,265,172,7030,359,200,559,7593,2305,433,10325,5010,2915,258,178,8361,416,194,613,8972,2367,496,11840,5735,3219,345,188,9486,439,199,639,10121,2741,537,13397,5979,3499,428,168,10070,417,202,618,10686,3640,635,14966,4616,3086,430,116,8255,336,190,522,8771,5310,641,14728,2658,2399,312,94,5458,227,182,407,5863,9288,668,15819,837,1085,139,55,2108,17,33,46,2155,11576,705,14437,265,390,48,28,731,8,17,27,751,10193,642,11587,125,264,45,46,476,7,7,15,486,19899,2308,22699,39054,27462,3206,1577,71304,4109,2254,6368,77670,78897,8622,165191,899,3232,255,177,4568,457,565,1017,5583,5451,659,11701,2728,2015,221,177,5143,601,259,854,5997,1943,582,8522,3255,1840,238,121,5453,427,175,603,6055,1923,589,8570,3305,1997,324,103,5729,301,169,472,6203,1955,539,8700,3617,2299,222,139,6279,310,174,482
109,2964,912,219,86,4180,172,83,256,4430,930,280,5641,2738,1144,202,76,4170,140,75,213,4383,993,260,5638,3187,1463,194,118,4960,136,83,218,5179,966,271,6420,3630,1552,182,124,5486,161,79,243,5735,960,320,7013,4040,1547,172,107,5856,151,68,213,6074,975,322,7369,4249,1657,232,130,6274,155,70,225,6500,1208,320,8027,3295,1556,245,95,5191,102,79,184,5375,1836,347,7552,2055,1330,201,92,3677,79,66,144,3825,3294,331,7450,735,649,120,43,1543,6,13,21,1568,4115,326,6007,270,295,39,33,636,0,6,7,646,4070,332,5051,163,169,45,49,423,3,4,7,429,7943,1021,9387,31033,15479,2155,1220,49891,1601,1042,2645,52528,31743,4826,89101,829,2025,121,108,3084,200,302,501,3586,2875,443,6902,2507,1499,119,126,4253,316,171,489,4742,1008,560,6312,2945,1169,203,75,4396,205,86,290,4677,893,506,6079,2934,1393,256,81,4665,169,92,265,4932,907,487,6330,2819,1460,144,72,4498,158,67,223
110,4403,1442,303,125,6284,395,142,532,6818,1869,485,9170,4219,1738,265,116,6336,308,151,458,6794,1878,504,9172,4864,2209,218,178,7471,301,149,443,7910,1838,525,10282,5589,2355,221,184,8349,279,143,424,8774,1803,600,11181,5975,2455,297,196,8921,277,103,380,9308,1923,560,11786,6318,2379,359,187,9238,255,138,397,9629,2329,607,12570,5175,2114,340,148,7783,192,107,294,8079,2965,564,11604,3297,1822,272,109,5504,144,106,249,5751,4982,550,11281,1275,1073,146,77,2572,10,23,38,2603,6211,530,9342,523,514,59,51,1146,3,13,17,1162,5887,541,7592,359,324,58,51,796,3,6,6,802,11034,1502,13337,47694,23102,3011,1778,75583,3099,1864,4962,80554,51028,8181,139761,1238,2856,224,178,4495,402,460,863,5362,5342,887,11589,3775,2015,245,185,6223,541,336,875,7099,2507,904,10511,4755,1714,308,141,6924,393,179,571,7494,1891,845,10224,4610,1983,327,127,7046,293,139,437,7481,1715,795,9985,4454,1979,241,134,6813,265,148,413
111,11765,3857,744,291,16661,689,308,993,17659,3299,909,21862,10220,4147,859,273,15501,483,264,744,16248,3314,803,20367,10717,5229,758,280,16984,475,275,752,17736,3642,825,22196,11346,5295,640,336,17606,478,285,759,18368,3465,809,22650,11800,5073,597,302,17772,441,248,691,18462,3844,855,23164,11895,4690,741,282,17605,373,197,570,18177,4465,929,23566,8867,4168,689,202,13927,272,156,431,14356,6636,749,21743,4429,3215,415,126,8187,171,148,317,8505,11171,819,20494,1146,1422,151,63,2779,14,36,57,2833,13053,795,16682,241,496,46,34,819,3,8,15,831,11530,727,13087,93,278,32,38,445,3,8,8,454,25663,2814,28930,94473,51331,6862,2995,155658,5228,3874,9108,164765,103476,12854,281096,1854,6889,362,217,9318,836,1789,2625,11946,8820,663,21430,7960,7664,602,378,16603,1318,1063,2379,18980,4927,1002,24899,11922,4696,746,307,17674,777,449,1225,18897,3287,1081,23263,11513,4966,1001,255,17735,684,369,1054,18791,3345,941,23078,10483,5252,601,224,16563,606,288,894
112,3867,2156,322,154,6486,524,238,762,7246,2129,488,9867,4247,2575,374,172,7363,414,258,675,8037,2316,548,10910,5406,3538,378,215,9537,455,242,697,10233,2716,610,13563,6301,4005,374,217,10903,446,305,747,11650,2683,668,14997,7149,4155,388,266,11955,512,262,773,12727,2969,697,16386,7458,4450,475,214,12600,470,297,767,13361,3782,795,17940,5822,3920,507,182,10435,388,249,637,11069,5280,744,17092,3147,2929,341,113,6526,220,204,426,6955,8023,668,15649,937,1153,111,66,2270,19,37,60,2331,9312,585,12230,273,454,45,34,806,10,10,16,821,8463,567,9855,198,292,50,59,596,0,9,11,605,19079,2239,21920,49529,36360,3903,2096,91883,4735,3200,7936,99822,75630,9812,185264,1062,4204,207,207,5682,381,780,1154,6838,6013,930,13774,3328,3085,203,190,6801,628,372,997,7803,1909,875,10593,4046,2510,282,165,7008,399,243,638,7650,1863,882,10392,4589,3004,415,175,8181,328,188,520,8700,2179,936,11816,5170,3463,300,175,9107,345,220,567
113,4469,1428,270,136,6303,291,119,415,6717,1574,407,8695,3997,1602,299,150,6054,198,105,301,6351,1602,354,8311,4581,1969,263,138,6945,195,101,299,7246,1580,385,9212,5098,2035,217,182,7531,195,82,276,7805,1426,389,9615,5564,2058,228,165,8009,182,87,267,8275,1411,391,10074,5576,1943,301,168,7989,144,66,204,8191,1636,491,10322,4330,1689,315,126,6459,123,76,200,6659,2298,371,9332,2624,1379,247,105,4355,83,56,139,4488,3640,385,8522,924,768,104,62,1860,8,16,26,1884,4493,384,6758,357,373,62,29,822,4,4,8,834,4548,349,5727,240,247,45,36,570,0,3,6,577,9418,1106,11106,44068,19816,2790,1663,68338,2198,1300,3496,71837,40411,5930,118180,1503,2563,146,149,4362,278,400,681,5047,4447,658,10148,4185,2040,195,178,6604,415,256,672,7277,1802,686,9761,4914,1629,285,150,6981,300,111,411,7391,1558,665,9617,4478,1814,340,147,6786,240,117,358,7141,1576,653,9363,4206,1845,219,109,6377,223,108,335
114,2456,932,207,89,3674,217,84,310,3984,1130,274,5386,2380,1218,218,88,3904,189,85,279,4178,1258,294,5733,3241,1700,207,113,5258,197,101,297,5554,1433,357,7345,3701,2114,212,130,6159,246,120,364,6519,1440,378,8337,4321,2203,234,112,6877,255,116,365,7241,1601,459,9301,4424,2304,291,106,7121,219,109,327,7446,2010,459,9917,3268,2081,303,121,5770,163,102,269,6042,3009,398,9446,1992,1810,193,74,4069,103,95,197,4271,5860,492,10619,648,934,84,45,1710,13,37,48,1757,7231,453,9446,202,359,34,18,611,6,13,20,629,6607,461,7700,88,189,30,30,336,0,6,6,339,12214,1490,14052,30169,19350,2328,1213,53047,2298,1343,3643,56692,49062,6303,112052,849,2504,141,117,3612,249,319,564,4173,3684,460,8322,2531,1623,130,126,4410,322,160,485,4898,1136,471,6505,2959,1353,203,104,4620,176,95,277,4895,1170,451,6524,2894,1513,219,80,4706,171,99,269,4976,1312,467,6748,3023,1658,170,71,4923,163,87,248
115,6062,1427,297,175,7965,238,111,345,8308,1167,312,9788,6118,1930,448,164,8659,184,106,293,8950,1555,330,10837,8120,3216,414,203,11961,210,163,377,12333,2109,423,14870,9429,3680,307,209,13628,236,174,406,14035,2001,492,16533,10076,3396,322,231,14026,274,133,411,14437,1706,468,16614,9563,3059,347,215,13182,256,119,371,13551,1800,447,15800,7216,2739,350,163,10474,210,98,305,10777,2610,431,13813,4403,2588,290,129,7411,143,112,253,7662,4582,418,12658,1486,1410,146,62,3101,29,44,69,3168,5665,329,9159,305,515,47,22,888,0,10,12,900,4735,285,5923,109,249,34,21,410,0,6,6,416,8822,874,10116,70100,32736,3668,2074,108578,2368,2229,4605,113180,47092,5611,165885,1354,4911,265,124,6653,152,991,1144,7792,8358,474,16623,5686,4803,242,183,10917,334,490,824,11742,2022,408,14165,6819,1757,270,184,9029,265,144,401,9431,1122,429,10990,6849,2152,450,176,9637,220,127,344,9981,1610,384,11970,8429,3015,362,173,11980,254,193,446
116,11719,3224,668,475,16091,884,368,1248,17334,4439,998,22768,12435,3751,841,471,17492,722,367,1092,18583,4685,948,24212,12435,4028,575,373,17412,680,352,1031,18443,4393,931,23766,11600,3630,409,367,16007,610,317,926,16931,3958,875,21766,11463,3158,380,343,15341,567,244,809,16153,3628,837,20617,9893,2720,381,327,13316,476,192,673,13990,3742,779,18516,7386,2236,365,214,10199,364,146,510,10712,4676,701,16094,4179,1752,255,156,6341,225,140,365,6706,6439,664,13811,1083,678,81,52,1891,25,38,65,1960,7010,592,9562,168,177,31,28,402,8,11,16,418,5730,486,6636,41,66,20,19,138,5,6,8,148,9846,1119,11118,92404,34192,4657,3689,134941,6523,3863,10387,145327,75263,10914,231504,1758,5283,270,273,7577,592,1554,2142,9723,12668,1023,23419,8020,6146,325,493,14989,1101,952,2053,17036,4849,1088,22967,12354,3914,555,498,17316,899,454,1349,18663,4509,1209,24386,14770,4521,803,487,20581,834,414,1251,21833,5105,1395,28337,14892,4599,529,449,20468,726,403,1133
117,21556,5971,776,421,28726,864,626,1484,30213,4558,4578,39351,20221,4658,1010,296,26185,671,375,1048,27235,3426,3728,34392,15079,3872,783,249,19988,582,244,824,20813,2686,2504,26005,11395,3041,477,232,15150,504,217,723,15873,2483,1962,20312,9127,2442,361,188,12120,413,172,585,12702,2357,1579,16640,7257,2092,285,145,9779,374,159,530,10313,2549,1516,14379,5345,1872,260,99,7567,282,156,439,8010,3190,1316,12512,3041,1606,185,87,4920,184,123,314,5231,4371,1132,10744,1045,843,74,54,2015,20,32,51,2066,4921,866,7848,247,344,21,20,631,5,18,26,653,4645,754,6053,107,194,20,20,347,6,6,10,354,8944,1599,10896,103029,35486,4896,2280,145698,4750,3968,8719,154409,56591,26360,237361,526,2492,172,160,3351,109,823,930,4280,7544,1248,13077,8447,8888,456,460,18249,635,1900,2535,20783,12092,4312,37189,25242,8869,730,646,35490,966,899,1872,37358,6022,5834,49214,25262,6450,1059,548,33325,738,451,1187,34516,3660,4688,42863,16942,4613,782,312,22653,581,296,873
118,14875,3417,520,323,19133,480,303,782,19919,2796,2797,25509,15341,3104,866,258,19566,408,211,621,20186,2410,2402,25000,12035,3652,759,223,16663,379,213,592,17252,2718,1951,21923,9829,3429,419,195,13868,309,192,505,14378,2469,1515,18367,8677,3023,313,196,12206,322,171,494,12703,2141,1291,16133,7292,2681,316,191,10484,296,131,432,10911,2144,1174,14228,5570,2350,350,142,8412,228,132,365,8770,2598,1002,12373,3733,2512,224,113,6591,116,131,249,6841,4380,967,12176,1531,1540,164,66,3305,18,46,58,3362,5112,877,9357,430,728,63,29,1251,12,23,36,1286,5273,768,7319,218,542,56,63,889,4,12,15,898,13776,2105,16778,85770,34025,4600,2182,126577,3124,3078,6202,132783,59098,19758,211631,391,2623,158,121,3299,81,727,811,4111,8473,792,13370,5090,5641,277,301,11311,378,1078,1457,12765,7363,1872,21998,15114,4026,443,331,19906,456,407,869,20776,3200,2668,26645,16267,3628,757,308,20960,374,236,611,21569,2401,2551,26516,12894,3694,722,217,17527,313,196,507
119,19629,6688,993,932,28244,1502,676,2177,30427,7890,2676,40985,18993,6303,1217,677,27189,1169,555,1718,28909,7934,2383,39227,18101,6638,1005,711,26459,971,554,1526,27985,7578,2193,37765,17556,6815,667,753,25785,926,590,1519,27300,7083,1936,36319,17744,6685,639,736,25804,898,502,1404,27209,6766,1936,35913,16137,5653,701,571,23068,868,427,1291,24357,7440,1835,33630,11521,4535,592,453,17097,638,360,992,18093,9032,1622,28752,6715,3695,411,252,11076,406,269,668,11743,12603,1447,25788,2041,1718,216,126,4103,27,72,95,4197,14557,1256,20010,453,708,58,49,1269,9,22,28,1294,14279,1163,16735,159,314,49,52,568,4,19,26,595,33197,3863,37653,142163,64442,7716,6699,221024,9606,6792,16402,237433,157584,26191,421210,1627,7142,398,338,9503,550,2009,2556,12059,20706,1512,34280,11154,12446,562,939,25109,1561,1930,3494,28606,10748,2222,41586,21715,9604,828,976,33115,1666,1118,2779,35896,9297,2909,48099,22501,8259,1271,893,32919,1302,769,2072,34994,8910,2727,46632,19507,7646,905,680,28744,985,592,1576
120,13679,4175,533,402,18785,716,396,1109,19896,3016,1914,24826,14041,3526,890,267,18723,533,237,771,19491,2910,1507,23913,12656,4012,843,246,17759,460,237,703,18465,2949,1398,22811,11196,3920,478,280,15876,413,226,636,16509,2623,1136,20268,10651,3607,356,276,14881,442,204,644,15518,2416,1061,18998,9193,2959,356,239,12747,374,177,549,13293,2480,934,16705,6894,2637,370,188,10090,312,160,476,10564,3259,750,14569,4023,2363,288,112,6787,163,146,304,7093,5120,752,12963,1343,1191,116,48,2707,14,49,64,2769,6000,592,9360,314,470,35,26,842,7,11,19,861,6176,571,7608,123,247,32,35,437,0,10,16,455,14483,2057,16991,90353,37278,4835,2602,135063,4152,3226,7376,142438,63692,14705,220839,545,3345,186,96,4174,127,755,880,5053,8020,649,13724,5757,6912,323,363,13355,554,1092,1640,14997,6297,1546,22842,14972,5354,488,433,21259,825,632,1454,22708,4157,2175,29042,16193,4270,839,377,21677,618,313,933,22616,3227,1983,27827,13265,4086,704,272,18321,427,259,688
121,16301,3346,619,288,20554,588,246,833,21392,2322,1614,25326,17415,3716,1149,246,22526,474,235,713,23240,3163,1586,27987,16741,5050,1011,268,23075,516,285,799,23872,4083,1445,29400,16323,5821,636,288,23064,535,329,863,23922,4112,1257,29297,15907,5478,510,312,22207,591,292,886,23094,3708,1122,27920,14556,5007,512,268,20349,511,200,714,21059,3467,1038,25563,10791,4415,511,204,15923,378,183,566,16489,4349,920,21758,6665,4732,457,136,11986,256,191,445,12431,7332,894,20654,2664,2943,259,69,5925,53,96,149,6079,9257,666,15999,694,1395,125,46,2268,12,34,44,2314,8882,610,11808,296,864,96,68,1315,5,19,24,1340,22824,2131,26293,126621,55038,6760,2719,191143,4595,3875,8472,199616,90832,15218,305663,754,5976,344,137,7212,128,1218,1341,8558,14227,822,23610,6949,7988,396,310,15642,431,807,1237,16879,4177,1097,22159,16297,3767,487,315,20864,569,334,905,21768,2379,1645,25788,19326,4315,1166,340,25145,528,295,824,25968,3212,1845,31029,18739,5241,971,299,25256,638,356,999
122,8504,2114,365,194,11179,243,137,379,11560,1159,727,13449,9625,2773,664,205,13267,206,118,329,13595,1734,801,16130,10667,4158,693,214,15738,240,199,436,16173,2424,820,19414,10468,4561,409,212,15653,245,228,471,16130,2309,733,19168,10241,4250,361,253,15107,308,161,467,15576,1854,680,18111,8782,3599,398,180,12965,270,130,401,13363,1784,598,15749,6606,3173,369,129,10281,180,125,307,10584,2499,595,13675,3832,3026,296,133,7285,128,133,265,7549,4652,501,12701,1409,1869,168,61,3508,21,48,75,3581,6664,444,10686,378,811,70,29,1285,4,21,21,1314,6407,413,8133,145,416,41,46,644,0,12,11,657,15861,1492,18012,76844,38298,4411,2080,121635,2319,2100,4420,126049,55548,8801,190393,947,4751,227,125,6049,104,750,856,6908,6985,524,14412,4899,4474,251,194,9818,237,316,552,10369,1554,633,12554,8358,2405,334,196,11299,209,130,335,11636,1051,807,13491,9529,2945,699,194,13364,197,132,333,13696,1485,896,16083,10127,3891,569,210,14791,194,176,368
123,8810,2245,516,297,11871,579,207,786,12657,2691,708,16055,8035,2644,524,275,11477,410,207,615,12092,2970,646,15707,8792,3242,417,301,12755,402,220,619,13373,2958,698,17030,8769,3071,325,302,12463,366,202,571,13036,2700,681,16415,9180,2958,322,310,12779,353,169,524,13297,2440,719,16462,8929,2756,391,252,12333,319,121,438,12773,2814,670,16256,6818,2300,429,200,9751,268,129,391,10138,3752,550,14440,3841,1855,277,130,6105,164,112,279,6389,5669,584,12647,932,748,73,32,1787,10,26,36,1817,5914,424,8160,159,253,23,19,457,0,4,4,458,4601,365,5422,48,96,22,25,187,0,3,3,192,7703,1147,9045,73903,29490,3956,2806,110158,4533,2592,7123,117279,56221,8860,182363,2101,4606,234,210,7148,571,1062,1635,8781,8535,799,18115,7442,4416,280,391,12528,880,524,1406,13932,2968,938,17847,9457,2754,490,323,13023,591,311,906,13930,2831,947,17711,9923,3340,678,280,14220,464,290,755,14967,3296,985,19254,9386,3311,441,255,13395,460,269,723
124,10560,2889,679,343,14465,567,237,801,15267,3011,832,19108,9713,3435,727,262,14145,437,238,674,14820,3258,746,18827,10315,4089,594,321,15313,390,259,647,15963,3210,807,19981,10830,4216,490,310,15856,425,257,682,16539,2973,825,20331,11106,3934,446,324,15812,378,216,593,16405,2754,891,20052,11157,3926,569,282,15930,372,163,537,16471,3208,855,20531,8652,3338,533,236,12751,314,143,453,13208,4526,775,18509,4996,2785,373,149,8307,198,160,365,8668,7299,745,16703,1277,1222,144,47,2685,25,44,74,2757,7945,575,11278,241,392,42,28,694,0,19,22,721,6571,506,7796,73,163,26,34,297,3,8,11,314,11951,1489,13746,90942,39739,5466,3100,139239,4783,3062,7853,147088,69444,10702,227235,2606,5733,274,239,8855,565,1184,1748,10601,8722,856,20179,8799,5201,372,371,14735,895,521,1419,16157,3093,1053,20301,11208,3402,619,325,15558,559,329,889,16446,3153,1197,20796,11183,3841,770,304,16103,482,228,714,16811,3382,1094,21295,10976,3906,481,256,15625,444,251,701
125,17657,5724,766,717,24854,1370,577,1949,26805,7766,2703,37277,17125,4779,961,578,23437,1110,408,1522,24963,7523,2083,34568,14284,4647,665,461,20059,886,436,1325,21381,6613,1632,29626,12591,4456,480,453,17980,811,405,1211,19191,6116,1503,26806,12419,4243,435,451,17546,718,370,1091,18640,5707,1346,25696,11244,3721,423,391,15783,561,304,865,16646,5798,1350,23793,8335,3051,451,271,12109,458,245,699,12815,6578,1087,20480,4782,2432,340,156,7710,288,184,465,8173,8740,874,17794,1466,1182,133,82,2858,31,46,77,2938,9689,857,13483,286,413,49,35,785,4,17,14,804,9171,721,10694,83,184,43,29,343,3,15,22,367,18991,2583,21941,110945,45736,5603,4757,167044,8037,5139,13176,180217,115963,20196,316377,1241,4839,251,245,6570,431,1489,1923,8490,15064,1115,24671,8614,8922,449,688,18671,1358,1562,2919,21596,8644,1943,32185,18481,7312,626,837,27258,1777,975,2753,30010,9261,2855,42126,22280,6824,1061,786,30953,1657,782,2434,33387,9453,3034,45874,18141,5802,700,585,25233,1172,620,1791
126,6803,1604,270,157,8839,370,217,588,9426,1827,546,11798,6647,1706,396,104,8853,247,142,388,9242,1636,445,11322,6508,2050,357,139,9050,267,148,418,9467,1773,383,11629,6366,2372,231,138,9102,225,156,384,9483,1641,350,11472,6823,2470,190,150,9633,241,137,377,10017,1517,368,11901,6209,2223,209,132,8777,208,105,310,9088,1655,332,11071,4834,1832,215,82,6968,167,91,255,7224,2158,339,9721,2765,1665,189,74,4695,98,83,184,4881,3380,291,8548,916,900,81,31,1929,10,23,36,1962,4012,246,6217,226,435,39,24,722,4,12,18,736,4293,242,5277,76,251,23,18,370,3,6,11,386,11281,993,12655,52026,23244,2623,1318,79217,2262,2332,4587,83803,45702,5472,134976,339,2658,165,88,3252,79,690,767,4015,6486,326,10835,3425,4287,229,193,8135,304,760,1066,9210,4450,577,14231,7602,2267,271,235,10377,460,356,813,11190,2556,633,14376,8424,2149,462,194,11235,407,208,616,11848,1993,634,14474,7642,2400,332,141,10521,309,194,500
127,12810,3061,617,690,17179,1080,374,1446,18622,5729,1458,25813,11196,3237,646,536,15624,813,352,1165,16790,6236,1416,24440,11497,4236,500,548,16788,747,417,1167,17952,6301,1380,25629,11717,4254,433,556,16965,717,413,1123,18087,6405,1347,25840,12134,4065,443,616,17261,714,398,1110,18373,6370,1317,26060,10760,3522,487,508,15275,671,406,1077,16347,7072,1337,24750,7630,2580,363,376,10948,449,260,705,11653,7834,1150,20637,4187,1851,238,219,6493,295,185,476,6967,9135,1055,17164,1129,703,87,81,2008,31,29,60,2067,9053,870,11986,202,221,23,28,470,12,14,20,495,8332,863,9694,61,127,22,30,234,3,12,14,251,14184,1887,16318,94606,37261,4616,5332,141817,7745,4801,12548,154364,110518,16637,281518,1770,5179,259,294,7501,595,1791,2380,9886,17784,1369,29037,9690,7456,451,708,18298,1464,1188,2651,20948,7209,1716,29874,14078,4096,573,598,19349,1047,489,1536,20884,6170,1846,28900,13331,4421,747,531,19024,902,457,1355,20385,7044,1805,29236,12217,4515,420,453,17606,801,482,1279
128,8415,1767,451,224,10854,223,92,320,11167,1043,565,12775,7630,2386,661,154,10828,201,88,285,11116,1494,539,13157,8274,3545,524,201,12535,198,147,351,12881,1854,494,15230,8400,3692,364,208,12662,225,136,354,13020,1671,460,15151,8624,3524,354,194,12699,263,134,394,13087,1443,470,15007,8694,3320,382,190,12590,215,95,312,12898,1657,465,15018,6833,2848,381,143,10196,176,90,264,10464,2499,427,13381,3769,2516,314,111,6718,111,94,212,6931,4819,392,12138,1159,1355,124,36,2682,17,27,47,2724,6266,408,9400,250,484,33,32,806,4,14,17,821,5648,256,6726,91,253,38,36,408,5,12,13,424,13547,1293,15268,70140,33744,4259,1987,110119,2242,1804,4042,114163,49342,6516,170023,1318,4478,206,115,6118,173,705,875,6995,5721,373,13095,5771,4072,227,211,10283,309,282,593,10873,1351,444,12667,8334,1844,356,187,10716,254,98,350,11064,1024,598,12691,7941,2521,674,165,11302,174,101,267,11569,1329,595,13493,8033,3307,437,153,11938,172,118,290
197,3,0,0,0,3,0,0,0,3,0,0,3,0,0,0,0,0,0,0,0,0,0,0,0,0,0,0,0,0,0,0,0,0,0,0,0,3,0,3,0,6,0,0,0,6,0,0,5,6,0,0,0,3,0,0,0,3,0,3,12,0,0,0,0,3,0,0,0,3,0,0,3,0,0,0,0,3,0,0,0,3,5,0,11,7,0,0,0,5,0,0,0,5,12,0,16,0,0,0,0,0,0,0,0,0,9,0,10,0,0,0,0,0,0,0,0,0,17,0,21,0,0,0,0,0,0,0,0,0,22,7,29,19,3,7,0,32,0,0,0,32,65,10,110,3,3,0,0,6,3,0,3,6,3,0,12,3,0,3,0,3,0,0,0,3,3,3,9,4,0,3,0,7,0,0,0,7,3,0,12,7,0,4,0,14,0,0,0,14,3,0,20,5,0,0,0,9,0,0,0
199,442,152,54,22,673,114,45,164,830,328,270,1422,364,118,24,17,517,98,36,136,655,310,271,1235,255,86,18,11,370,85,28,109,485,291,276,1052,222,84,23,11,338,87,24,109,444,308,292,1052,192,87,22,20,309,69,14,86,400,275,263,939,165,81,22,13,277,68,11,81,356,316,282,954,144,61,13,6,229,40,17,54,285,364,198,847,75,47,13,6,149,20,18,38,180,489,161,827,13,23,3,5,36,3,3,5,45,461,99,606,5,3,0,3,15,0,0,0,14,261,88,366,0,0,0,3,7,0,0,3,8,245,109,358,2284,1002,223,142,3649,769,297,1066,4719,4386,2633,11739,53,49,6,8,112,45,26,68,183,221,114,517,288,193,19,33,528,112,48,152,683,394,285,1358,429,175,24,30,660,97,44,144,805,312,447,1559,273,118,23,12,427,103,29,130,565,265,318,1142,222,80,6,19,330,79,18,104
201,4004,1388,285,97,5778,260,123,391,6162,1415,347,7924,3674,1600,321,106,5694,195,115,308,6004,1545,301,7853,4182,2188,275,132,6775,205,131,336,7110,1725,336,9162,4652,2401,244,134,7429,191,121,314,7740,1723,376,9843,5041,2396,248,128,7820,237,104,344,8165,1671,419,10256,4945,2207,310,119,7583,200,101,295,7883,1959,418,10264,3797,2121,322,102,6344,145,99,245,6583,2948,408,9944,2150,1763,268,79,4265,115,66,185,4451,4710,446,9605,639,690,84,37,1449,10,20,29,1476,5524,419,7423,173,270,35,29,509,4,9,10,520,4747,379,5647,107,147,24,47,320,3,0,3,325,9310,1237,10873,37926,22395,2897,1337,64554,2289,1675,3965,68521,43976,5945,118450,755,2866,139,138,3904,268,549,813,4719,4408,530,9654,3118,2868,234,198,6414,558,370,930,7341,1899,632,9873,4119,1781,264,107,6273,378,174,551,6826,1463,529,8816,3838,1927,366,108,6242,266,139,401,6645,1526,525,8697,3946,2185,266,99,6495,223,129,349
202,3770,1261,241,110,5382,222,100,323,5703,1363,287,7350,3477,1502,291,95,5359,178,110,285,5648,1529,290,7472,3910,2079,279,109,6372,164,94,258,6635,1609,340,8581,4481,2355,241,153,7228,172,114,286,7515,1566,352,9430,4842,2437,262,137,7680,160,104,271,7950,1502,360,9817,4929,2451,352,120,7851,150,81,231,8085,1716,352,10152,3858,2174,325,92,6446,162,110,273,6717,2658,376,9753,2058,1782,269,74,4178,107,88,188,4367,4508,391,9266,593,805,93,48,1540,9,19,30,1569,5102,390,7062,213,275,33,24,547,0,4,4,549,4692,358,5599,119,178,18,38,357,3,5,4,363,9276,1488,11121,36798,22270,2846,1314,63226,1955,1401,3359,66579,41581,5705,113869,691,2855,156,123,3822,230,556,784,4603,4199,570,9372,3174,2673,229,148,6229,437,317,756,6982,1711,539,9235,4105,1621,267,107,6095,286,139,421,6520,1463,538,8520,3817,1936,347,100,6199,206,119,321,6520,1490,579,8590,3741,2145,287,102,6266,210,126,333
203,7947,2415,513,208,11075,434,204,633,11717,2329,586,14624,7164,2918,615,181,10882,382,192,573,11452,2646,476,14575,8069,4044,627,206,12948,344,216,559,13511,2937,596,17044,8467,4354,467,264,13553,311,221,540,14090,2730,678,17499,8692,4317,453,266,13732,345,164,515,14247,2568,642,17453,8540,3998,573,231,13348,317,144,464,13809,2708,655,17173,6397,3598,572,151,10715,255,141,403,11117,4315,582,16007,3366,3041,394,103,6900,160,145,305,7204,7611,589,15405,875,1309,149,49,2384,13,28,50,2431,8904,584,11913,199,446,46,31,712,3,14,14,730,8138,566,9433,100,212,38,36,387,3,4,8,397,17771,1904,20076,67291,39678,5130,2279,114376,3724,2666,6390,120765,73303,9050,203124,1053,5399,319,229,6989,380,1083,1461,8451,7890,777,17118,5531,5621,378,311,11845,746,646,1392,13236,3234,978,17452,8435,3273,501,238,12441,528,283,817,13263,2508,929,16701,8405,3594,740,217,12950,418,222,636,13589,2913,882,17390,7949,4180,535,180,12832,349,217,568
204,3869,1235,312,133,5550,244,107,350,5901,1269,323,7492,3767,1601,306,126,5797,186,108,298,6095,1529,308,7939,4344,2275,295,162,7068,210,129,343,7415,1619,337,9364,5293,2596,270,165,8335,194,131,324,8656,1636,397,10694,6032,2710,315,164,9222,200,114,314,9530,1542,419,11488,6105,2677,433,166,9380,174,118,296,9675,1851,405,11930,4994,2617,408,143,8159,172,100,269,8432,2713,409,11551,2865,2204,363,93,5528,105,97,199,5726,5037,478,11247,1036,1070,164,62,2325,9,20,26,2352,6125,411,8894,358,439,72,41,906,9,8,12,916,5392,433,6742,268,263,57,47,637,0,5,5,638,10879,1233,12754,44087,24480,3465,1634,73668,2207,1486,3697,77367,45813,5833,129017,1177,3026,165,148,4520,235,429,661,5179,4445,660,10287,3658,1903,214,186,5960,396,179,571,6535,1335,634,8501,4120,1582,284,128,6118,245,116,361,6474,1293,595,8368,4059,1928,353,129,6470,209,94,303,6777,1375,606,8755,4091,2117,285,119,6614,194,109,302
205,6391,2250,504,230,9384,474,208,682,10061,2637,605,13300,5563,2654,512,195,8926,376,186,560,9485,2836,600,12919,6369,3404,458,241,10468,381,219,598,11071,2885,674,14625,7471,4079,446,286,12281,378,211,587,12870,2883,683,16440,8318,4046,528,270,13164,384,186,571,13733,2939,693,17363,8645,4259,631,244,13775,368,157,522,14296,3475,757,18534,6988,4020,672,187,11863,318,176,486,12353,5240,777,18366,4178,3268,545,157,8153,217,149,364,8521,9189,821,18528,1304,1540,213,92,3152,9,37,48,3195,10889,839,14925,414,649,94,66,1219,7,19,24,1246,9588,733,11562,314,387,65,70,831,3,6,12,840,18009,2173,21032,63922,37831,5338,2600,109695,4193,2490,6678,116372,80790,10679,207844,1344,4469,235,236,6284,476,748,1225,7508,6994,918,15423,5096,3165,302,250,8808,871,371,1242,10049,2416,1074,13540,6337,2655,499,192,9679,527,249,780,10460,2406,991,13852,6108,3254,599,167,10128,440,232,668,10800,2741,1028,14565,5831,3378,402,198,9802,419,223,643
206,41562,10858,1505,729,54650,1757,943,2696,57354,7120,5702,70173,36490,8063,1963,550,47069,1231,589,1820,48884,5732,4489,59102,24886,7542,1621,431,34476,919,453,1374,35851,5421,3112,44389,19806,7145,1000,410,28353,796,375,1173,29530,4864,2588,36984,16160,5760,688,321,22929,642,322,967,23889,4175,2125,30191,13948,4987,699,272,19913,568,259,826,20737,4584,1886,27212,10339,4316,610,226,15499,439,246,679,16182,5791,1716,23686,6003,4042,432,149,10625,270,200,473,11095,8314,1553,20969,2114,2063,204,95,4476,31,70,96,4578,9378,1311,15268,558,895,101,47,1595,16,34,46,1644,9534,1158,12333,220,534,81,55,899,11,9,25,919,22185,3340,26447,187786,74532,10378,4164,276865,8350,7386,15741,292607,113735,34866,441209,682,5817,253,267,7022,270,2375,2647,9662,15856,2057,27570,13754,17748,890,730,33131,1596,4180,5773,38901,21263,5647,65808,45447,15604,1281,952,63285,2333,1747,4077,67361,10143,7977,85484,44698,10819,2086,758,58359,1620,833,2453,60806,6613,6928,74350,28618,8428,1567,457,39070,1152,529,1679
207,13010,3950,552,345,17860,658,402,1065,18917,3068,1151,23140,11155,3116,731,208,15213,431,215,649,15859,2712,800,19373,11023,4336,717,238,16320,385,235,618,16936,3551,712,21207,12982,5697,539,289,19509,447,265,711,20226,3751,699,24685,13613,5591,427,343,19970,447,243,690,20664,3326,759,24744,12682,5014,491,289,18481,408,194,597,19080,3425,725,23231,9501,4289,513,237,14540,292,192,487,15029,4416,639,20074,5663,4127,423,156,10368,183,149,334,10698,7278,602,18577,2114,2405,246,80,4851,36,62,96,4946,9618,600,15172,517,1179,91,45,1831,12,28,37,1869,10319,668,12859,214,620,70,54,960,0,8,10,974,25582,3082,29642,100157,55347,5726,2982,164215,4084,4492,8585,172797,97974,12186,282958,428,6255,232,153,7064,132,1801,1934,8997,14539,771,24314,5927,10225,459,346,16955,685,1735,2419,19374,8061,1130,28564,13061,5063,476,361,18971,862,631,1493,20463,4063,1274,25796,12451,3882,764,264,17357,617,342,953,18314,3148,1053,22516,11162,4401,618,244,16417,468,307,775
208,14194,4117,617,357,19282,658,319,979,20267,2751,1314,24330,13791,3979,976,275,19026,465,243,706,19730,3067,1072,23867,14874,5931,1029,306,22145,435,265,698,22839,4052,1105,28002,16332,7172,702,360,24571,489,295,784,25355,4052,1145,30556,15486,6329,549,354,22718,476,239,715,23437,3218,1005,27658,14248,5606,614,334,20799,419,226,643,21442,3379,993,25815,10624,4819,589,243,16276,340,190,533,16810,4754,834,22395,6230,4537,515,189,11474,225,169,395,11870,7854,834,20554,1979,2483,229,109,4800,33,86,114,4913,9568,745,15227,520,979,106,55,1649,9,22,36,1688,9747,759,12194,212,607,80,72,965,10,16,23,985,27949,3085,32022,116989,60660,6915,3416,187981,4451,4072,8524,196500,97326,14775,308608,635,6599,265,155,7657,203,1611,1813,9463,12848,779,23090,6172,9203,387,340,16100,697,1311,2009,18110,6055,1207,25368,14018,4661,499,363,19535,802,490,1292,20827,3313,1440,25575,15278,4606,1047,326,21251,594,310,907,22157,3083,1406,26653,14677,5713,905,297,21588,495,267,761
209,17451,5065,927,680,24127,983,455,1435,25558,4884,1663,32108,16389,5422,1228,473,23507,675,363,1042,24548,5305,1427,31274,16228,7034,1077,528,24869,632,398,1025,25892,5849,1357,33098,16578,7644,742,521,25480,621,380,996,26475,5410,1260,33143,16036,6699,612,520,23879,554,327,878,24760,4644,1120,30522,14883,6069,755,467,22174,441,229,670,22847,4993,1175,29018,11014,5046,649,323,17040,356,176,532,17571,6742,1024,25333,5974,3896,551,218,10643,217,152,368,11012,10759,957,22731,1698,1676,178,68,3624,17,40,54,3679,12196,913,16792,330,573,62,40,1000,4,15,15,1020,11185,864,13064,132,288,36,34,488,3,5,5,496,22563,2967,26027,130268,65426,7918,5009,208621,6309,5191,11499,220115,115771,17258,353152,1466,8185,327,296,10273,546,2285,2829,13106,14844,1228,29178,9584,10936,591,562,21665,1352,1623,2973,24640,7462,1748,33852,18100,6923,863,623,26509,1382,743,2120,28629,6114,2093,36841,19792,7445,1481,567,29290,1076,575,1644,30934,6449,2192,39582,18015,7925,1030,460,27422,877,525,1398
210,11272,3293,618,495,15682,731,280,1008,16690,4085,1242,22011,10895,3539,772,423,15636,617,284,902,16535,4563,1119,22212,10676,4470,650,437,16227,536,287,827,17060,4772,1031,22868,11533,4948,520,416,17418,510,325,830,18252,4601,1106,23965,11468,4413,508,453,16838,497,230,721,17559,4320,1065,22944,9995,3689,509,344,14544,382,171,552,15098,4134,899,20128,7008,3082,395,264,10752,254,132,385,11136,5082,798,17020,3903,2380,342,165,6796,138,101,237,7031,7860,793,15685,1142,980,128,85,2332,20,20,38,2369,8981,739,12094,228,341,32,36,635,3,5,10,650,8761,711,10125,88,159,41,35,321,3,3,7,330,16956,2130,19411,88184,41642,5217,4120,139162,5283,3370,8653,147816,91053,13849,252714,1103,5499,214,222,7041,537,1705,2243,9279,12793,1045,23121,7289,7320,401,550,15563,1245,1018,2259,17823,5274,1329,24425,12831,4699,636,556,18729,1160,495,1659,20390,5006,1600,26996,13463,4904,901,463,19735,841,366,1212,20946,5618,1637,28210,12132,5082,651,394,18254,722,387,1106
211,17443,4442,873,475,23229,728,290,1023,24256,3470,837,28564,16269,5423,1163,386,23239,501,288,791,24039,4725,818,29587,17171,7711,1053,462,26398,538,376,920,27312,5423,951,33683,18653,8929,874,571,29027,576,427,1003,30032,5042,1027,36105,19733,8525,808,526,29589,544,335,886,30468,4266,946,35678,18966,7805,999,478,28252,515,270,788,29043,4569,941,34554,14626,6738,937,347,22648,430,236,664,23311,6774,881,30968,8571,6158,793,251,15775,301,203,508,16279,11469,939,28684,2476,2862,306,137,5781,41,63,99,5881,14566,820,21267,480,985,93,41,1598,12,15,28,1618,12994,817,15430,155,448,56,48,704,5,12,20,725,25628,2910,29257,151277,79114,9274,4935,244593,5840,5088,10927,255524,119014,13539,388076,2065,10221,435,298,13015,476,2441,2920,15930,14914,971,31809,11303,10373,559,470,22708,1156,1039,2194,24904,4821,1120,30848,17509,5383,809,463,24158,848,412,1260,25418,3804,1301,30526,17665,6404,1357,398,25829,693,385,1083,26914,4629,1369,32903,16878,7598,990,360,25826,599,412,1015
212,25899,8332,1226,1066,36518,1749,779,2530,39051,8657,2332,50035,23802,7923,1442,772,33935,1353,630,1983,35921,8796,2021,46735,23681,9285,1192,795,34952,1167,687,1848,36799,8933,1924,47654,24796,9868,904,837,36403,1163,668,1831,38238,8149,1815,48198,24237,8732,885,814,34664,1035,552,1588,36249,7283,1711,45246,21614,7718,989,707,31038,872,406,1277,32312,7734,1565,41613,15648,6371,874,466,23349,691,348,1036,24386,10079,1434,35897,8909,5241,766,382,15301,377,267,641,15943,15062,1371,32381,2559,2555,276,132,5531,61,64,121,5659,18171,1275,25105,496,951,95,58,1596,13,21,42,1641,17049,1274,19959,203,505,52,83,851,9,21,31,881,33431,3605,37917,192192,90333,10167,7914,300603,11544,8862,20406,321004,181619,24409,527040,2411,11989,501,437,15341,923,4071,4991,20327,27703,2061,50095,15661,16583,798,1078,34114,2484,3009,5494,39602,15993,2891,58490,26856,10414,1128,1084,39482,2172,1229,3399,42885,10621,3071,56574,29436,10972,1768,974,43148,1869,923,2791,45941,10746,3134,59816,26709,10625,1125,773,39231,1496,851,2350
213,26624,8211,1409,1085,37327,1985,804,2785,40117,8913,3373,52405,27605,8265,1761,878,38514,1570,707,2284,40796,9734,3062,53588,25959,9084,1461,860,37371,1391,700,2084,39457,9503,2660,51620,23773,9018,1054,790,34636,1294,649,1950,36585,8176,2498,47257,21724,7652,874,734,30980,1104,489,1599,32576,6979,2189,41748,18431,6490,932,667,26520,956,437,1391,27914,7796,1972,37683,13227,5129,798,460,19619,690,343,1032,20651,10197,1760,32607,6666,3605,557,302,11130,386,265,649,11781,13911,1662,27351,1563,1336,208,98,3202,36,46,77,3277,14053,1368,18699,256,387,45,48,727,13,21,34,759,12094,1231,14080,87,179,37,46,357,14,12,22,379,22217,3074,25670,184706,78837,10442,7702,281683,12666,7833,20495,302175,154853,29813,486840,2013,10426,401,406,13247,1027,3379,4408,17657,23184,2029,42871,13965,15004,724,1000,30695,2761,2540,5308,36006,11104,2987,50091,27645,10878,1186,1132,40848,2600,1321,3922,44767,10805,3654,59221,33462,11380,2024,1086,47947,2252,1100,3345,51293,12075,3952,67317,30553,11149,1548,868,44109,1863,970,2834
214,8014,2307,449,244,11016,393,161,556,11570,2203,671,14447,7480,2859,575,236,11153,349,177,521,11676,2685,639,15003,8653,4070,560,276,13558,361,252,619,14174,3207,801,18182,9462,4888,497,296,15152,379,259,634,15783,3013,860,19652,9840,4440,470,280,15029,347,219,568,15593,2653,846,19100,9130,4147,571,274,14128,346,168,517,14646,2794,806,18250,6982,3714,570,170,11447,290,164,457,11905,4201,686,16789,4232,3509,463,149,8357,178,158,333,8691,7647,791,17131,1307,1751,209,73,3333,16,51,72,3403,10304,817,14522,284,623,60,36,1006,10,22,30,1033,9578,780,11396,83,282,47,48,460,13,6,19,479,19172,2875,22522,74580,41659,5117,2850,124210,3844,2786,6630,130840,77315,12055,220206,1483,5527,237,213,7460,377,1139,1520,8978,7148,830,16958,6305,4649,276,307,11540,701,408,1106,12643,2348,927,15920,8078,2874,458,239,11654,482,238,714,12372,2119,925,15413,8172,3458,665,207,12499,345,202,548,13044,2539,978,16562,8081,3981,485,226,12779,348,244,595
215,3572,1183,252,127,5133,245,88,339,5471,1433,386,7291,3297,1499,228,97,5115,207,81,289,5406,1583,356,7350,3795,1886,222,157,6056,197,109,304,6365,1703,386,8451,4590,2230,238,163,7214,238,94,340,7553,1617,473,9649,5236,2183,234,163,7822,200,89,289,8112,1627,462,10200,5518,2164,326,178,8182,142,80,223,8399,1933,429,10763,4310,1978,317,115,6722,126,70,199,6927,2606,453,9983,2649,1660,316,119,4744,88,71,164,4906,4271,471,9647,922,842,141,79,1978,5,14,16,1999,5282,409,7689,388,415,47,35,893,0,10,9,903,5147,450,6499,279,282,74,51,678,0,3,7,688,11620,1429,13736,39301,20287,2684,1635,63911,2111,1176,3280,67197,44881,6529,118602,896,2578,150,111,3731,246,391,642,4367,4151,581,9101,3244,1693,164,137,5238,407,178,583,5821,1359,647,7825,3992,1443,263,151,5850,287,124,412,6265,1429,716,8404,3374,1657,273,109,5423,256,124,374,5798,1557,628,7981,3359,1719,192,118,5380,194,106,292
216,3216,995,230,103,4539,248,80,329,4866,1273,348,6489,2862,1272,235,102,4470,192,73,267,4737,1304,327,6367,3484,1735,227,138,5583,156,92,247,5832,1431,386,7650,4135,1924,205,158,6431,184,82,265,6695,1340,394,8425,4570,1889,237,131,6822,166,72,234,7057,1274,386,8718,4381,1710,332,130,6550,123,56,185,6736,1504,362,8599,3384,1687,321,98,5485,121,69,191,5680,2134,343,8153,2036,1454,273,76,3839,72,45,113,3951,3449,339,7746,642,720,93,44,1497,3,10,17,1517,4586,346,6451,248,286,46,30,606,0,5,7,614,4306,368,5288,146,148,34,33,366,0,0,0,366,8869,1158,10397,33076,17306,2522,1315,54223,1870,1021,2894,57118,36681,5477,99272,863,2411,137,163,3579,226,427,650,4229,3645,499,8377,2738,1357,172,163,4429,326,169,494,4923,1300,474,6706,3347,1218,217,93,4874,248,120,366,5240,1255,542,7036,3122,1421,266,95,4901,181,96,277,5177,1328,531,7036,2962,1505,208,77,4764,182,79,262
217,3044,1017,230,100,4399,164,49,220,4618,975,256,5846,2929,1334,257,104,4618,125,70,200,4816,1097,210,6125,3360,1798,217,122,5500,116,76,192,5690,1095,296,7082,3921,2066,218,146,6359,148,78,230,6582,1162,279,8020,4520,2153,256,158,7087,116,74,195,7284,1127,315,8719,4376,2011,315,138,6849,119,81,202,7051,1348,310,8709,3571,1934,341,121,5970,103,62,166,6138,2031,324,8495,2195,1556,263,81,4092,54,59,115,4211,3373,374,7961,799,768,116,70,1755,5,21,28,1784,4077,312,6170,329,332,46,45,747,0,0,0,756,3871,326,4945,191,235,46,62,536,0,0,0,536,8604,1154,10291,33162,19289,2628,1453,56532,1432,1001,2429,58963,33342,4661,96966,816,2498,129,150,3594,180,289,473,4065,3134,444,7635,2635,1578,164,138,4509,291,143,433,4944,1007,461,6408,3060,1196,216,96,4571,161,72,238,4805,917,425,6145,2735,1450,294,75,4557,160,72,230,4782,989,375,6149,2857,1663,205,83,4802,136,64,201
297,3,0,0,0,3,0,0,0,3,0,0,3,6,0,0,0,6,0,0,0,6,0,0,6,0,0,0,0,0,0,0,0,0,0,0,3,0,0,0,0,0,0,0,0,0,0,0,0,7,0,0,0,7,0,0,0,7,0,0,4,3,0,0,0,4,0,0,0,4,0,0,4,4,0,0,0,4,0,0,0,4,0,0,4,3,0,0,0,3,0,0,0,3,0,0,3,3,0,0,0,3,0,0,0,3,0,0,0,0,0,0,0,0,0,0,0,0,0,0,0,0,0,0,0,0,0,0,0,0,0,0,0,30,0,0,3,33,0,0,0,33,0,4,36,0,0,0,0,0,0,0,0,0,0,0,0,0,0,0,0,0,0,0,0,0,0,0,0,0,0,0,0,0,0,0,0,0,0,0,0,4,0,0,0,4,0,0,0,4,0,0,4,0,0,0,0,0,0,0,0
299,335,142,17,16,509,96,28,122,630,274,219,1129,275,96,23,10,397,76,19,96,494,208,168,867,178,86,18,12,284,61,20,74,366,213,181,759,141,56,17,10,219,53,13,65,282,184,191,662,106,44,11,4,168,39,12,45,217,183,134,531,95,47,7,5,160,38,9,48,203,156,118,477,63,39,5,0,109,28,4,27,141,198,72,405,34,32,7,5,77,18,0,15,96,210,46,342,11,8,0,3,28,3,0,3,31,184,31,248,3,3,0,0,10,0,0,0,10,108,29,154,0,0,0,0,0,0,0,0,0,129,39,167,1537,747,125,76,2481,509,187,697,3179,2556,1531,7268,27,32,3,6,64,21,29,47,117,165,74,357,136,136,5,12,289,52,59,111,397,284,215,898,267,125,18,12,420,70,35,105,529,228,233,994,215,59,17,9,300,75,19,90,394,217,244,856,148,48,7,8,221,48,10,60
301,6759,1817,401,194,9173,350,122,474,9648,1544,386,11578,6657,2342,504,153,9653,281,143,424,10080,1765,478,12322,8250,3130,438,193,12009,308,197,504,12516,2046,518,15081,8984,3494,347,261,13079,316,159,478,13559,1844,566,15976,9361,3194,390,216,13166,296,129,428,13587,1773,533,15895,8567,2936,474,188,12169,288,131,419,12585,2034,512,15129,6290,2596,414,128,9432,243,124,366,9796,3167,451,13412,3704,2170,331,93,6292,133,122,255,6548,5522,469,12540,970,1020,113,42,2139,22,27,49,2187,6657,364,9210,194,312,34,22,556,9,11,14,577,5749,360,6680,55,144,26,21,236,0,3,3,243,11777,1136,13153,67464,31076,4001,2046,104590,3417,2296,5715,110305,50908,6625,167837,1369,5354,171,149,7050,508,1142,1647,8700,5411,453,14560,5077,3768,253,192,9292,690,321,1010,10300,1532,489,12324,6433,2053,336,168,8987,421,170,589,9578,1381,521,11478,7305,2619,540,171,10641,357,170,531,11169,1641,549,13361,7585,3057,390,157,11186,298,183,480
302,8754,2371,465,213,11803,432,168,606,12402,1600,705,14707,8160,2368,619,200,11353,331,160,486,11838,1739,618,14197,8227,2944,548,202,11910,277,154,437,12349,1905,651,14906,7907,2948,362,187,11408,268,146,412,11823,1678,521,14019,7493,2508,314,183,10501,256,99,360,10863,1504,497,12866,6913,2298,373,150,9730,214,88,305,10034,1687,448,12176,5311,1972,350,118,7753,161,77,234,7989,2456,378,10826,3096,1670,247,101,5104,109,64,171,5280,4078,422,9783,825,883,113,38,1858,11,21,33,1890,5238,349,7475,181,323,32,17,549,3,0,3,552,5154,334,6043,65,147,24,22,262,5,3,9,275,12637,1533,14441,64169,27880,3981,1880,97906,3046,1917,4963,102871,46038,7567,156474,812,4108,162,90,5179,316,983,1297,6478,4522,383,11375,5597,4337,259,191,10390,648,486,1130,11523,1834,785,14139,8912,2991,467,200,12574,516,222,743,13316,1686,860,15865,9761,3053,694,217,13727,452,222,675,14403,1851,876,17127,8525,3022,465,179,12185,347,187,529
303,15239,5241,746,464,21692,925,457,1385,23077,4086,1482,28641,13995,4368,967,300,19635,599,312,917,20549,3573,1198,25320,12914,4673,746,324,18662,539,266,804,19466,3494,991,23953,12396,4852,484,297,18024,461,245,706,18731,3022,937,22688,11768,4061,418,315,16567,427,193,621,17190,2872,825,20890,10456,3590,480,259,14783,356,173,525,15309,2968,701,18981,7693,3080,437,183,11395,278,127,410,11807,4169,695,16671,4649,2536,381,143,7706,176,117,295,8000,6119,623,14744,1268,1200,151,46,2667,29,43,71,2735,7417,452,10610,272,461,52,15,803,5,16,21,826,6830,501,8157,82,253,22,30,397,3,3,8,399,15286,1848,17531,101659,48523,5788,3120,159095,5296,4398,9692,168784,76145,12422,257354,1094,6395,255,173,7920,475,1848,2315,10232,9825,857,20916,8183,9400,421,419,18428,1243,1575,2821,21242,7366,1599,30212,14698,6683,634,401,22417,1212,782,1995,24416,4884,1729,31029,15825,5902,1088,374,23185,894,470,1361,24546,4172,1635,30359,13719,5355,706,270,20042,648,382,1030
304,6334,1909,385,134,8764,315,204,511,9278,1717,510,11503,5824,1838,482,124,8267,188,132,318,8589,1522,350,10463,6392,2577,430,160,9558,195,123,319,9874,1769,359,12006,7041,2786,282,132,10237,170,132,307,10542,1519,341,12405,7006,2513,224,118,9860,183,96,277,10131,1252,337,11722,6550,2227,256,111,9140,174,56,230,9369,1358,317,11050,5098,1942,284,83,7405,148,63,207,7613,1897,294,9803,3189,1745,263,67,5268,91,51,144,5414,3451,262,9124,1026,994,116,41,2181,24,32,62,2238,4154,211,6603,213,380,34,12,641,3,12,20,653,3631,205,4494,79,186,16,15,291,3,3,3,297,8167,1139,9602,54693,28268,3430,1336,87726,2196,2510,4705,92431,40480,5348,138256,617,4493,199,171,5472,201,1331,1533,7008,6372,374,13755,4049,5254,315,165,9786,525,910,1438,11227,4444,753,16427,5639,2030,275,99,8037,379,237,620,8659,1869,505,11030,5932,2043,517,100,8591,290,151,446,9039,1526,494,11055,6234,2562,391,88,9283,285,158,449
305,17251,4746,668,267,22932,667,387,1056,23984,2902,2389,29270,13612,3335,746,196,17892,478,240,723,18616,2285,1585,22486,10803,3101,633,164,14703,333,167,500,15207,2338,1184,18726,9769,3063,469,130,13432,352,145,498,13924,1962,1030,16921,8447,2613,301,150,11511,292,122,412,11918,1626,846,14398,7493,2159,317,118,10091,261,112,374,10463,1725,835,13022,5683,1905,287,102,7970,196,111,306,8277,2275,686,11238,3411,1646,277,47,5382,119,79,195,5573,3300,578,9452,1053,950,103,34,2138,22,29,54,2192,3621,435,6255,282,415,46,22,759,4,7,15,774,3280,332,4387,96,199,26,31,351,0,6,6,360,7939,1107,9404,87783,35359,4658,1683,129484,3566,3062,6629,136111,42988,13573,192677,714,4550,193,123,5581,183,1148,1334,6909,6027,750,13691,8466,8803,388,299,17959,689,1318,2006,19965,5498,2131,27589,16778,5918,530,363,23592,833,659,1488,25081,3316,2765,31164,15460,4156,789,273,20678,651,344,998,21673,2641,2286,26604,11036,3480,555,175,15250,455,245,704
306,6626,2194,432,265,9517,632,247,874,10391,2228,1192,13811,6554,2575,535,199,9863,509,236,746,10612,2508,1093,14206,7671,3304,461,257,11692,520,232,750,12445,2706,1148,16296,8422,3549,463,281,12721,509,242,753,13469,2284,1175,16933,8563,3437,462,263,12720,501,211,715,13430,2405,1097,16936,8127,3134,497,214,11974,418,163,578,12556,2648,1110,16321,6235,2768,463,188,9659,349,130,477,10132,3459,967,14566,3783,2139,346,137,6402,241,136,378,6779,5303,877,12956,1228,1067,135,80,2507,37,33,65,2573,6470,694,9735,361,401,44,33,843,5,11,16,859,5386,544,6795,172,210,40,38,455,4,3,6,458,9056,1431,10950,64802,31115,4410,2547,102879,5227,2485,7709,110592,52465,13466,176522,1431,4276,180,181,6063,547,803,1352,7414,5928,1118,14457,4962,2833,247,222,8262,800,386,1189,9450,2286,1366,13106,6546,2673,392,238,9839,678,286,963,10802,2351,1566,14717,6941,2913,561,217,10636,512,252,764,11401,2419,1551,15368,6961,3305,398,193,10861,479,224,709
307,3254,1009,204,121,4592,175,71,251,4838,1152,418,6411,3160,1229,222,107,4718,137,57,195,4913,1275,446,6631,3755,1558,194,155,5666,152,71,224,5890,1302,492,7682,4374,1701,161,181,6408,138,63,202,6611,1127,556,8292,4457,1591,180,142,6373,142,53,190,6560,1231,467,8262,4480,1510,234,158,6383,107,49,154,6537,1507,467,8505,3605,1414,216,122,5360,86,42,134,5495,2071,398,7963,2590,1222,206,111,4126,51,53,104,4236,3195,416,7839,1169,698,100,52,2020,9,12,18,2037,4016,377,6431,464,342,40,51,893,3,3,5,903,3711,372,4983,335,264,60,50,708,0,0,0,708,6755,888,8350,36341,15540,2078,1551,55503,1510,762,2273,57775,31241,6147,95164,1136,2088,134,129,3485,285,254,544,4028,3042,539,7607,2994,1224,144,111,4471,363,136,505,4978,1051,511,6530,3384,1110,194,79,4770,239,91,326,5096,1068,655,6817,3306,1339,245,99,4994,195,78,277,5266,1191,575,7035,3186,1457,187,79,4906,161,73,235
308,7983,1896,493,283,10649,364,148,509,11164,2349,1074,14588,7036,2234,486,230,9995,301,160,457,10450,2372,994,13813,7639,2686,436,271,11037,241,141,384,11416,2214,945,14579,8180,2754,366,287,11591,278,153,431,12019,1926,1103,15047,8571,2722,426,275,11996,264,109,374,12370,1957,1086,15414,8115,2469,488,234,11310,249,112,355,11663,2280,1042,14989,6044,2003,430,190,8665,162,72,239,8899,3147,767,12815,3386,1463,294,118,5258,101,64,163,5424,4649,799,10873,1053,674,105,63,1889,10,13,21,1916,5491,595,8000,316,277,43,44,687,5,9,10,697,4778,588,6063,160,149,42,40,393,0,6,6,398,8113,1612,10118,68751,25487,4220,2676,101130,3027,1643,4668,105799,46122,12542,164467,1612,4303,218,157,6297,742,746,1484,7781,5353,986,14123,5834,2619,298,175,8926,1038,346,1382,10308,2042,1127,13476,7111,2194,507,193,10004,730,273,1003,11004,2372,1222,14596,7287,2731,566,171,10754,626,255,879,11634,2504,1302,15445,6823,2739,381,187,10128,604,217,823
309,17318,6725,982,526,25551,1277,597,1876,27423,4976,2776,35180,16829,6851,1070,452,25196,1006,515,1522,26722,5200,2297,34212,17902,7987,941,520,27352,1096,575,1678,29025,5575,2286,36881,18470,8352,807,507,28138,1195,569,1765,29900,5124,2130,37152,17993,7732,816,461,26996,1158,436,1594,28591,4681,2028,35298,16331,7107,853,394,24680,1029,406,1433,26120,5318,1952,33389,12297,6244,783,322,19652,808,385,1194,20845,7524,1660,30030,7992,5512,592,256,14356,639,398,1029,15384,12694,1824,29902,2517,2863,221,114,5716,69,136,207,5927,16152,1544,23615,532,1065,89,48,1731,25,34,57,1785,14368,1374,17533,187,454,69,70,781,7,26,30,815,26924,4624,32364,143952,80409,8522,4800,237688,11797,7178,18978,256667,127502,29093,413259,2893,11790,445,386,15519,1180,2725,3913,19430,13391,2207,35031,12755,11216,629,618,25227,1776,1333,3110,28331,6471,2974,37774,18252,8187,939,588,27974,1327,729,2057,30033,5178,3259,38466,19082,8270,1234,507,29097,998,631,1630,30724,5267,3018,39012,18584,8532,933,462,28515,930,588,1519
310,9913,2895,647,317,13775,804,329,1134,14906,4209,993,20108,9635,3054,640,289,13618,621,257,878,14503,4109,898,19503,10133,3589,555,317,14602,645,284,928,15528,3992,1025,20549,10372,3651,439,348,14806,564,236,805,15611,3712,955,20277,10161,3262,494,337,14251,503,204,705,14960,3566,912,19428,8832,2987,429,254,12507,362,157,524,13035,3748,856,17636,6201,2393,440,168,9207,290,131,425,9629,4803,686,15123,3718,1950,274,140,6081,148,86,239,6323,6663,659,13641,949,877,84,45,1953,17,28,46,1991,7641,571,10203,234,289,28,37,580,4,18,21,610,6498,549,7656,86,140,21,32,280,0,13,10,297,10784,1473,12553,80903,34001,4783,3011,122702,6211,3196,9407,132105,72793,11629,216526,1826,5592,262,221,7901,1128,1702,2831,10734,9988,1319,22040,7773,5231,403,356,13760,1597,760,2364,16119,4591,1639,22352,10685,3771,624,360,15440,1050,467,1521,16959,4488,1611,23063,11201,4208,783,279,16469,924,404,1333,17800,4846,1662,24312,10334,4055,488,282,15166,755,302,1057
311,10158,3118,640,382,14297,855,293,1152,15440,3740,1069,20252,9908,3481,652,326,14371,623,307,930,15295,3567,1004,19865,10329,4078,521,368,15300,628,316,941,16239,3625,1057,20920,10765,3901,451,408,15518,601,241,841,16365,3243,1077,20686,10512,3559,502,356,14928,502,234,729,15666,3048,946,19665,9627,3365,482,311,13784,456,146,599,14382,3368,836,18581,7363,2881,430,244,10913,334,140,470,11384,4403,751,16536,4614,2353,330,169,7465,207,123,330,7789,7021,775,15583,1169,965,114,51,2305,26,38,68,2376,7704,608,10678,189,293,22,24,522,3,12,14,539,6084,479,7108,72,119,21,26,233,8,4,6,248,9012,1332,10587,86344,37670,4898,3548,132461,6840,3338,10169,142629,68183,12327,223143,2213,5646,238,237,8336,1169,1651,2818,11152,9896,1274,22321,8155,4884,369,422,13832,1705,721,2422,16251,4067,1422,21741,10041,3711,570,377,14699,1084,438,1519,16218,4000,1485,21699,10638,3958,666,361,15626,888,389,1283,16910,4094,1396,22397,10602,3966,498,321,15386,721,343,1066
312,7169,1557,446,237,9407,241,122,367,9775,1644,1285,12701,6210,1881,394,212,8690,169,102,269,8962,1773,1070,11805,6552,2252,390,219,9413,176,112,285,9701,1611,1069,12379,7254,2180,317,235,9975,183,105,287,10268,1358,1043,12668,7359,2167,351,237,10107,170,89,263,10366,1327,1048,12745,6801,1964,362,210,9342,151,68,221,9558,1666,1028,12259,4878,1597,326,170,6965,114,66,180,7144,2128,812,10085,2736,1111,243,113,4193,75,39,113,4308,3356,592,8251,813,589,91,50,1538,10,19,26,1570,3840,383,5789,216,212,25,19,473,8,5,12,487,3292,323,4098,121,105,19,49,293,0,0,3,299,5858,695,6849,59217,19985,3460,2213,84877,2021,1133,3157,88033,32177,11045,131257,1397,2846,145,133,4523,468,547,1015,5533,3709,709,9955,4726,1712,182,174,6791,695,220,918,7713,1273,1128,10115,6093,1671,410,166,8345,505,198,698,9044,1498,1471,12016,6101,2183,459,166,8908,415,207,613,9521,1713,1455,12686,5577,2163,313,170,8227,358,179,537
313,5525,1989,353,200,8066,574,213,784,8849,2388,731,11962,5669,2257,366,214,8505,434,221,659,9158,2465,744,12375,6603,2842,362,214,10017,447,232,674,10688,2633,812,14132,7394,3150,343,248,11132,417,174,590,11717,2518,779,15012,7373,2928,394,238,10926,410,174,577,11510,2422,753,14683,6687,2604,422,182,9892,316,112,429,10321,2820,658,13795,5167,2402,402,149,8125,266,105,371,8502,4237,580,13313,3106,2069,302,117,5590,167,105,276,5866,7177,662,13712,795,916,110,60,1878,17,38,49,1927,8650,629,11211,148,283,36,29,497,3,10,15,510,7400,512,8427,73,111,22,35,238,3,0,3,241,12974,1667,14877,55511,28539,3624,2296,89974,4794,2447,7237,97211,63488,10149,170844,1508,4741,184,203,6628,779,1155,1930,8555,5641,749,14947,5013,3355,251,240,8857,1107,416,1515,10374,2479,789,13644,5621,2405,352,213,8596,687,286,975,9568,2589,792,12949,6000,2602,393,159,9159,511,301,811,9972,2664,832,13468,6192,2718,318,179,9409,453,255,708
314,6121,1584,413,149,8265,307,118,431,8696,1322,365,10378,6449,2128,527,151,9254,225,149,377,9630,1590,348,11568,7468,2915,462,158,10995,250,174,418,11421,1855,383,13658,7925,3022,367,174,11485,225,118,341,11827,1474,373,13669,7447,2556,314,172,10491,195,94,292,10780,1227,346,12355,6386,2101,317,157,8960,136,68,209,9171,1355,340,10855,4668,1743,290,79,6785,134,64,198,6985,2050,275,9310,2670,1487,251,67,4479,92,59,151,4631,3872,250,8751,722,652,93,31,1501,15,17,27,1528,4278,200,6006,98,195,13,12,315,3,3,7,328,3205,165,3689,27,68,10,15,121,0,4,5,130,4925,688,5738,56370,25194,3549,1576,86690,2530,1813,4338,91026,32920,4430,128378,1174,4571,149,135,6027,487,1208,1694,7721,4848,403,12975,5147,3559,262,189,9148,726,321,1048,10204,1568,554,12320,6696,2195,436,165,9494,459,204,671,10158,1579,642,12385,7399,2653,617,144,10809,349,183,530,11346,1866,677,13888,7766,3031,404,144,11347,323,180,506
315,3337,763,182,125,4407,213,72,285,4693,1369,665,6727,2785,772,181,121,3861,156,61,222,4080,1193,546,5819,2923,922,154,135,4140,159,53,212,4348,1110,563,6020,3006,872,142,140,4156,139,63,194,4349,943,545,5834,3149,794,157,143,4249,117,36,156,4407,874,532,5804,2960,744,164,102,3972,105,36,136,4109,957,480,5542,2285,601,152,104,3135,82,25,110,3244,1018,431,4695,1429,520,110,66,2122,44,24,73,2197,1314,347,3854,612,261,46,36,955,9,7,15,972,1568,274,2813,238,100,21,19,381,0,3,3,380,1246,224,1846,113,71,3,24,212,3,0,5,221,2063,343,2621,26605,7946,1545,1276,37374,1502,614,2109,39483,17242,6042,62771,769,807,54,77,1702,210,136,348,2052,2220,526,4799,2199,668,89,107,3063,342,101,442,3505,1454,652,5607,3008,669,155,89,3923,266,81,347,4266,1289,776,6335,2638,788,194,111,3726,227,88,315,4037,1179,592,5805,2391,711,140,95,3337,201,74,269
316,7152,2918,470,234,10771,619,242,857,11623,2354,718,14699,7173,3611,544,228,11555,527,277,801,12361,2716,703,15777,9065,5072,616,312,15072,534,356,891,15960,3156,866,19980,10307,5783,579,327,17000,588,340,926,17925,3110,1029,22062,10991,5867,554,323,17732,663,341,1011,18739,3042,1009,22784,10067,5395,618,226,16305,644,269,913,17213,3784,874,21875,7534,4928,626,169,13251,509,263,778,14025,5771,861,20656,4359,3852,483,135,8835,282,240,522,9356,10714,813,20883,1267,1699,172,67,3202,40,72,120,3318,13433,845,17594,280,590,59,20,952,8,26,33,988,11773,734,13496,114,273,31,39,451,9,11,17,467,21998,2267,24733,76133,50780,5487,2682,135074,6220,4043,10266,145343,91280,12204,248832,1795,7557,302,243,9899,712,1633,2346,12249,7387,904,20537,6228,5147,326,270,11970,929,625,1550,13524,2487,1150,17161,7826,3765,515,227,12331,597,321,914,13246,2341,1054,16648,8421,4308,679,226,13630,476,319,792,14427,2897,1110,18436,9028,5003,487,240,14761,488,319,806
317,4539,1660,345,135,6678,242,140,382,7060,1564,458,9082,3874,1610,282,109,5873,198,88,283,6152,1610,372,8133,4359,1921,237,136,6660,187,123,307,6964,1545,380,8895,4794,2075,219,141,7231,155,118,272,7500,1398,363,9269,5010,1888,220,121,7244,140,68,205,7456,1334,388,9177,5029,1789,240,137,7202,141,67,202,7403,1498,382,9279,3667,1539,272,105,5575,102,49,154,5723,1942,326,7996,2304,1266,192,86,3848,69,47,116,3964,3386,338,7692,673,652,88,38,1455,3,15,22,1479,4390,323,6187,160,241,23,13,443,0,6,11,454,4071,311,4836,78,106,15,26,222,4,0,3,221,8039,1383,9646,40317,19888,2593,1337,64142,1945,1408,3353,67494,36681,5913,110091,1119,3247,150,100,4615,413,669,1085,5701,3924,615,10243,4098,2324,191,112,6720,608,322,930,7650,1780,682,10112,4911,1794,327,102,7138,368,179,549,7690,1614,634,9939,4506,1959,340,113,6919,300,159,462,7380,1549,569,9499,4179,1867,194,80,6324,254,140,392
318,8563,2237,635,257,11693,453,212,666,12360,2358,1032,15743,7407,2407,621,211,10640,321,192,512,11153,2281,961,14395,8045,2714,491,242,11483,352,171,517,12002,2322,955,15280,8489,2940,402,240,12071,337,127,465,12535,1940,991,15465,8371,2717,438,242,11763,292,112,405,12168,1873,940,14984,8075,2432,439,210,11158,263,118,384,11543,2096,888,14530,5941,2033,421,141,8540,192,92,281,8824,2965,714,12508,3516,1667,304,135,5617,93,73,167,5783,4746,618,11147,994,839,103,66,2002,18,19,30,2037,5549,511,8096,299,307,36,28,666,3,8,18,680,4925,489,6100,129,153,33,42,348,5,0,5,358,9030,1094,10476,70234,28637,4742,2381,105991,3575,2170,5742,111738,48967,11207,171912,1589,4797,291,182,6864,671,1213,1882,8741,6317,981,16050,6997,3976,383,233,11584,1024,591,1619,13200,3077,1615,17890,8146,2536,519,188,11389,731,285,1018,12408,2468,1273,16151,7712,2676,587,175,11157,629,257,882,12040,2409,1178,15625,6991,2748,399,182,10323,560,221,779
319,4985,2066,380,200,7626,687,287,975,8605,2896,597,12096,5092,2547,386,204,8227,583,265,856,9076,3201,622,12909,6460,3259,378,264,10363,573,288,866,11222,3441,779,15441,7635,3739,419,251,12044,677,283,959,13000,3550,842,17390,8181,3833,486,290,12790,586,251,839,13625,4075,900,18603,8028,3783,533,237,12584,590,237,825,13413,4979,886,19279,6281,3336,551,200,10360,476,200,677,11039,7257,882,19184,3941,2657,434,172,7202,318,205,527,7726,12217,978,20917,1266,1149,138,94,2649,23,38,63,2711,14514,993,18217,381,441,59,55,936,12,11,19,957,11999,1022,13969,215,247,43,76,579,0,6,11,585,18323,3034,21942,59295,33968,4338,2565,100169,6549,3145,9695,109864,96338,12973,219168,1541,4713,222,207,6689,976,1030,2002,8688,6816,995,16492,4509,2781,236,204,7729,1205,406,1605,9337,2849,1010,13195,5041,2490,354,181,8067,780,310,1091,9155,2886,1005,13051,5300,2691,394,156,8544,689,297,990,9529,2984,992,13507,5589,3107,281,156,9130,620,269,882
397,19,3,3,3,26,0,0,0,33,3,4,41,12,0,0,0,18,0,0,0,16,3,3,21,14,7,4,3,26,0,0,0,26,3,9,35,9,3,4,3,23,3,0,3,19,3,3,29,13,5,0,0,19,0,0,0,16,3,6,32,28,7,3,0,31,0,0,0,32,0,13,49,11,7,0,0,20,0,0,0,20,6,7,35,11,3,0,0,21,0,0,0,21,14,6,42,4,3,0,0,10,0,0,0,10,15,6,29,0,0,0,0,0,0,0,0,0,20,3,21,0,0,0,0,0,0,0,0,0,37,14,53,157,48,20,14,239,9,3,6,246,125,78,453,0,3,0,0,8,0,0,0,8,0,0,11,3,0,0,0,3,0,0,0,3,3,3,11,0,3,0,0,4,0,0,0,4,0,0,5,3,3,0,0,7,0,0,0,7,0,0,7,7,0,0,0,7,0,0,0
399,406,153,33,26,614,118,31,142,758,283,180,1220,254,97,36,6,400,77,9,85,483,241,149,872,221,65,27,15,327,65,14,79,406,235,148,788,183,71,31,10,292,63,14,74,365,241,164,773,218,89,18,10,335,66,17,78,413,245,159,811,204,81,30,9,327,67,25,89,420,364,119,899,223,83,29,3,336,63,25,88,419,628,149,1200,126,81,17,3,239,44,26,70,305,1001,143,1448,24,33,8,0,67,4,7,12,81,816,88,994,8,11,4,0,18,0,0,0,22,416,52,496,0,0,0,0,7,0,0,3,8,284,56,347,2249,986,261,100,3594,739,230,972,4560,5209,1714,11485,40,52,4,9,103,52,32,83,179,162,72,408,257,181,15,19,480,107,27,140,618,287,228,1133,380,190,27,34,621,90,34,125,748,286,314,1349,231,114,18,18,385,97,16,117,500,222,227,948,144,54,13,22,236,78,16,95
401,9702,3688,515,186,14099,520,313,835,14927,2776,879,18589,8587,3202,715,168,12675,383,195,582,13257,2436,669,16364,9030,4333,619,175,14155,363,211,578,14736,2729,686,18155,10207,4952,530,236,15928,357,212,562,16497,2704,653,19846,10663,4666,526,215,16070,356,211,566,16633,2426,696,19754,10574,4317,589,208,15687,317,123,437,16129,2622,688,19439,8477,3892,592,163,13118,238,141,382,13501,3569,577,17643,5089,3596,456,120,9269,128,118,247,9521,6737,623,16879,1552,1937,192,47,3737,16,43,58,3795,8280,532,12609,401,783,85,30,1298,4,19,26,1322,8084,487,9898,126,364,60,46,594,0,3,6,606,20359,1830,22793,81292,47880,5738,2095,137001,3533,3526,7054,144057,78053,9772,231885,663,5257,217,127,6274,229,1387,1618,7889,9935,636,18457,4684,7108,397,243,12433,615,1134,1750,14176,6517,1043,21737,9069,3932,465,212,13687,657,455,1112,14792,3172,1009,18978,9118,3814,742,184,13860,546,262,813,14672,2458,906,18032,8577,4276,586,151,13601,512,296,803
402,14421,4972,960,439,20796,1109,509,1623,22415,5487,1200,29101,12597,4992,1019,385,18996,861,414,1276,20277,5257,1061,26591,12554,5657,799,391,19400,813,409,1217,20615,5186,1042,26844,13601,5921,676,402,20600,719,355,1077,21676,5051,1115,27839,13776,5786,656,385,20600,694,290,978,21574,5103,1005,27692,12544,4977,777,304,18599,511,212,722,19321,5370,983,25682,9368,4191,685,229,14478,375,177,550,15031,6780,820,22628,5254,3301,485,179,9218,207,142,349,9567,10612,830,21009,1137,1329,178,63,2705,15,22,35,2743,12515,708,15970,204,373,37,22,635,5,11,16,650,11068,753,12474,68,151,17,36,275,6,4,9,287,21058,2360,23702,108961,55226,7274,3786,175249,8009,4701,12709,187964,112141,14235,314344,1457,7042,285,225,9013,951,2287,3234,12248,13241,1042,26529,8915,7909,497,433,17749,2149,1260,3408,21161,6798,1270,29231,13425,5797,847,410,20477,1596,660,2255,22736,6088,1498,30321,14509,6667,1098,399,22672,1379,552,1928,24599,6169,1583,32348,12744,6107,714,320,19874,1163,509,1679
403,11443,4152,811,263,16675,711,325,1038,17708,3176,759,21651,10321,4405,1012,232,15969,522,300,823,16790,3454,704,20954,10877,5329,804,240,17254,517,289,804,18060,3555,679,22296,11777,5948,651,268,18648,475,271,751,19390,3400,664,23455,12552,5912,617,280,19357,488,231,723,20078,3138,754,23971,12525,5503,784,270,19084,422,204,626,19713,3809,751,24274,10016,4972,732,210,15934,350,208,555,16485,5532,682,22699,5766,4153,606,147,10666,199,163,370,11036,9850,676,21565,1330,1825,185,51,3398,20,46,62,3460,11610,550,15621,246,561,49,21,878,4,10,14,887,10180,581,11650,88,292,46,41,462,5,0,6,470,24477,2212,27157,97051,57280,7343,2758,164435,5416,3919,9336,173765,95743,10482,279992,1150,6887,289,193,8516,562,1914,2475,10996,9839,691,21523,6554,8033,541,278,15405,1154,941,2096,17501,4146,935,22584,10245,4791,744,253,16034,865,434,1304,17335,3310,1013,21661,10954,5256,1077,258,17543,694,348,1039,18586,3522,1032,23136,10477,5696,717,217,17108,651,373,1029
404,8227,3004,493,250,11968,548,274,817,12793,2389,766,15943,7542,2779,582,186,11088,440,210,648,11739,2301,676,14718,7229,3166,508,195,11099,401,175,581,11676,2560,577,14814,7716,3596,405,186,11899,393,182,578,12476,2608,609,15690,7606,3367,350,181,11502,339,143,489,11992,2565,566,15122,7287,3016,435,173,10916,309,127,443,11359,3160,592,15112,5357,2461,384,113,8310,240,101,347,8652,3744,502,12895,2908,2062,253,84,5302,110,81,198,5501,6053,532,12077,780,899,99,38,1817,8,11,27,1843,6890,497,9226,129,325,30,19,499,4,12,16,518,7085,518,8117,60,170,23,38,293,3,8,12,301,17844,2326,20468,61123,32938,4136,1939,100135,3825,2476,6304,106436,66703,9250,182388,615,3788,187,92,4687,324,1005,1325,6011,6363,490,12870,4321,5213,284,216,10038,753,775,1528,11563,3687,728,15981,8132,3623,424,256,12429,734,386,1124,13553,2517,785,16850,8300,3552,694,186,12724,636,248,881,13608,2533,830,16974,7105,3436,453,157,11142,506,229,737
405,2359,852,179,74,3465,154,63,218,3679,930,149,4754,2202,1116,209,62,3592,127,61,191,3779,1031,157,4969,2676,1468,165,80,4390,137,79,218,4609,994,165,5771,3355,1822,154,101,5432,140,76,215,5644,1243,250,7138,3731,1852,198,102,5878,158,84,237,6120,1346,241,7710,3882,1868,241,92,6079,152,67,219,6301,1525,275,8099,3240,1666,278,73,5254,102,56,149,5405,2358,258,8018,1862,1347,183,65,3459,84,56,141,3598,3957,268,7823,623,669,91,30,1416,7,15,24,1442,4961,220,6615,224,255,46,30,551,0,0,0,551,4213,242,5005,149,184,37,37,402,0,3,6,404,8447,743,9600,27253,15833,1984,912,45985,1521,837,2364,48343,34895,3328,86567,534,1690,75,78,2385,219,265,484,2868,3081,304,6253,1934,1192,134,77,3339,334,114,447,3786,761,260,4809,2306,971,189,71,3538,227,69,290,3832,854,309,4986,2350,1219,224,68,3864,183,86,270,4131,944,252,5328,2418,1380,165,59,4016,142,80,222
406,2653,844,250,92,3842,189,53,240,4082,1074,386,5534,2345,949,171,93,3555,152,64,211,3768,960,320,5047,2645,1166,175,87,4074,164,72,235,4310,983,344,5637,3046,1279,177,83,4584,139,50,192,4777,964,396,6134,3048,1182,232,88,4549,161,45,206,4751,1019,391,6170,2992,1209,248,79,4529,139,57,191,4721,1105,334,6160,2367,948,225,59,3601,69,39,109,3708,1366,313,5384,1272,805,147,49,2266,57,31,88,2356,2214,298,4867,416,365,58,21,860,8,3,12,871,2730,273,3866,112,163,30,14,318,3,0,4,323,2359,242,2923,60,58,8,15,142,3,0,3,148,4269,608,5023,24081,11106,1981,868,38034,1566,671,2238,40269,22471,4578,67319,383,1206,62,69,1718,180,201,380,2098,2116,335,4551,1705,970,119,69,2867,339,113,457,3328,921,411,4653,2341,902,195,66,3507,231,94,325,3827,1050,458,5339,2263,1052,189,73,3583,194,86,279,3862,1025,499,5382,2009,1004,124,65,3208,165,73,242
407,3946,1599,383,159,6077,339,112,451,6534,1732,363,8624,3827,1981,377,145,6329,264,134,394,6721,1842,320,8884,4371,2577,383,137,7463,266,118,383,7848,1924,429,10200,5752,2958,374,169,9254,338,147,490,9744,1878,451,12076,5993,3020,394,174,9578,297,137,437,10011,1968,473,12453,6064,2988,495,151,9697,256,130,389,10082,2302,466,12847,4997,2665,487,110,8258,223,139,360,8624,3438,462,12518,3196,2436,413,124,6170,120,105,225,6395,6200,570,13168,1046,1239,165,59,2510,14,21,34,2543,7603,482,10625,341,523,80,44,979,3,14,17,999,6899,480,8376,193,263,49,50,560,3,5,12,567,13303,1577,15448,44771,27073,4083,1678,77607,3072,1639,4712,82319,55218,6827,144367,1106,3050,166,131,4455,297,446,747,5209,4613,506,10326,3500,2116,233,146,5986,495,204,696,6689,1515,524,8728,4061,1789,301,116,6271,337,137,477,6746,1662,507,8916,3874,2236,323,132,6563,288,126,414,6979,1802,505,9285,3984,2361,270,105,6728,271,119,391
497,3,0,0,0,3,0,0,0,3,0,0,3,0,0,0,0,0,0,0,0,0,0,0,0,0,0,0,0,0,0,0,0,0,0,0,0,0,0,0,0,0,0,0,0,0,0,0,0,0,0,0,0,0,0,0,0,0,0,0,0,0,0,0,0,0,0,0,0,0,0,0,0,0,0,0,0,0,0,0,0,0,0,0,0,0,0,0,0,0,0,0,0,0,0,0,0,0,0,0,0,0,0,0,0,0,0,0,0,0,0,0,0,0,0,0,0,0,0,0,0,0,0,0,0,0,0,0,0,0,0,0,0,5,0,0,0,5,0,0,0,5,0,0,5,0,0,0,0,0,0,0,0,0,0,0,0,0,0,0,0,0,0,0,0,0,0,0,0,0,0,0,0,0,0,0,0,0,0,0,0,0,0,0,0,0,0,0,0,0,0,0,0,0,0,0,0,0,0,0,0
499,101,38,16,0,162,28,8,39,193,72,34,304,86,32,8,4,130,26,6,34,163,83,43,284,59,39,14,7,113,26,3,25,136,76,34,248,60,23,6,0,89,10,4,20,109,77,44,229,46,19,9,3,72,24,9,27,100,69,41,209,45,20,6,3,74,20,3,20,97,103,45,248,36,26,4,0,73,10,4,15,82,108,36,221,11,8,3,0,26,3,3,10,36,140,28,204,6,5,0,0,8,0,0,0,8,108,14,132,0,0,0,0,0,0,0,0,3,79,16,91,0,0,3,0,4,0,0,0,4,123,29,160,538,271,71,28,911,197,51,252,1164,1198,407,2764,4,18,0,0,23,16,17,34,59,87,25,173,42,35,5,7,88,43,7,49,138,72,51,266,82,41,9,9,139,36,11,43,181,69,46,304,56,26,3,4,95,28,3,28,129,78,54,259,38,14,0,3,65,25,13,33
501,4281,1511,334,130,6254,272,110,383,6636,1607,561,8811,4310,1956,396,163,6829,218,136,354,7185,1841,554,9575,4814,2551,412,164,7940,215,135,344,8288,1936,595,10819,5711,2935,446,188,9282,217,159,380,9661,1628,625,11914,5877,2658,440,181,9159,188,104,293,9451,1524,607,11580,5682,2629,499,146,8953,168,74,242,9200,1692,567,11462,4248,2342,498,112,7193,155,65,222,7415,2580,494,10486,2368,1871,375,76,4684,91,65,154,4839,4314,483,9640,685,800,146,47,1676,14,24,39,1716,5106,339,7157,183,325,47,26,580,3,3,9,592,4434,329,5353,85,198,39,40,364,3,3,8,365,7951,987,9308,44076,24012,4164,1613,73860,2323,1312,3635,77493,39791,7114,124399,1277,3159,181,144,4763,348,516,868,5626,4547,697,10870,3424,1712,208,142,5483,512,190,709,6192,1268,552,8013,4252,1719,321,122,6413,367,176,544,6955,1561,701,9217,4437,2411,457,139,7448,373,205,581,8022,1873,743,10638,4745,2727,401,128,8000,358,164,524
502,1978,653,157,80,2868,202,66,271,3139,921,282,4341,1715,767,152,66,2705,146,72,216,2923,975,276,4172,2160,963,185,84,3395,149,69,221,3615,960,322,4900,2440,1176,161,68,3849,136,93,228,4077,875,345,5298,2691,1165,219,69,4145,144,55,201,4343,879,305,5523,2506,1098,231,82,3915,112,57,170,4083,1033,308,5428,1905,979,238,63,3181,101,46,142,3329,1565,331,5218,1140,905,157,39,2240,68,52,120,2362,3128,292,5785,305,448,61,19,837,6,19,26,859,3958,282,5099,76,178,15,11,285,3,3,3,291,3857,272,4419,16,55,8,3,87,0,3,3,90,6284,988,7361,19665,10908,1851,773,33201,1628,837,2465,35664,27212,4627,67500,501,1709,75,54,2340,327,459,790,3132,2405,292,5823,1804,1290,114,74,3284,442,168,611,3897,916,312,5129,2136,861,197,69,3265,316,108,417,3683,942,350,4975,2167,1045,218,78,3509,268,122,385,3894,1127,369,5382,2102,1116,140,60,3421,239,131,367
503,8956,2421,422,140,11945,330,179,507,12452,1735,1663,15846,6995,1820,425,95,9336,226,113,336,9676,1525,1232,12433,5549,1889,376,98,7910,163,95,255,8164,1683,801,10647,5640,2428,304,112,8483,177,89,265,8748,1574,764,11081,5685,2305,289,94,8368,161,88,251,8619,1409,610,10638,5652,2051,284,94,8078,140,70,215,8292,1450,616,10365,4347,1950,308,77,6683,109,65,175,6862,1780,659,9296,2724,1686,260,60,4735,73,61,129,4864,2797,518,8179,941,1069,101,30,2136,14,15,28,2166,3393,388,5943,249,527,47,16,842,3,12,15,853,3366,307,4533,82,323,32,23,460,0,0,4,467,8589,1247,10296,51793,25385,3475,1070,81726,1760,1694,3449,85178,36898,10437,132507,203,2649,134,100,3086,81,718,800,3881,5100,470,9449,3206,4474,230,178,8089,357,698,1053,9140,3087,1117,13348,8568,3038,345,182,12132,456,357,808,12940,1878,1836,16653,8342,2544,499,134,11524,417,222,639,12161,1682,1665,15502,6012,2439,395,110,8954,332,174,506
504,8512,2353,488,244,11594,387,192,582,12170,2502,925,15600,7731,2697,581,199,11215,297,211,510,11717,2797,836,15354,8256,3274,518,268,12317,315,177,488,12799,2816,859,16476,8772,3710,506,268,13250,287,183,472,13721,2435,896,17049,8943,3359,522,243,13066,275,146,417,13484,2139,788,16417,7871,2890,544,202,11507,207,120,332,11837,2234,784,14860,6197,2529,426,154,9311,180,80,259,9570,2851,626,13049,3650,2267,361,117,6392,128,90,223,6610,4506,615,11731,1090,1082,117,51,2337,16,23,41,2378,5497,479,8351,195,360,31,15,608,6,7,11,618,5223,448,6290,65,147,18,25,258,0,4,9,264,9723,1179,11166,70410,32096,4703,2400,109614,3199,2090,5284,114902,51355,10016,176270,1213,4418,162,140,5935,545,1208,1751,7683,7051,703,15442,5964,4632,324,278,11197,1023,594,1615,12813,2708,1011,16532,9496,3422,565,290,13771,785,380,1161,14935,2965,1190,19087,10059,3622,684,238,14600,725,298,1023,15619,3460,1209,20290,8766,3570,488,211,13034,586,291,881
505,20434,5674,1219,523,27851,872,409,1282,29133,4643,2294,36064,17608,5938,1439,433,25419,645,365,1005,26426,5233,1858,33519,17932,7709,1301,494,27434,580,418,993,28427,5691,1790,35912,19102,8617,1048,496,29265,595,428,1024,30284,4991,1689,36970,18895,7847,1019,468,28229,575,297,878,29105,4169,1513,34786,17050,6659,1093,377,25177,513,248,763,25942,4210,1336,31483,13079,5853,945,315,20191,356,183,541,20732,5830,1153,27721,7637,5281,792,200,13913,224,181,407,14318,9570,1056,24943,2102,2405,309,104,4923,38,66,103,5023,11563,851,17437,371,864,61,27,1328,13,19,32,1361,11388,787,13529,105,385,39,39,558,0,20,19,579,22405,2786,25768,153644,76286,10882,4657,245473,6394,4840,11241,256711,108548,20507,385771,2279,10602,439,299,13621,981,2896,3882,17500,15145,1324,33968,11978,11231,673,552,24437,1764,1384,3152,27588,5216,1791,34593,20949,7369,1176,548,30037,1595,744,2336,32376,4954,2546,39868,21721,8078,1608,564,31971,1358,708,2063,34034,5834,2583,42456,18715,8240,1141,416,28516,1203,671,1872
506,19530,5617,1071,521,26736,959,468,1428,28165,5548,2360,36071,16703,5272,1173,451,23606,668,392,1063,24670,5488,2002,32161,15128,5766,966,465,22314,587,392,978,23293,5371,1794,30457,15759,6226,846,477,23302,586,337,923,24228,4499,1671,30402,15859,5720,860,415,22860,507,257,763,23621,3857,1554,29032,14679,5352,898,342,21266,470,216,683,21952,4218,1373,27544,11811,4895,941,307,17955,372,165,540,18492,5534,1309,25336,7442,4476,690,232,12843,226,160,383,13229,8817,1157,23200,2002,2103,244,86,4430,27,60,91,4518,10602,848,15966,366,753,61,44,1226,14,22,36,1262,10179,823,12266,120,306,41,41,515,3,13,17,529,19837,2672,23039,138096,63121,9201,4524,214944,6556,4938,11494,226442,104376,21515,352330,2202,8274,310,287,11069,878,2472,3347,14421,14504,1314,30237,11533,10657,690,547,23430,1883,1818,3701,27131,7710,2226,37063,19407,7602,1054,589,28652,1855,980,2833,31487,6626,2886,41001,20809,7534,1334,512,30190,1603,798,2403,32599,6903,2712,42211,17371,7118,914,427,25826,1437,648,2082
507,13469,3648,957,350,18424,631,349,975,19399,3659,1356,24406,12286,4096,976,299,17661,510,286,795,18456,4050,1247,23754,12631,5272,902,381,19186,467,305,769,19959,4257,1293,25505,13699,5883,815,343,20739,480,350,832,21574,3806,1342,26724,13621,5491,887,356,20361,460,228,683,21048,3278,1151,25474,12425,4787,832,282,18329,367,180,538,18869,3557,1032,23467,9296,4110,715,219,14335,282,163,447,14781,4824,922,20526,5292,3463,518,154,9433,175,107,286,9720,7649,818,18186,1448,1753,207,71,3480,39,47,93,3565,9173,663,13403,252,586,64,27,932,3,16,24,953,8814,655,10419,83,258,37,35,421,0,8,10,430,18464,2019,20912,108649,52479,8106,3440,172675,5156,3776,8926,181604,85520,14951,282071,1831,7807,324,206,10164,860,2058,2924,13086,10919,1209,25210,9265,7777,587,432,18064,1503,978,2482,20548,4477,1743,26764,14411,4993,816,367,20586,1278,569,1847,22432,4112,2194,28741,15000,5570,1118,336,22028,1131,533,1664,23693,4761,2064,30513,13683,5922,865,300,20769,949,524,1472
509,3090,1023,261,110,4481,165,90,254,4737,1317,377,6428,2958,1333,283,100,4679,160,85,243,4921,1507,359,6783,3572,1819,297,126,5820,215,87,299,6119,1439,455,8008,4434,2104,374,160,7063,204,101,297,7364,1332,514,9211,4915,2083,368,134,7495,174,72,249,7745,1347,480,9578,4893,2115,410,167,7584,186,69,250,7832,1628,538,10001,4179,1842,415,93,6519,132,72,208,6728,2239,440,9409,2664,1693,343,108,4802,90,73,158,4960,3657,439,9046,997,893,181,67,2130,17,23,39,2171,4287,318,6776,401,457,89,34,979,3,5,17,993,4036,302,5331,239,284,51,32,612,5,0,8,619,7336,842,8794,36396,18133,3395,1351,59275,1894,954,2844,62122,34656,5847,102630,1004,1636,84,101,2824,252,226,480,3308,3452,535,7290,2605,1096,143,94,3935,299,104,401,4333,1146,471,5948,3066,1056,234,82,4443,222,68,292,4734,1386,629,6748,3127,1478,297,91,4999,177,97,266,5268,1459,628,7362,3213,1656,216,87,5173,211,94,307
510,5572,832,414,164,6982,171,65,233,7217,1608,1896,10723,4623,971,401,144,6136,131,52,179,6316,1528,1524,9367,4572,1014,360,122,6070,134,53,189,6256,1340,1529,9128,4331,931,312,119,5686,110,52,165,5852,1060,1445,8358,4005,670,253,106,5033,98,34,133,5164,809,1278,7255,3750,580,285,105,4718,85,19,104,4819,735,1113,6672,2578,449,209,68,3292,42,19,69,3360,734,778,4869,1308,270,111,54,1734,26,12,36,1774,728,461,2969,347,134,30,16,525,6,3,9,531,655,195,1380,70,51,13,11,146,3,3,6,149,434,108,692,29,20,0,6,58,3,0,0,61,586,118,761,35790,7175,2664,1149,46772,1189,469,1657,48438,13601,12580,74624,522,748,45,56,1372,186,126,318,1690,2194,503,4384,2391,615,142,124,3264,329,92,421,3683,1197,845,5726,4925,840,349,122,6233,289,105,396,6628,1450,1623,9703,5396,1110,477,126,7114,229,108,342,7454,1529,1658,10644,4537,1016,305,109,5968,224,74,297
511,4469,1028,310,144,5947,241,90,329,6276,1564,903,8745,3913,1228,340,128,5600,217,96,311,5919,1529,783,8231,4391,1619,352,165,6533,199,82,276,6814,1425,794,9029,4785,1707,303,147,6937,183,69,250,7191,1161,773,9122,4844,1537,340,128,6847,210,72,284,7124,1073,802,9004,4558,1425,334,141,6459,139,48,186,6644,1178,689,8512,3363,1254,308,106,5029,89,45,135,5169,1522,565,7259,1980,946,229,72,3222,70,48,116,3337,2361,494,6195,664,508,89,37,1297,16,17,32,1325,2683,356,4369,176,241,36,20,477,0,3,7,477,2432,296,3213,76,117,26,26,236,3,3,8,247,3948,617,4809,38789,14142,3065,1412,57417,1970,873,2841,60259,25166,8472,93895,966,1768,75,85,2896,260,280,541,3437,3069,666,7176,2930,989,184,106,4210,408,136,545,4755,1206,729,6690,3877,1073,300,95,5335,324,108,430,5762,1435,964,8164,3874,1360,345,111,5692,258,109,364,6055,1476,1052,8583,3551,1391,259,102,5301,233,102,338
597,59,0,4,0,64,0,0,0,62,0,15,81,47,4,4,5,57,0,0,0,57,0,14,72,45,0,0,0,53,0,0,0,50,0,8,59,33,0,4,0,35,0,0,0,35,0,3,41,23,0,3,0,28,0,0,0,33,0,3,37,30,0,0,0,31,0,0,0,31,0,3,34,13,0,0,0,18,0,0,0,18,3,3,22,10,0,0,0,10,0,0,0,10,0,0,10,3,0,0,0,3,0,0,0,3,0,0,4,0,0,0,0,0,0,0,0,0,3,0,7,0,0,0,0,0,0,0,0,0,3,0,3,295,15,17,5,333,3,0,3,335,19,64,417,0,0,0,0,0,0,0,0,0,0,0,0,15,7,0,0,19,0,0,0,19,3,3,20,32,4,0,0,38,0,0,0,38,0,7,47,55,3,0,0,58,0,0,0,62,0,17,78,43,0,0,3,46,0,0,0
599,342,88,34,10,478,47,11,65,544,137,143,824,251,65,26,13,346,32,18,51,398,170,148,719,195,38,26,7,269,26,6,32,299,139,148,586,186,39,24,10,257,49,11,61,315,131,116,564,179,40,29,9,258,49,4,56,310,109,120,541,166,48,26,6,244,36,3,38,278,164,109,553,133,50,18,4,200,35,9,38,242,339,109,696,85,31,14,6,129,14,15,22,156,423,62,641,23,13,4,0,34,0,3,3,36,352,47,428,0,4,0,0,8,0,0,0,8,152,21,180,0,0,0,0,4,0,0,0,3,72,35,108,1809,507,209,62,2596,356,113,464,3058,2410,1224,6693,10,19,0,3,26,19,8,26,57,56,43,151,123,59,3,10,202,44,15,56,256,125,121,503,229,78,16,6,330,55,9,67,404,116,178,698,183,50,19,15,264,44,9,49,312,118,179,607,115,40,19,7,178,30,7,34
601,6468,2625,472,177,9742,516,224,738,10476,2436,575,13485,5795,2768,547,134,9243,338,165,506,9745,2263,503,12515,6275,3508,507,148,10437,310,150,460,10896,2293,491,13676,6915,3679,395,184,11173,310,162,474,11653,2217,506,14373,7455,3539,414,186,11595,271,134,408,12000,2163,515,14676,7724,3429,473,184,11811,287,105,390,12204,2557,553,15320,5589,3054,464,128,9238,206,143,354,9594,3938,550,14080,3031,2420,320,89,5858,115,108,219,6081,6303,530,12911,734,1046,113,35,1930,12,29,39,1966,7161,461,9593,170,405,42,20,642,6,9,11,651,6534,458,7646,56,182,30,24,291,0,3,5,293,13596,1395,15284,56609,34215,4393,1656,96870,3575,2322,5896,102767,61444,7674,171886,846,3969,237,125,5175,358,973,1330,6513,6468,589,13565,4122,4210,330,153,8821,709,543,1252,10068,3234,741,14042,6254,3054,431,167,9912,582,323,897,10813,2606,781,14194,6496,3299,600,172,10565,394,223,620,11180,2362,752,14289,6035,3447,434,116,10037,335,185,521
602,3467,1424,246,103,5240,313,137,445,5683,1498,270,7452,3205,1566,321,116,5200,242,111,352,5554,1444,237,7240,3680,2080,262,103,6116,257,114,373,6491,1592,302,8387,4320,2411,261,112,7113,266,131,397,7507,1582,307,9399,4772,2276,270,111,7429,260,91,352,7779,1580,314,9677,4621,2339,345,112,7424,253,104,353,7777,1905,357,10035,3553,2089,295,84,6022,206,104,307,6329,2828,334,9498,2003,1609,256,74,3949,125,93,216,4163,4723,367,9256,556,720,97,31,1406,11,20,32,1443,5510,340,7286,146,278,27,14,465,0,4,4,467,4744,324,5534,83,122,14,18,239,0,3,4,244,9093,983,10321,34628,21176,2826,1130,59761,2738,1583,4319,64086,42851,4736,111670,707,2330,128,95,3268,323,540,862,4127,4169,507,8806,2738,2263,197,119,5314,526,322,849,6158,1913,580,8661,3231,1498,233,78,5046,306,161,468,5513,1425,491,7427,3208,1713,301,90,5315,241,120,359,5673,1434,495,7605,3096,1890,201,90,5280,213,116,336
603,639,268,48,19,974,61,23,78,1059,362,49,1468,669,426,53,35,1186,62,22,89,1274,380,72,1717,857,568,72,39,1531,81,25,108,1635,490,84,2214,1071,669,89,25,1852,71,35,102,1949,536,88,2572,1100,653,78,29,1866,71,36,110,1975,598,88,2656,1207,711,122,33,2079,71,39,111,2183,704,97,2990,845,624,111,34,1604,68,40,108,1713,1098,130,2950,509,534,85,27,1155,48,52,98,1250,1710,140,3105,195,244,43,15,492,3,13,13,510,1803,125,2433,62,78,5,6,148,0,3,3,152,1306,102,1560,26,42,9,10,89,0,0,0,90,1835,186,2105,7908,5443,798,325,14470,685,364,1047,15519,12158,1278,28951,186,413,20,28,645,66,74,139,781,1056,100,1944,516,304,36,42,899,68,38,108,1001,275,101,1371,598,290,48,38,980,60,22,79,1056,289,94,1440,682,438,74,18,1212,36,38,72,1290,326,108,1725,728,477,60,30,1295,58,24,88
604,2666,997,200,81,3947,198,80,276,4224,1127,178,5531,2408,1160,220,74,3860,211,99,313,4176,1246,227,5645,2820,1590,192,95,4699,226,115,342,5040,1261,247,6547,3421,1819,199,108,5538,240,118,352,5895,1307,293,7499,3729,1841,277,122,5966,216,85,308,6272,1377,280,7923,3725,1694,311,106,5838,216,85,304,6141,1687,288,8112,2688,1529,280,77,4569,167,78,243,4816,2418,260,7495,1470,1212,204,68,2956,106,72,176,3135,3919,314,7367,387,499,57,37,979,4,16,15,994,4647,307,5950,112,196,20,13,338,0,4,4,346,4035,297,4683,62,98,20,12,190,0,3,8,195,7075,927,8201,27079,15457,2304,979,45818,2279,1158,3441,49256,34486,4147,87887,734,1899,109,89,2829,255,342,591,3421,2975,303,6699,2210,1307,147,60,3735,428,142,567,4301,1089,305,5691,2388,1119,182,57,3751,234,120,349,4104,1097,323,5524,2389,1281,228,72,3975,181,94,278,4250,1064,303,5613,2342,1401,166,61,3972,204,74,275
697,12,0,0,0,14,0,0,0,14,0,0,17,4,0,3,0,6,0,0,0,7,0,0,9,3,3,0,0,5,0,0,0,5,0,0,11,8,0,0,0,9,0,0,0,9,0,6,18,8,0,0,0,9,0,0,0,10,0,0,15,7,0,0,0,7,0,0,0,10,3,0,12,8,0,0,0,8,0,0,0,11,0,0,10,4,0,0,0,4,0,0,0,4,4,0,7,0,0,0,0,0,0,0,0,0,0,3,6,0,0,0,0,0,0,0,0,0,3,0,5,0,0,0,0,0,0,0,0,0,0,0,0,59,4,8,0,76,6,0,6,82,15,12,110,0,0,0,0,0,0,0,0,0,0,0,0,3,3,0,0,6,0,0,0,6,3,0,8,5,3,0,0,9,0,0,0,9,3,0,14,6,0,3,0,9,0,0,0,9,0,0,11,0,0,0,0,0,0,0,0
699,33,10,3,0,50,13,4,14,64,36,15,125,14,8,3,0,33,6,0,8,40,22,21,80,23,6,0,0,27,8,0,15,44,22,11,77,29,11,0,0,35,9,0,10,45,22,10,87,24,10,3,3,39,3,0,7,48,29,15,86,21,6,4,0,35,4,4,5,37,20,5,65,9,5,0,0,14,9,0,9,22,40,9,72,7,6,0,0,13,0,0,3,16,59,9,84,0,0,0,0,3,0,0,0,3,39,6,46,0,0,0,0,0,0,0,0,0,22,4,28,0,0,0,0,0,0,0,0,0,21,4,23,179,90,27,6,301,90,22,113,414,426,140,976,4,10,0,0,12,9,4,12,25,29,5,62,10,8,0,3,22,16,3,21,41,27,20,90,28,14,3,0,46,8,3,15,59,19,26,103,28,8,4,0,35,7,6,8,50,13,18,79,17,17,3,0,31,4,0,4
701,6089,1278,532,178,8084,212,78,291,8372,1398,1258,11038,5501,1326,463,151,7440,169,65,232,7669,1352,1000,10026,5409,1366,423,182,7378,156,79,231,7609,1238,1017,9863,5497,1387,330,165,7383,145,46,186,7566,1064,1054,9682,5231,1113,312,143,6807,135,48,189,7000,947,905,8844,4782,1016,314,113,6231,101,33,128,6360,945,853,8156,3636,865,241,95,4831,92,24,110,4942,1221,716,6877,2143,767,193,53,3151,56,31,82,3236,1780,594,5607,617,364,72,32,1080,10,12,21,1106,1843,342,3293,138,139,16,7,306,3,10,9,315,1513,245,2076,31,41,7,3,87,3,3,8,95,1838,329,2260,45397,12787,3409,1448,63045,1564,787,2354,65394,19556,10251,95209,968,2018,100,116,3203,207,344,552,3752,3155,690,7600,4540,1688,281,223,6740,340,162,503,7237,1199,1117,9555,7414,1670,412,231,9731,297,135,438,10170,1532,1770,13470,7418,1714,507,211,9854,245,108,351,10205,1596,1591,13388,6430,1544,346,140,8458,231,109,337
702,3001,934,235,164,4324,338,132,467,4791,2349,800,7938,2745,935,238,160,4073,308,85,399,4476,1986,694,7159,2695,1026,213,124,4054,265,86,348,4404,1755,668,6826,2874,892,177,111,4054,217,61,281,4334,1521,681,6537,2831,756,198,107,3897,162,38,197,4096,1158,579,5827,2686,685,198,108,3676,120,41,158,3833,1113,504,5460,2164,485,169,74,2883,72,22,92,2976,1124,427,4526,1235,375,114,43,1768,37,15,57,1826,1160,307,3294,397,146,35,29,606,9,9,19,622,994,218,1835,111,81,22,11,225,4,5,5,229,761,151,1143,35,49,9,16,98,7,0,4,102,930,207,1242,23705,7988,1848,1227,34772,2275,768,3037,37808,21316,6637,65759,504,666,51,83,1306,393,111,506,1806,3693,939,6446,1812,512,83,130,2545,582,129,714,3256,2577,1069,6905,2834,642,176,134,3791,449,126,574,4364,2420,1193,7973,2714,808,184,139,3850,416,138,551,4402,2284,1030,7710,2301,748,177,109,3325,322,97,419
797,17,0,0,0,12,0,0,0,19,0,0,18,13,3,0,0,13,0,0,0,13,0,0,17,10,0,0,0,10,0,0,0,10,3,0,8,5,0,0,5,5,0,0,0,5,0,0,12,5,0,0,0,5,0,0,0,5,0,0,7,3,0,0,3,8,0,0,0,8,0,0,4,3,0,0,0,3,0,0,0,3,0,0,3,4,0,0,0,4,0,0,0,4,0,0,9,0,0,0,0,0,0,0,0,0,3,0,6,0,0,0,0,0,0,0,0,0,0,0,0,0,0,0,0,0,0,0,0,0,0,3,3,70,3,3,11,78,3,0,3,83,10,10,107,0,0,0,0,0,0,0,0,0,0,0,0,0,0,0,0,0,0,0,0,0,4,0,3,3,0,0,0,4,0,0,0,4,6,0,11,6,0,0,0,7,0,0,0,7,4,7,17,0,0,3,0,3,0,0,0
799,73,23,9,3,109,14,4,19,131,48,42,222,52,8,14,5,68,7,3,13,85,44,21,146,33,7,11,0,56,3,0,6,57,48,18,128,18,5,9,0,38,9,0,6,47,43,15,107,27,6,7,4,50,7,3,6,53,35,25,115,33,13,11,4,54,5,4,4,59,71,20,152,43,11,8,0,63,5,9,11,79,117,33,226,24,8,0,0,38,4,3,10,47,138,26,214,3,0,0,0,6,0,0,3,7,132,12,155,0,3,0,0,3,0,0,0,3,53,4,63,0,0,0,0,0,0,0,0,0,17,5,23,375,104,80,25,582,60,31,92,681,801,248,1727,15,0,0,0,18,0,0,0,23,8,3,32,55,10,0,4,75,7,0,5,78,39,68,183,63,19,15,5,96,4,3,10,104,43,109,251,44,9,13,3,66,5,5,13,80,49,80,206,30,6,7,3,45,9,0,9
801,19263,4099,1172,361,24890,515,296,812,25697,3250,1502,30451,16389,4400,1569,299,22656,394,226,621,23277,3188,1181,27639,15660,5065,1244,277,22244,352,233,582,22832,3058,1016,26904,15823,4886,957,280,21946,337,152,491,22438,2523,956,25918,15810,4124,810,303,21042,325,138,464,21506,2230,838,24575,14918,3571,923,239,19646,273,124,394,20036,2561,761,23353,10399,3449,864,157,14871,181,129,303,15175,4517,684,20369,5841,3197,607,123,9768,122,117,244,10011,7766,578,18348,1533,1702,233,48,3517,28,62,89,3609,8522,526,12658,318,620,75,17,1030,5,18,29,1059,7457,472,8986,109,279,28,24,442,7,9,16,453,14566,1468,16488,131872,50947,9889,2909,195620,3575,3685,7257,202874,74708,12720,290306,2011,7974,409,331,10736,377,1960,2336,13069,10442,962,24468,10832,8872,666,532,20908,798,1120,1914,22827,6762,1762,31354,19035,4973,1032,369,25405,673,433,1100,26504,3927,1989,32426,19403,5701,1717,355,27175,609,336,950,28122,3495,1972,33587,17409,5850,1167,333,24763,526,267,793
897,0,0,0,0,0,0,0,0,0,0,0,0,0,0,0,0,0,0,0,0,0,0,0,0,0,0,0,0,0,0,0,0,0,0,0,0,0,0,0,0,0,0,0,0,0,0,0,0,0,0,0,0,0,0,0,0,0,0,0,0,0,0,0,0,0,0,0,0,0,0,0,0,0,0,0,0,0,0,0,0,0,0,0,0,0,0,0,0,0,0,0,0,0,0,0,0,0,0,0,0,0,0,0,0,0,0,0,0,0,0,0,0,0,0,0,0,0,0,0,0,0,0,0,0,0,0,0,0,0,0,0,0,0,0,0,0,0,0,0,0,0,0,0,0,0,0,0,0,0,0,0,0,0,0,0,0,0,0,0,0,0,0,0,0,0,0,0,0,0,0,0,0,0,0,0,0,0,0,0,0,0,0,0,0,0,0,0,0,0,0,0,0,0,0,0,0,0,0,0,0
899,29,9,4,0,47,6,0,4,55,24,8,85,33,12,3,0,48,3,0,3,49,13,3,70,24,7,0,0,35,3,0,5,37,12,0,54,19,3,0,0,21,3,0,3,28,21,11,56,11,3,0,0,13,3,0,3,14,8,6,31,18,5,0,0,26,6,0,9,29,8,4,50,4,9,0,0,15,4,0,4,21,13,3,35,3,4,0,0,8,0,0,0,6,11,3,26,0,0,0,0,0,0,0,0,0,9,0,7,0,0,0,0,0,0,0,0,0,7,0,9,0,0,0,0,0,0,0,0,0,5,0,10,171,80,11,3,272,34,22,58,326,185,57,572,3,9,0,0,10,3,0,8,15,15,9,35,21,19,3,0,39,3,0,6,45,21,9,79,24,4,4,0,37,8,0,11,45,8,4,60,12,3,0,0,25,4,0,7,27,11,8,47,19,7,6,0,29,4,0,4
901,78,18,6,8,105,8,0,7,112,293,13,421,72,23,7,7,108,6,4,6,119,174,8,294,77,30,4,4,116,3,3,7,123,90,16,227,98,26,5,0,138,5,0,5,139,66,18,217,114,35,12,3,167,0,0,0,172,43,11,227,99,37,4,3,140,3,0,5,145,52,3,193,96,19,4,3,125,0,3,3,130,56,6,194,70,12,3,6,94,0,0,0,98,43,8,146,14,3,0,0,16,0,0,0,20,49,5,67,10,0,0,0,10,0,0,0,10,40,0,49,0,0,0,0,0,0,0,0,0,36,7,38,843,230,49,32,1156,35,14,50,1204,1200,101,2507,18,41,3,9,70,5,0,9,79,108,24,205,67,28,9,6,114,0,0,0,113,55,30,199,105,30,14,0,147,3,0,5,153,74,34,257,116,54,14,4,189,4,0,3,193,77,38,312,151,50,12,6,220,3,0,3
997,0,0,0,0,0,0,0,0,0,0,0,0,0,0,0,0,0,0,0,0,0,0,0,0,0,0,0,0,0,0,0,0,0,0,0,0,0,0,0,0,0,0,0,0,0,0,0,0,0,0,0,0,0,0,0,0,0,0,0,0,0,0,0,0,0,0,0,0,0,0,0,0,0,0,0,0,0,0,0,0,0,0,0,0,0,0,0,0,0,0,0,0,0,0,0,0,0,0,0,0,0,0,0,0,0,0,0,0,0,0,0,0,0,0,0,0,0,0,0,0,0,0,0,0,0,0,0,0,0,0,0,0,0,0,0,0,0,0,0,0,0,0,0,0,0,0,0,0,0,0,0,0,0,0,0,0,0,0,0,0,0,0,0,0,0,0,0,0,0,0,0,0,0,0,0,0,0,0,0,0,3,0,0,0,3,0,0,0,3,0,0,3,0,0,0,0,0,0,0,0
999,6,0,0,0,6,0,0,0,6,0,0,6,0,0,0,0,0,0,0,0,0,0,0,0,0,0,0,0,0,0,0,0,0,0,0,0,0,0,0,0,0,0,0,0,0,0,0,0,0,0,0,0,0,0,0,0,0,0,0,4,6,0,0,0,6,0,0,0,6,0,0,6,3,0,0,0,3,0,0,0,3,0,0,0,0,0,0,0,0,0,0,0,0,0,0,0,0,0,0,0,0,0,0,0,0,0,0,0,0,0,0,0,0,0,0,0,0,0,0,0,0,0,0,0,0,0,0,0,0,0,0,0,23,0,0,3,22,0,0,0,22,0,0,24,0,0,0,0,0,0,0,0,0,0,4,3,0,0,0,0,0,3,0,3,4,0,4,10,0,0,0,0,0,0,0,0,0,0,0,0,0,0,0,0,0,0,0,0,0,0,0,0,0,0,0,0,3,0,0,0