SA3_CODE_2016,C16_75_79_N_mar_M,C16_75_79_N_mar_F,C16_75_79_T_M,C16_75_79_T_F,C16_75_79_T_P,C16_80_84_Mar_RegM_M,C16_80_84_Mar_RegM_F,C16_80_84_Mar_DFM_M,C16_80_84_Mar_DFM_F,C16_80_84_N_mar_M,C16_80_84_N_mar_F,C16_80_84_T_M,C16_80_84_T_F,C16_80_84_T_P,C16_85o_Mar_RegM_M,C16_85o_Mar_RegM_F,C16_85o_Mar_DFM_M,C16_85o_Mar_DFM_F,C16_85o_N_mar_M,C16_85o_N_mar_F,C16_85o_T_M,C16_85o_T_F,C16_85o_T_P,C16_T_Marr_reg_marr_M,C16_T_Marr_reg_marr_F,C16_T_Mar_de_fa_mar_M,C16_T_Mar_de_fa_mar_F,C16_Tot_N_mar_M,C16_Tot_N_mar_F,C16_Tot_T_M,C16_Tot_T_F,C16_Tot_T_P
10102,131,282,481,537,1020,188,108,4,3,88,194,284,306,586,99,43,0,4,78,242,179,291,469,10038,10141,2386,2406,7636,7903,20062,20451,40508
10103,81,124,277,263,536,133,63,11,6,65,119,198,189,388,56,23,3,3,62,175,121,196,319,3106,3146,805,842,2716,2555,6623,6540,13169
10104,347,645,1477,1488,2964,608,385,25,20,288,596,929,1000,1928,370,192,16,4,282,722,666,921,1585,12452,12600,3082,3202,9105,10497,24640,26297,50934
10105,160,296,559,566,1118,203,137,10,8,131,255,346,400,742,125,54,8,3,108,313,246,371,621,6014,6080,1261,1304,4895,5273,12173,12652,24826
10106,136,269,539,536,1074,184,137,5,3,99,237,290,384,672,117,47,7,3,93,284,213,333,551,6530,6592,1328,1385,4356,4918,12212,12895,25100
10201,657,1560,2580,3066,5645,1154,806,50,27,503,1514,1706,2343,4051,880,456,29,28,721,1966,1638,2448,4090,29691,30021,6189,6327,23585,28861,59461,65205,124672
10202,716,1433,2593,2857,5454,1072,715,36,38,515,1338,1619,2091,3709,701,341,32,15,599,1573,1323,1931,3259,25711,26000,6179,6401,22768,27946,54662,60348,115011
10301,140,307,536,574,1116,200,164,7,7,105,288,307,457,761,136,60,4,0,118,339,262,401,658,7256,7368,1744,1814,6096,6841,15096,16022,31116
10302,301,493,982,1035,2016,393,273,15,8,232,432,642,709,1352,247,124,6,5,197,577,453,697,1152,9242,9313,1927,1973,7430,7747,18601,19038,37633
10303,245,439,727,767,1492,269,162,9,10,153,343,432,516,949,138,77,3,3,141,336,282,414,699,7403,7506,1811,1843,6360,6581,15571,15934,31497
10304,189,436,708,807,1513,336,239,7,3,162,388,508,630,1132,200,97,7,3,141,422,341,526,868,9715,9893,2048,2097,7031,8531,18790,20526,39319
10401,269,480,1008,994,2002,402,288,24,8,218,462,645,762,1403,273,135,12,7,175,512,460,651,1112,8508,8652,1958,2027,7135,7967,17599,18646,36241
10402,380,745,1343,1566,2907,654,418,32,16,249,623,933,1060,1991,390,178,13,14,272,805,675,994,1664,14088,14307,3499,3644,11717,14145,29300,32097,61393
10501,144,200,334,338,670,106,68,6,8,80,120,190,192,383,58,21,0,4,52,131,110,156,271,3058,3035,1131,1151,3559,3349,7740,7540,15279
10502,79,173,264,349,614,131,80,3,0,74,209,206,288,490,79,36,0,0,75,234,158,270,425,2836,2881,806,855,3171,3519,6813,7245,14064
10503,297,535,994,1050,2040,378,246,10,3,198,488,589,735,1328,256,111,10,4,197,474,464,593,1053,10855,11058,2463,2585,8863,10458,22183,24097,46279
10601,283,514,973,1004,1981,392,244,13,3,196,456,598,708,1309,179,94,9,10,183,536,373,631,1006,14201,14420,3510,3613,11724,12720,29437,30748,60187
10602,169,456,748,895,1648,329,221,10,8,115,405,454,633,1089,193,85,5,6,138,478,343,564,907,12858,13165,2976,3144,9230,11118,25060,27429,52490
10603,331,567,1365,1339,2704,562,348,10,13,211,509,785,866,1658,321,144,12,11,206,562,544,721,1263,12843,13113,2610,2717,9329,10374,24780,26199,50974
10604,83,194,323,393,715,143,86,7,0,71,202,217,285,507,67,33,3,0,76,195,145,226,376,4819,4863,1303,1344,3915,4034,10042,10239,20279
10701,293,670,1116,1333,2448,546,354,21,10,231,632,799,995,1794,303,135,13,5,227,635,542,774,1320,13275,13401,2467,2544,11156,12636,26890,28586,55480
10702,0,0,0,0,0,0,0,0,0,0,0,0,0,0,0,0,0,0,0,0,0,0,0,0,0,0,0,0,0,4,3,8
10703,251,663,1224,1441,2665,600,371,26,14,186,563,807,945,1757,361,161,13,8,230,674,597,839,1434,16740,16996,2980,3076,11699,13804,31422,33886,65307
10704,398,910,1617,1916,3532,811,525,26,11,317,903,1145,1445,2593,563,262,8,5,377,1255,940,1521,2469,21626,21927,4363,4514,20148,21581,46134,48020,94148
10801,224,372,844,854,1696,351,257,24,15,176,345,548,615,1168,248,123,6,6,185,417,434,540,978,5616,5646,1150,1173,4416,5128,11186,11953,23137
10802,304,425,956,919,1878,367,209,17,10,170,381,556,600,1148,222,122,9,4,198,493,435,617,1049,7510,7586,1864,1946,7203,7915,16580,17450,34029
10803,0,0,4,4,9,3,0,0,0,0,0,3,0,8,5,0,0,0,0,3,6,3,6,64,58,18,13,45,36,123,110,236
10804,406,826,1662,1863,3522,812,589,31,24,295,789,1140,1397,2541,552,254,24,4,328,1017,901,1276,2176,14321,14549,2884,2997,9937,12790,27141,30330,57476
10805,293,549,1112,1170,2281,470,293,17,13,215,469,702,772,1480,298,123,8,10,195,567,509,699,1205,9555,9636,1969,1987,7300,8803,18820,20428,39245
10901,217,476,765,871,1639,313,222,3,3,144,425,457,653,1113,227,95,9,0,186,479,415,573,990,10042,10189,2212,2306,8109,9660,20365,22161,42525
10902,57,84,193,201,396,91,50,0,0,45,72,133,123,256,37,20,0,0,31,67,66,92,158,2097,2136,460,479,1652,1521,4212,4140,8344
10903,243,395,821,879,1703,359,235,18,9,172,344,554,588,1141,217,99,4,7,191,400,414,505,920,7467,7564,1542,1579,5417,5565,14432,14711,29142
11001,132,299,464,568,1035,221,117,0,0,62,252,289,369,660,113,49,3,0,86,291,202,340,540,5776,5853,1312,1327,4692,5539,11782,12714,24500
11002,230,351,745,757,1504,290,161,10,3,150,314,454,482,934,144,51,7,6,107,370,258,432,686,6334,6362,1477,1525,5084,5660,12891,13552,26441
11003,112,167,310,307,614,115,60,4,3,70,141,185,206,389,43,29,0,0,49,127,97,159,262,3891,3891,960,979,3467,3394,8317,8255,16573
11004,292,694,1154,1374,2531,512,300,20,4,245,566,772,870,1643,287,128,5,3,204,696,502,834,1334,13091,13310,2905,3038,10625,12381,26618,28725,55348
11101,392,1069,1806,2172,3979,888,608,28,23,343,1025,1254,1649,2904,566,284,15,9,430,1277,1005,1575,2581,22054,22472,4269,4376,16509,19773,42837,46630,89463
11102,243,598,1117,1287,2397,537,353,23,8,226,560,785,915,1706,333,179,6,7,257,632,601,814,1417,13651,13906,2815,2922,10004,11599,26470,28422,54897
11103,588,1195,1936,2260,4196,825,584,25,12,390,1141,1244,1739,2985,577,293,13,5,512,1557,1101,1853,2955,24987,25453,6764,7102,26670,29508,58420,62066,120487
11201,289,663,1113,1329,2445,506,364,15,14,222,589,748,966,1713,386,181,15,7,306,894,715,1088,1800,12115,12228,3486,3595,10771,13291,26369,29111,55487
11202,285,539,976,1074,2057,434,295,22,15,195,504,655,810,1465,278,112,9,0,192,661,481,776,1259,10617,10704,2853,2939,10430,11905,23898,25556,49450
11203,481,905,1762,1956,3715,806,546,35,19,399,939,1245,1510,2755,583,270,12,11,464,1087,1054,1371,2425,15330,15589,3530,3625,12735,15775,31596,34983,66581
11301,187,342,662,680,1343,299,175,4,6,128,330,434,511,947,187,76,3,7,113,380,301,462,766,8079,8154,1527,1565,6398,6401,16003,16117,32124
11302,76,94,252,232,486,106,55,0,0,53,107,162,166,325,54,27,0,0,54,137,101,166,268,2432,2484,591,620,1895,1840,4910,4944,9854
11303,299,684,1192,1428,2618,503,368,10,11,231,624,744,1001,1746,347,148,9,0,243,743,593,896,1491,15395,15654,3183,3388,11970,13975,30545,33014,63561
11401,555,899,2099,2132,4230,881,583,31,26,389,834,1305,1438,2737,532,259,25,17,404,990,963,1267,2235,17508,17738,3705,3902,13166,15143,34382,36784,71162
11402,195,466,974,1046,2017,436,251,13,9,151,402,608,661,1269,241,99,8,3,130,433,383,530,913,9095,9236,1661,1649,5434,7232,16189,18118,34309
11501,204,733,1530,1699,3232,706,440,13,7,207,644,927,1099,2021,496,225,8,6,232,916,746,1148,1898,32639,33118,2137,2157,17461,20489,52238,55766,108000
11502,63,144,351,388,735,189,104,3,0,61,122,252,223,481,114,44,3,4,65,188,179,241,419,5536,5614,529,565,3474,3634,9543,9810,19354
11503,50,89,248,223,468,97,56,3,4,39,86,138,138,282,57,23,3,0,36,75,98,97,196,4822,4872,875,887,3107,3045,8801,8800,17602
11504,41,114,233,227,460,83,42,3,0,29,92,118,137,256,38,22,0,0,34,106,76,130,204,6990,7081,739,733,3916,4127,11646,11933,23577
11601,306,789,1201,1387,2587,503,277,13,7,249,755,774,1033,1810,286,139,10,5,257,712,547,861,1412,25394,25463,3027,3106,21084,21647,49500,50217,99715
11602,108,305,498,523,1014,148,80,0,0,72,192,222,274,502,86,32,0,0,61,199,155,231,386,19076,19266,1999,2054,10713,11959,31784,33277,65065
11603,222,541,775,872,1655,277,139,9,3,139,376,418,521,942,142,63,5,3,100,338,242,398,641,17854,17922,2874,2946,16856,19429,37583,40295,77876
11701,153,350,510,594,1098,228,105,11,3,107,295,349,403,749,117,54,5,3,96,331,220,384,603,7664,7718,1778,1705,7861,8460,17303,17881,35187
11702,148,289,461,508,972,201,139,6,3,111,262,316,413,731,134,51,6,3,95,289,233,349,576,6732,6784,3548,3544,9397,10706,19679,21029,40712
11703,458,776,1064,1213,2280,328,196,39,10,365,611,723,817,1547,236,74,10,4,264,594,516,676,1188,19042,19172,18039,13861,45259,45680,82340,78711,161053
11801,324,879,1223,1555,2777,551,322,34,16,243,759,827,1100,1922,490,206,36,7,347,1072,872,1292,2163,18213,18513,7074,6588,17250,22818,42538,47920,90462
11802,375,881,1307,1636,2938,643,357,25,10,273,833,937,1202,2140,466,197,19,7,351,1118,829,1314,2150,19750,19946,6276,6282,22844,27049,48875,53270,102151
11901,430,1075,1772,2021,3798,863,534,19,14,365,1060,1239,1612,2855,598,260,9,0,507,1387,1113,1655,2766,30530,30647,2963,3041,26372,29567,59862,63253,123115
11902,331,796,1488,1633,3116,762,450,17,8,287,783,1070,1240,2304,534,205,7,0,312,901,853,1114,1966,24774,24879,2371,2430,22743,22104,49893,49407,99303
11903,323,891,1465,1797,3258,860,520,16,11,292,865,1169,1393,2561,550,251,3,3,356,1194,913,1448,2361,24517,24688,2722,2761,20200,23557,47438,51000,98439
11904,349,959,1486,1858,3351,850,502,13,14,292,830,1155,1346,2494,558,207,18,5,391,1062,964,1279,2246,25075,25177,4083,3855,22508,24449,51662,53478,105141
12001,191,571,913,1098,2010,461,304,10,13,154,504,635,818,1451,353,118,9,6,210,718,575,839,1414,16088,16254,3025,3085,11402,14630,30512,33972,64480
12002,113,301,366,488,849,162,92,14,0,92,206,271,297,568,92,28,4,4,89,249,184,288,470,8461,8564,3285,3363,6772,9209,18521,21134,39649
12003,372,901,1432,1708,3143,774,443,25,9,306,945,1105,1393,2497,538,194,16,4,325,1132,877,1331,2213,25273,25406,4810,4927,26722,29477,56805,59809,116611
12101,215,651,1022,1224,2245,543,356,8,13,179,603,729,967,1699,415,191,15,0,257,817,687,1007,1698,21382,21666,3691,3579,14138,17977,39214,43222,82434
12102,197,480,903,966,1874,388,250,7,3,133,392,534,644,1178,246,125,7,0,185,529,441,651,1093,16901,17090,1827,1822,9999,11839,28727,30751,59480
12103,225,716,1598,1884,3477,969,634,21,11,223,791,1214,1436,2654,744,364,16,4,372,1232,1138,1596,2736,26027,26629,1856,1860,13239,17331,41120,45820,86947
12104,243,704,996,1206,2201,391,239,29,5,167,552,581,801,1382,305,139,21,11,232,798,548,939,1495,15543,15788,5242,5065,11658,17357,32442,38212,70655
12201,89,238,409,468,876,212,132,11,6,68,214,291,348,637,165,85,8,3,115,345,288,437,724,7354,7447,2072,2089,5185,6209,14611,15751,30365
12202,173,424,905,915,1816,393,271,8,3,112,416,516,691,1212,267,124,4,3,185,571,462,700,1158,11971,12152,1987,2015,7059,8509,21011,22681,43690
12203,387,1054,1814,2139,3955,874,571,30,20,302,962,1198,1562,2760,662,337,5,9,459,1470,1133,1813,2951,28399,28743,5316,5457,18958,22278,52679,56479,109154
12301,80,252,428,527,956,198,115,0,0,69,234,263,346,614,96,44,0,0,72,292,167,340,506,12033,12197,2022,2112,7102,8782,21161,23095,44258
12302,330,792,1294,1396,2687,440,250,19,10,210,621,664,878,1548,238,120,5,8,203,614,452,738,1192,26819,26958,4834,4977,23388,26801,55045,58731,113775
12303,118,197,422,448,866,208,114,7,3,62,153,282,270,555,101,51,4,0,68,209,169,263,433,7889,7998,1457,1517,4972,5302,14320,14816,29131
12401,252,605,945,1142,2087,427,247,36,7,173,528,635,784,1417,212,109,14,6,182,575,401,688,1088,13784,13995,3001,3143,9909,12362,26696,29497,56191
12402,0,0,0,0,0,0,0,0,0,0,0,0,0,0,0,0,0,0,0,0,0,0,0,0,0,0,0,3,0,3,0,3
12403,277,713,1122,1286,2408,447,262,18,13,197,566,662,839,1500,227,88,3,0,212,666,438,757,1197,24259,24452,5186,5384,19100,21832,48546,51667,100216
12404,102,275,364,474,842,153,85,4,3,69,233,225,321,548,79,45,3,0,76,221,159,262,423,5565,5635,1348,1364,5371,6204,12285,13198,25486
12405,105,259,380,427,807,149,80,6,0,61,234,216,317,538,70,34,0,0,69,210,139,245,387,8703,8743,1951,2007,8590,9169,19247,19922,39161
12501,149,339,585,613,1205,250,143,10,3,115,277,377,421,800,149,67,3,0,110,381,268,451,718,15610,15692,1702,1608,17686,13811,34998,31110,66110
12502,171,390,798,879,1670,426,236,11,8,151,389,586,626,1209,254,114,0,0,165,453,414,569,980,13460,13631,1315,1339,9421,10713,24189,25691,49881
12503,348,867,1331,1573,2908,609,338,15,6,278,795,897,1142,2041,406,166,18,7,321,1000,744,1173,1915,26136,26265,2552,2585,25440,25195,54128,54049,108172
12504,309,733,1209,1385,2589,521,312,16,12,221,663,767,989,1753,312,124,4,4,297,842,611,975,1585,27812,27827,2700,2695,20637,20521,51142,51040,102185
12601,84,280,533,663,1190,303,219,4,3,82,252,389,474,869,232,101,3,3,107,391,341,493,833,10345,10454,762,749,6643,7628,17749,18829,36581
12602,331,903,1375,1719,3094,722,461,17,9,284,863,1025,1329,2356,560,244,7,5,392,1240,959,1489,2449,25620,25847,3479,3505,19560,23423,48667,52771,101436
12701,165,447,745,834,1575,304,143,13,4,115,370,427,522,949,142,46,3,3,112,327,259,373,629,18637,18742,2225,2259,14630,16064,35494,37072,72567
12702,470,1226,2003,2256,4257,944,513,21,11,350,1102,1316,1619,2934,600,193,14,7,369,1174,986,1371,2356,32376,32569,3096,3143,32776,36407,68242,72124,140363
12703,227,610,952,1071,2028,396,217,15,3,166,515,579,736,1310,235,91,7,8,171,551,411,649,1060,20980,21104,2504,2563,16382,18077,39862,41744,81604
12801,284,797,1418,1703,3115,801,583,21,12,278,844,1103,1442,2549,621,311,18,7,377,1281,1021,1597,2618,20847,21111,3687,3734,14694,17724,39232,42575,81806
12802,219,582,1165,1272,2445,522,337,9,15,178,510,708,857,1567,349,164,7,8,225,710,581,878,1462,22473,22717,2921,3009,13544,15562,38940,41278,80221
19797,0,0,0,0,0,0,0,0,0,0,0,0,0,0,0,0,0,0,0,0,0,0,0,0,0,0,0,0,0,0,0,0
19999,0,0,0,0,0,0,0,0,0,0,0,0,0,0,0,0,0,0,0,0,0,0,0,0,0,0,0,0,0,0,0,0
20101,297,764,1164,1424,2592,549,378,15,8,216,712,780,1098,1878,334,156,8,6,245,884,585,1044,1632,16251,16415,4011,4126,14301,18061,34564,38603,73165
20102,114,179,411,382,790,142,73,3,3,98,172,246,249,492,67,41,3,4,84,222,162,263,425,4915,4954,1295,1284,3614,3965,9826,10205,20031
20103,173,255,505,487,994,190,101,8,4,107,183,303,286,592,109,52,3,0,91,240,205,286,492,4317,4356,1002,1021,3783,3873,9098,9245,18350
20201,288,686,1142,1408,2549,587,364,12,6,235,605,834,975,1808,341,178,13,7,270,763,615,952,1567,14821,15054,3566,3716,13153,16384,31540,35149,66687
20202,219,337,759,740,1500,270,178,8,3,123,302,396,488,883,183,95,5,0,137,336,326,437,760,8171,8257,2029,2107,5957,6818,16156,17187,33344
20203,65,86,196,183,378,68,53,0,0,54,98,118,149,270,45,22,0,0,60,92,107,117,217,2092,2104,386,392,1661,1453,4137,3945,8082
20301,47,62,187,168,357,68,44,3,4,29,61,102,115,218,31,12,0,3,32,77,62,89,158,3740,3801,718,741,2184,2053,6641,6591,13228
20302,538,1416,2221,2788,5012,1094,781,25,13,456,1307,1577,2101,3679,772,376,20,8,553,1680,1342,2066,3410,30827,31214,6851,6982,26869,32750,64553,70946,135495
20303,187,500,1029,1126,2153,481,357,9,3,164,440,656,800,1452,298,131,12,6,200,594,504,736,1240,13482,13698,2544,2722,7757,9772,23791,26196,49982
20401,228,420,862,870,1734,335,217,14,9,183,386,534,609,1145,219,85,14,8,175,411,409,498,901,8977,9050,2233,2268,7241,7596,18448,18911,37365
20402,173,415,773,854,1624,340,249,12,0,146,357,502,608,1112,257,113,3,10,169,514,431,635,1066,8137,8265,1689,1711,5938,7193,15757,17177,32936
20403,216,472,874,986,1862,403,225,10,8,147,419,555,656,1211,232,119,5,4,161,481,403,600,1004,11920,12103,2778,2876,8598,10029,23293,25006,48299
20501,174,373,742,737,1487,308,192,6,6,123,306,445,512,952,180,85,0,7,120,364,303,455,755,8784,8873,1802,1871,5922,7111,16505,17856,34357
20502,248,413,955,945,1901,378,234,25,10,171,380,572,626,1202,215,86,12,0,165,425,388,512,901,7864,8003,1781,1844,5761,6433,15410,16283,31689
20503,284,534,1097,1118,2219,450,307,15,8,205,492,666,810,1478,309,158,10,5,232,560,549,715,1266,10808,10888,2354,2467,7764,9164,20931,22522,43453
20504,247,579,969,1115,2085,377,261,20,10,205,476,599,747,1345,269,105,4,6,182,545,457,655,1119,11481,11648,2857,2985,10484,12029,24820,26662,51487
20505,178,333,597,674,1270,262,135,4,5,127,270,395,406,805,158,81,3,0,132,350,296,433,728,7223,7393,1617,1696,5514,6059,14354,15142,29492
20601,212,559,753,1033,1790,421,249,8,6,184,540,615,794,1403,320,136,0,9,208,591,530,735,1264,11683,11791,5135,5209,15305,17946,32118,34948,67073
20602,157,367,492,639,1129,283,179,14,3,116,312,405,495,899,161,63,3,3,118,366,281,432,714,7134,7203,2973,3340,8067,10231,18172,20771,38946
20603,142,408,493,720,1211,253,164,8,5,115,406,378,576,954,212,88,3,0,181,527,396,620,1015,10637,10749,2678,2637,10309,12705,23619,26091,49711
20604,173,297,513,527,1042,173,96,12,4,118,233,298,335,633,109,45,14,0,114,251,243,297,539,12062,12140,7640,7096,30090,34168,49798,53406,103203
20605,248,510,732,833,1568,266,150,15,4,185,393,460,554,1015,194,96,14,10,203,428,406,535,941,11985,12118,7564,7012,16628,19752,36173,38879,75053
20606,186,439,663,810,1471,297,190,10,3,109,411,419,604,1024,226,91,7,7,166,477,393,572,965,7756,7861,4360,3788,10633,14086,22745,25734,48483
20607,210,474,584,742,1326,238,152,8,5,165,421,409,578,987,176,72,11,4,149,386,332,461,798,9218,9310,6945,6406,15840,18939,32009,34650,66657
20701,351,1068,1728,2151,3884,917,575,24,14,304,1028,1245,1618,2861,726,354,25,10,442,1572,1188,1931,3121,30580,31186,4885,4771,23249,29568,58715,65527,124247
20702,252,828,1802,2018,3823,991,556,23,16,217,798,1224,1366,2593,615,261,20,4,266,872,895,1137,2035,19610,19790,1728,1734,12305,15289,33641,36819,70456
20703,241,813,1173,1636,2813,747,476,18,8,211,866,982,1356,2335,540,292,7,3,389,1181,944,1481,2422,18366,18604,2517,2503,16224,19721,37103,40831,77941
20801,254,725,1173,1385,2555,533,393,22,13,226,662,785,1066,1855,529,275,17,10,339,1218,885,1503,2393,18816,19215,2810,2849,11401,15247,33028,37308,70330
20802,360,1051,1388,1899,3287,734,543,23,14,301,978,1054,1536,2592,676,305,25,3,477,1535,1182,1850,3028,26813,27076,5049,4982,20946,25657,52810,57715,110525
20803,342,876,1337,1664,2996,673,482,24,12,278,838,978,1333,2307,493,228,15,14,370,1130,877,1371,2253,20905,21071,4456,4549,15608,19657,40965,45279,86247
20804,94,294,467,548,1022,213,156,5,3,75,258,296,419,716,173,77,0,0,118,383,287,461,747,7324,7469,1381,1296,5944,7583,14658,16350,31004
20901,326,891,1470,1784,3251,740,512,11,10,258,807,1011,1335,2345,532,271,11,3,345,1105,891,1378,2268,22745,22964,3959,4039,16829,20265,43542,47267,90809
20902,276,740,1129,1421,2549,660,370,19,9,248,745,920,1129,2049,407,169,12,7,322,939,740,1120,1855,14673,14738,3457,3674,15988,17777,34126,36191,70311
20903,92,237,563,531,1087,194,132,6,4,77,201,280,340,622,107,46,3,3,83,237,189,287,478,13178,13336,2158,2243,8168,8764,23509,24342,47847
20904,335,976,1794,2042,3838,975,526,20,10,279,874,1276,1410,2685,393,163,5,7,291,754,695,918,1613,40538,40807,6096,6219,29076,32087,75710,79115,154821
21001,175,509,1025,1174,2193,572,331,11,3,145,531,729,869,1602,362,153,3,0,214,606,581,758,1336,11741,11847,1542,1538,8114,9724,21398,23101,44501
21002,69,101,330,276,606,107,63,3,0,46,93,158,157,315,69,33,0,0,57,105,124,141,266,5847,5952,1108,1087,3236,3550,10187,10589,20774
21003,171,670,870,1257,2125,564,383,7,7,208,740,788,1133,1913,430,175,9,0,309,890,749,1068,1811,12972,13024,2374,2421,11949,12708,27291,28158,55445
21004,77,202,357,401,754,161,108,7,5,63,184,236,291,528,96,48,11,0,65,203,166,256,424,6917,7008,1605,1644,5361,6296,13883,14942,28824
21005,251,670,1185,1224,2407,475,254,12,0,194,573,681,833,1516,224,81,5,3,173,487,399,567,972,28990,29101,3343,3383,24053,25188,56389,57674,114063
21101,358,961,1735,1947,3683,750,474,15,14,290,838,1056,1325,2376,472,230,12,4,301,973,779,1199,1980,30266,30473,4634,4719,21835,25239,56734,60437,117167
21102,56,156,327,367,693,168,95,0,0,46,117,220,212,436,93,38,0,0,49,160,138,198,334,5536,5668,506,508,3395,3679,9435,9854,19288
21103,263,747,1126,1475,2602,625,402,11,8,233,677,868,1077,1945,366,173,3,3,247,821,615,993,1611,20423,20635,3548,3593,14920,18336,38889,42561,81454
21104,163,548,876,1085,1954,433,286,13,13,138,447,584,738,1322,284,125,5,0,181,545,474,667,1143,12425,12542,1408,1437,8168,9995,22000,23974,45975
21105,373,868,1583,1716,3303,664,400,17,13,237,680,913,1101,2017,380,171,14,9,314,813,710,991,1701,27071,27291,6206,6318,19870,22188,53142,55790,108934
21201,188,414,817,835,1649,333,217,13,6,146,288,495,511,1000,195,90,8,4,134,379,335,469,808,16433,16577,3902,4064,11570,13163,31904,33798,65699
21202,233,674,1195,1342,2542,561,351,24,7,182,618,766,980,1747,312,129,7,4,225,677,538,808,1350,25303,25466,3336,3406,18856,20105,47491,48975,96464
21203,260,587,969,1097,2070,426,251,9,7,149,448,585,701,1290,207,111,5,3,182,442,394,553,950,30879,31027,5280,5405,21748,22865,57907,59302,117215
21204,514,1215,2157,2363,4515,1048,614,27,15,357,1183,1435,1810,3245,629,259,17,5,407,1279,1056,1541,2591,33885,33944,3542,3597,33741,31750,71160,69290,140448
21205,414,1227,2451,2909,5365,1407,851,26,3,394,1270,1828,2129,3964,938,415,6,5,515,1481,1464,1905,3367,33565,33911,3469,3515,27915,30665,64947,68095,133039
21301,399,1074,1795,1996,3800,788,446,18,14,322,917,1127,1373,2504,434,181,7,7,279,945,722,1124,1847,32449,32579,4231,4261,32471,32698,69150,69534,138687
21302,225,585,893,1101,1999,439,289,8,8,220,611,661,908,1568,300,136,3,4,253,685,547,820,1373,14668,14847,3336,3430,12124,13853,30126,32137,62257
21303,173,391,536,665,1201,220,171,6,3,151,390,380,561,937,204,73,3,4,170,481,379,562,940,11706,11797,4234,4094,15056,14963,30997,30857,61853
21304,224,563,935,1002,1938,349,200,16,6,156,441,522,651,1167,175,87,8,3,146,444,328,532,858,26987,27255,4957,5092,19470,22032,51415,54381,105796
21305,249,697,1139,1284,2420,424,286,20,10,182,546,628,837,1463,224,99,5,3,166,528,396,634,1030,41211,41477,6668,6727,27718,29649,75599,77848,153441
21401,409,930,1434,1695,3131,561,391,27,17,319,829,907,1234,2133,387,173,12,9,377,932,777,1116,1892,21060,21221,5867,6047,20079,23595,47005,50860,97867
21402,655,1429,2791,3145,5937,1350,888,51,29,500,1261,1899,2176,4074,913,432,33,13,615,1523,1560,1965,3524,28221,28536,5780,5948,18774,24033,52766,58518,111283
21501,292,533,1009,1094,2103,487,289,13,11,196,517,696,816,1515,308,175,7,3,254,669,567,848,1417,10392,10471,2004,2038,8093,8732,20488,21235,41724
21502,185,407,690,833,1531,321,211,8,7,134,391,473,610,1082,227,100,3,3,164,461,400,562,963,8688,8866,2005,2074,7505,8446,18197,19385,37576
21503,183,339,665,704,1369,280,190,4,6,129,319,410,518,930,204,105,4,3,141,392,347,499,847,6540,6588,1149,1179,5114,5162,12813,12926,25733
21601,171,284,643,655,1294,291,185,9,4,112,314,413,508,919,174,91,6,3,111,325,293,418,717,6600,6671,1351,1376,4909,5325,12861,13376,26236
21602,157,259,563,568,1129,261,169,9,5,118,253,389,425,808,171,86,4,3,106,250,277,332,608,5157,5214,1007,1024,3898,4074,10056,10311,20367
21603,193,416,791,852,1640,328,235,11,4,158,399,500,645,1142,257,122,9,8,143,443,400,571,978,10568,10653,2112,2138,8732,9561,21409,22358,43762
21701,156,322,549,624,1178,241,144,3,3,115,291,359,435,799,138,71,6,0,130,362,278,433,714,6313,6397,1265,1322,4774,5173,12360,12887,25243
21703,175,333,558,673,1230,269,173,10,5,115,314,395,494,888,139,63,5,3,126,336,276,404,683,6269,6326,1383,1383,5210,5323,12863,13032,25894
21704,146,359,605,735,1340,282,186,5,4,121,379,414,566,983,205,109,9,4,121,432,332,544,880,8458,8553,1906,1956,6515,7726,16884,18236,35121
29797,0,0,0,0,0,0,0,0,0,0,0,0,0,0,0,0,0,0,0,0,0,0,0,0,0,0,0,0,0,0,0,0
29999,0,0,0,0,0,0,0,0,0,0,0,0,0,0,0,0,0,0,0,0,0,0,0,0,0,0,0,0,0,0,0,0
30101,165,420,732,821,1560,285,156,11,6,136,338,428,501,928,170,96,6,4,137,370,319,472,785,13339,13567,2762,2818,9732,10979,25832,27365,53201
30102,250,670,1251,1374,2627,548,364,24,15,223,566,797,936,1735,379,170,8,5,254,642,642,823,1464,15988,16297,2965,3060,10262,12404,29218,31764,60976
30103,186,434,673,807,1475,296,195,14,3,149,412,455,606,1061,171,78,3,3,175,534,350,612,962,11912,12197,2741,2880,8903,10752,23552,25825,49378
30201,79,248,487,583,1069,249,160,7,0,76,268,334,427,754,146,59,5,3,92,335,241,397,639,7980,8134,1426,1498,5101,6379,14510,16012,30519
30202,208,522,774,1033,1802,451,329,3,0,163,605,613,938,1553,339,162,6,5,239,899,585,1070,1653,11442,11614,3052,3094,10022,12683,24516,27386,51903
30203,102,237,324,423,746,144,92,10,3,96,201,244,297,546,100,45,0,0,89,247,184,291,482,5963,6043,2031,1990,6286,6700,14284,14738,29025
30204,178,487,585,793,1379,260,181,10,5,122,415,394,602,995,194,86,7,3,147,471,346,563,908,9811,9987,2341,2468,8205,9941,20355,22397,42754
30301,119,304,500,578,1074,231,162,4,3,88,309,329,476,804,167,86,4,4,141,483,309,565,878,9042,9254,1865,1914,6733,8521,17636,19694,37326
30302,173,370,510,625,1136,209,140,7,4,132,389,354,538,887,184,92,3,0,137,470,326,560,891,10016,10133,3663,3659,12408,13519,26080,27316,53394
30303,154,448,749,915,1659,370,238,11,4,127,394,504,640,1142,239,101,3,0,148,487,387,592,976,12813,12975,2068,2094,10742,12661,25625,27733,53360
30304,92,249,359,463,826,188,135,0,4,80,250,270,386,659,134,64,3,0,92,334,236,397,630,6364,6426,1433,1472,6214,6570,14013,14473,28483
30305,80,210,399,439,840,159,93,3,0,63,180,227,276,504,93,28,0,0,79,181,171,205,378,11134,11288,1720,1796,8229,8991,21083,22072,43153
30306,94,220,466,466,932,175,104,0,4,63,210,238,316,555,120,45,7,4,81,267,208,322,528,9012,9106,1085,1139,8718,8631,18822,18877,37699
30401,59,145,328,322,645,123,62,0,5,44,155,168,224,393,82,41,0,0,60,156,142,196,335,6830,6954,913,970,3837,4586,11575,12514,24088
30402,81,241,559,609,1161,270,161,7,0,52,208,332,372,697,170,83,6,0,92,254,267,331,598,9530,9854,1071,1103,5181,6223,15788,17174,32960
30403,84,238,390,468,863,170,112,3,0,60,232,234,345,576,160,87,3,0,117,378,272,461,734,7403,7614,1709,1692,8676,9935,17790,19240,37030
30404,101,307,468,591,1052,225,150,3,0,69,270,294,420,714,157,86,0,0,98,416,256,502,759,8941,9134,1823,1903,5987,7730,16752,18765,35520
30501,162,218,437,400,844,132,79,3,0,87,173,218,257,474,105,41,4,3,79,282,190,328,518,7025,7138,4231,3980,13959,13353,25214,24476,49690
30502,82,112,220,221,441,102,63,3,3,52,133,154,204,354,59,28,0,0,56,193,122,224,341,6021,6190,2165,2194,6013,6786,14202,15172,29372
30503,193,391,549,654,1207,208,140,3,3,126,352,339,498,834,155,73,3,0,153,495,309,571,878,11921,12200,4788,4559,14466,15728,31177,32484,63659
30504,118,209,368,377,743,132,79,3,0,61,216,198,288,486,78,41,4,3,79,269,164,320,482,8156,8371,2606,2580,8814,10087,19577,21038,40617
30601,131,169,421,362,784,163,92,10,4,62,136,235,227,458,75,24,8,0,55,153,130,187,316,8367,8728,2651,2731,6316,7479,17332,18938,36272
30602,301,548,875,933,1810,323,179,15,7,193,389,535,576,1114,160,75,14,0,189,510,360,586,949,12909,13336,4621,4804,14765,16547,32298,34686,66981
30603,166,224,541,460,1005,215,105,3,0,130,194,347,303,643,114,46,0,0,93,240,212,286,491,5372,5458,1518,1575,5210,4768,12093,11804,23901
30604,40,64,146,130,281,52,18,0,0,30,45,79,62,143,13,9,0,0,32,33,47,41,88,1539,1573,665,671,1593,1541,3791,3783,7581
30605,225,325,732,701,1434,290,171,19,4,148,264,460,439,899,179,69,10,5,119,297,300,374,678,6428,6634,1756,1833,5375,6002,13562,14465,28027
30701,168,273,553,556,1110,213,112,8,8,107,191,324,309,631,99,43,4,3,102,225,202,276,471,7038,7206,1737,1802,5153,4907,13921,13917,27842
30702,162,270,598,564,1155,261,155,8,5,121,232,385,393,780,143,66,3,0,101,246,239,308,548,7340,7532,1427,1537,5399,5139,14158,14205,28367
30703,208,340,705,732,1435,314,171,6,4,127,309,451,481,935,168,81,9,0,96,329,275,411,692,7247,7385,1402,1476,5191,5792,13846,14652,28496
30801,62,77,176,128,305,33,24,4,0,35,41,72,72,144,25,7,0,0,23,36,46,47,92,4266,4468,1210,1308,3344,2697,8827,8472,17302
30803,383,771,1324,1550,2875,547,343,17,9,324,697,889,1044,1933,328,153,9,3,302,759,632,923,1553,17695,18749,4509,4921,15284,16866,37484,40538,78023
30804,50,80,187,163,351,52,40,3,3,30,77,85,116,200,31,10,3,0,21,75,54,86,142,2556,2604,528,564,1731,1476,4812,4644,9456
30805,125,232,453,456,910,173,96,10,3,85,174,272,273,538,70,36,3,5,59,167,133,207,340,9885,10354,2952,3102,7667,6663,20511,20117,40623
30901,240,528,888,1005,1890,380,267,26,11,181,457,587,733,1318,287,143,14,8,193,620,497,771,1265,9387,9537,3076,3099,9313,11258,21778,23891,45677
30902,230,436,742,811,1554,311,233,12,13,170,409,495,652,1144,258,135,9,3,208,552,477,689,1161,8270,8425,2295,2377,7889,9467,18449,20265,38715
30903,280,669,1181,1317,2497,486,301,28,19,199,548,709,863,1574,295,157,19,6,223,636,540,796,1340,10731,10897,2799,2877,9412,12433,22944,26202,49147
30904,56,111,266,247,514,93,56,3,0,30,93,131,146,274,69,28,0,0,35,76,107,103,209,3440,3505,788,800,2115,2434,6350,6744,13092
30905,70,125,358,305,665,130,85,6,0,44,103,179,182,363,69,22,4,0,52,119,123,142,263,6288,6439,1206,1223,3779,4566,11273,12228,23503
30906,180,410,759,830,1589,290,163,11,3,136,293,438,467,899,194,92,8,3,172,434,373,532,905,11493,11690,2913,2988,8873,10532,23276,25209,48487
30907,188,409,950,907,1854,385,211,18,9,109,320,510,537,1047,181,97,9,3,94,304,290,403,693,20419,20967,5728,5981,13418,15659,39565,42606,82165
30908,130,321,606,671,1280,279,144,13,5,98,290,389,441,831,159,83,10,3,98,310,266,390,659,8188,8337,1945,1972,6495,8839,16626,19151,35780
30909,210,463,702,809,1515,261,154,15,4,144,398,420,551,979,181,92,5,5,166,539,352,639,991,8215,8330,2534,2528,9973,11726,20727,22584,43310
30910,161,278,561,557,1125,223,104,21,4,102,212,340,328,665,133,67,8,3,113,266,254,340,586,5772,5861,1874,1829,6833,7123,14480,14816,29289
31001,144,432,567,721,1286,242,165,3,3,116,355,357,521,880,168,77,0,0,126,378,297,459,749,10777,10933,2222,2270,10246,12033,23243,25237,48482
31002,249,380,916,841,1757,321,157,9,5,177,287,510,449,958,146,63,5,0,141,307,304,367,664,10745,10986,2442,2545,8224,8501,21412,22034,43439
31003,317,673,1045,1246,2292,427,278,15,14,216,554,648,843,1495,252,112,3,0,206,598,461,707,1176,15641,15985,4490,4689,14708,16710,34844,37384,72229
31004,107,245,387,419,806,116,75,3,0,58,164,178,240,420,68,31,5,0,52,149,128,182,310,12403,12658,3852,4028,10768,11995,27023,28678,55701
31101,65,91,206,201,406,90,48,4,0,41,78,133,123,260,48,19,0,0,46,79,92,104,190,2223,2271,532,554,1871,2126,4632,4955,9579
31102,126,271,498,541,1043,170,118,10,3,91,213,268,334,602,106,36,7,4,98,218,205,264,471,5899,5952,1831,1909,6139,7140,13869,15001,28870
31103,122,305,547,571,1113,204,147,4,3,99,246,315,397,706,119,42,7,7,77,237,201,282,481,12107,12275,3393,3520,11158,12198,26659,27995,54657
31104,59,128,284,260,543,93,58,5,0,32,98,133,153,288,51,29,0,3,47,69,89,103,190,8187,8379,2105,2214,5267,5264,15568,15859,31422
31105,144,346,555,635,1192,198,128,7,3,86,292,287,422,710,125,63,4,6,86,292,217,358,581,9848,9999,2476,2567,8197,9330,20510,21903,42415
31106,208,386,671,674,1346,210,102,14,3,110,283,330,390,724,120,61,3,0,106,291,237,357,588,11880,12032,2701,2771,12235,12882,26813,27686,54496
31201,99,120,258,229,489,66,36,7,3,47,85,126,124,248,40,18,3,0,49,96,98,116,205,4810,4947,1490,1581,3845,3177,10142,9705,19847
31202,304,614,1115,1186,2301,450,293,22,14,241,520,708,823,1534,252,118,6,3,208,564,464,683,1152,18133,19659,4814,5309,14484,14703,37428,39673,77100
31203,56,74,183,140,325,59,42,3,3,26,71,90,113,201,31,19,0,0,26,60,55,72,132,2719,2919,950,1027,2494,2245,6167,6190,12359
31301,252,399,1031,956,1989,396,250,16,8,161,320,569,585,1156,229,100,4,3,173,366,404,473,874,6617,6720,1158,1232,4413,5303,12192,13261,25450
31302,177,342,641,688,1328,266,151,8,8,106,284,382,438,823,163,65,7,4,149,315,319,388,704,9734,9923,3101,3220,9446,11153,22280,24293,46572
31303,48,63,172,152,325,59,35,0,4,32,38,92,76,176,30,9,0,0,31,60,59,62,128,2196,2248,501,526,1607,1537,4307,4313,8619
31304,133,334,656,691,1350,219,140,11,0,120,279,343,424,769,153,67,5,4,117,239,276,311,586,10817,11042,2550,2675,8093,9249,21471,22971,44435
31305,264,648,909,1188,2098,408,273,16,8,217,578,641,855,1492,250,108,3,5,230,663,480,780,1256,9345,9551,2332,2456,8956,11390,20634,23393,44026
31401,127,332,730,721,1450,249,150,3,0,68,248,323,397,722,131,66,4,0,101,303,232,368,606,17792,18259,2937,3107,9544,10592,30270,31952,62225
31402,104,277,509,542,1048,181,121,6,6,71,241,261,365,629,128,54,4,3,96,309,228,371,597,11775,12131,3397,3563,8033,10100,23206,25789,48993
31403,73,201,325,371,698,125,74,0,0,53,143,174,219,395,78,31,0,0,49,179,127,215,338,6152,6254,1595,1655,5279,6039,13027,13947,26970
31501,100,80,229,146,379,39,15,3,3,47,51,87,70,159,28,7,0,6,41,40,71,53,123,2775,2817,2144,2205,4778,4330,9694,9355,19043
31502,71,89,170,152,319,53,24,0,4,54,70,104,100,204,13,7,3,3,27,59,52,70,116,3529,3563,1737,1809,4119,3556,9386,8929,18313
31503,107,116,250,201,453,76,39,8,5,68,122,144,166,310,42,19,0,0,47,107,89,130,221,2745,2806,763,799,2249,2311,5761,5917,11673
31601,122,414,746,930,1674,421,292,16,7,124,405,557,712,1268,296,141,5,5,165,548,466,691,1157,9973,10282,1876,1970,6007,8728,17849,20981,38838
31602,254,752,1396,1647,3041,760,502,33,19,268,596,1058,1109,2167,458,223,8,3,290,844,756,1071,1826,14680,15137,3010,3194,9966,12838,27654,31175,58830
31603,184,452,772,917,1691,372,214,22,8,140,403,529,631,1164,211,117,0,3,155,419,364,538,903,8861,9089,2524,2615,8032,10058,19425,21763,41192
31605,144,342,752,752,1506,320,204,7,10,110,309,436,518,953,213,89,13,9,140,363,357,462,821,7465,7671,1682,1712,4717,6314,13855,15702,29559
31606,171,327,813,767,1581,362,209,13,3,108,226,482,437,926,178,78,0,3,135,287,321,368,688,9411,9659,2049,2126,5990,6990,17452,18776,36223
31607,129,286,587,617,1200,266,170,7,5,102,235,379,409,788,161,76,5,3,106,277,267,355,623,7447,7657,1721,1831,5331,6330,14493,15816,30307
31608,72,144,359,314,672,119,72,6,0,55,73,184,145,325,64,37,0,3,36,89,108,125,235,4132,4268,957,999,2582,2856,7667,8115,15783
31701,426,1083,1806,2151,3956,839,567,23,9,317,1036,1182,1614,2797,539,230,9,12,379,1262,929,1501,2432,25364,26049,4980,5162,18730,23440,49076,54652,103729
31801,195,342,700,722,1421,319,190,10,3,143,318,471,511,985,176,64,3,4,129,378,304,443,750,7080,7297,1510,1596,5893,5831,14491,14725,29221
31802,471,939,1608,1810,3418,590,374,24,7,311,783,924,1169,2096,380,167,12,9,313,821,708,1000,1709,26829,28231,8655,9376,25520,28013,61008,65623,126626
31901,404,824,1634,1778,3409,673,427,24,17,325,651,1020,1097,2118,403,167,14,4,270,759,691,932,1630,15310,15717,3222,3375,11561,13677,30099,32767,62861
31902,290,367,944,792,1731,303,181,19,5,183,264,504,452,959,172,62,0,4,169,323,345,387,730,8243,8407,1833,1914,6875,6906,16951,17229,34179
31903,250,373,855,771,1626,327,204,17,7,149,314,494,523,1021,197,87,3,3,129,330,329,423,751,8410,8657,1898,1977,6697,7385,17004,18017,35019
31904,271,591,1316,1361,2671,550,319,22,13,226,459,805,796,1595,282,123,17,5,183,505,486,637,1121,10129,10363,2103,2223,6952,9284,19184,21869,41051
31905,271,352,901,782,1684,304,191,13,5,156,295,473,489,964,166,80,11,7,150,329,328,412,742,7679,7871,1674,1782,6179,6588,15528,16243,31772
39797,0,0,0,0,0,0,0,0,0,0,0,0,0,0,0,0,0,0,0,0,0,0,0,0,0,0,0,0,0,0,0,0
39999,0,0,0,0,0,0,0,0,0,0,0,0,0,0,0,0,0,0,0,0,0,0,0,0,0,0,0,0,0,0,0,0
40101,64,128,174,211,387,54,37,0,0,28,62,90,107,192,63,34,0,0,35,95,103,128,224,2025,2072,1000,942,4387,4501,7410,7513,14925
40102,156,346,786,816,1604,353,201,13,12,107,329,472,547,1017,213,78,11,4,142,394,361,479,843,13942,14240,2822,2936,8519,9587,25284,26766,52050
40103,119,365,671,819,1498,343,200,11,0,109,400,458,604,1058,275,142,10,0,177,649,455,790,1252,8719,8912,1095,1094,5560,7626,15371,17637,33005
40104,153,515,927,1071,2002,465,283,6,6,177,487,646,777,1428,295,123,4,0,174,555,476,676,1157,9994,10111,1223,1212,7477,9052,18698,20375,39073
40105,107,358,467,635,1101,231,179,10,3,114,344,354,526,880,200,92,4,0,140,481,347,579,924,5784,5877,1236,1268,5699,7167,12719,14317,27038
40106,84,219,332,380,714,147,96,0,4,69,195,227,296,520,130,56,0,0,91,262,224,322,546,4997,5062,948,945,4432,4616,10373,10624,20993
40107,94,314,407,565,974,197,128,6,0,93,256,291,378,671,166,91,0,0,118,469,291,559,854,6382,6521,1390,1437,5160,6887,12935,14847,27782
40201,99,256,437,525,963,203,141,3,4,98,216,306,360,665,135,64,4,3,92,251,227,315,547,6028,6177,1370,1443,4765,5438,12164,13065,25231
40202,209,539,837,1026,1863,397,252,12,10,173,444,590,710,1297,205,98,9,4,175,436,389,539,927,12163,12370,3825,3978,14316,15548,30305,31896,62204
40203,172,432,702,826,1521,329,233,6,8,147,430,485,668,1152,241,110,4,7,200,595,448,711,1163,11329,11425,2089,2104,11358,11826,24768,25357,50125
40204,337,870,1437,1647,3082,622,387,19,12,285,680,926,1072,2001,326,144,10,13,249,627,587,779,1360,22588,22857,4854,5023,21761,23029,49206,50909,100112
40205,237,638,1294,1413,2704,585,381,13,9,206,563,805,953,1756,361,179,10,0,188,586,554,770,1325,18567,18852,3138,3224,12478,14542,34184,36613,70799
40301,109,321,464,593,1062,248,191,3,4,104,351,357,553,910,205,109,13,5,184,615,398,729,1127,5819,5935,1228,1273,4754,6217,11798,13430,25230
40302,264,670,1016,1345,2363,554,365,10,7,214,723,784,1101,1879,419,215,5,5,309,1011,740,1238,1977,15664,15864,3342,3441,13627,16814,32629,36124,68750
40303,165,442,855,1003,1856,464,320,15,7,154,432,629,764,1392,352,161,6,3,236,740,592,902,1495,12269,12521,1913,1989,8298,10287,22481,24791,47276
40304,399,992,1979,2187,4164,913,573,24,20,336,886,1276,1480,2751,601,324,10,4,349,1031,968,1360,2328,29212,29770,7061,7410,23225,26816,59500,63997,123498
40401,332,960,1473,1910,3382,838,511,27,12,275,908,1147,1425,2571,565,269,11,10,419,1232,994,1512,2511,18531,18855,3884,4036,17858,20067,40273,42958,83229
40402,206,482,586,829,1413,287,193,10,9,153,436,448,645,1090,209,95,9,8,200,556,421,658,1081,8643,8768,2337,2500,10229,11394,21204,22662,43869
40403,211,538,754,1059,1814,534,313,7,8,167,525,708,848,1558,362,178,3,4,236,728,602,912,1513,10158,10282,2214,2286,10395,11743,22769,24309,47077
40501,84,218,445,501,945,221,134,9,0,108,223,339,354,693,142,73,3,0,91,250,233,330,556,6857,6996,1372,1445,4415,4595,12644,13027,25673
40502,108,177,365,377,735,169,104,9,0,75,136,256,247,498,93,47,3,3,69,194,163,239,400,4163,4254,831,863,3035,2825,8026,7941,15967
40503,140,273,459,543,1005,199,103,6,0,100,231,311,332,643,100,45,3,3,97,280,203,329,529,4616,4726,983,1033,3991,4214,9588,9966,19560
40504,154,230,592,574,1167,218,164,15,4,124,222,356,394,753,143,55,3,4,115,254,258,317,575,4724,4829,946,984,3457,3355,9132,9168,18304
40601,215,406,792,826,1621,309,185,11,4,152,344,472,536,1004,204,92,5,6,164,408,372,511,882,8998,9143,2488,2594,7870,7678,19363,19417,38780
40602,104,119,273,220,496,76,47,5,8,68,113,147,163,307,44,16,3,7,48,107,93,131,223,3239,3326,1287,1357,3621,3466,8154,8144,16293
40701,223,445,1208,1209,2418,576,350,20,12,185,431,784,791,1574,350,199,13,7,201,526,571,729,1303,9885,10006,1844,1966,5906,7224,17633,19198,36833
40702,192,464,875,993,1864,389,270,4,9,166,400,562,676,1234,293,123,10,4,170,501,469,625,1095,11354,11491,2517,2584,8644,8521,22519,22599,45113
40703,284,527,1159,1230,2388,513,326,25,16,203,478,740,822,1562,323,146,14,10,240,643,575,792,1372,12107,12240,2668,2750,10180,10066,24962,25055,50015
49797,0,0,0,0,0,0,0,0,0,0,0,0,0,0,0,0,0,0,0,0,0,0,0,0,0,0,0,0,0,0,0,0
49999,0,0,0,0,0,0,0,0,0,0,0,0,0,0,0,0,0,0,0,0,0,0,0,0,0,0,0,0,0,0,0,0
50101,115,300,631,657,1288,279,210,10,9,94,291,380,505,883,192,84,11,8,121,326,320,417,736,8439,8966,2192,2345,5299,6361,15925,17669,33597
50102,239,617,1090,1257,2347,493,319,13,8,188,510,701,832,1535,331,143,6,8,172,567,514,718,1226,17056,17997,4081,4478,12376,13799,33506,36275,69778
50103,89,131,393,324,720,145,86,0,3,47,124,193,208,398,77,29,3,0,45,145,128,173,299,4032,4174,978,1014,2777,2772,7787,7956,15745
50201,343,768,1822,1889,3716,814,558,24,21,272,687,1110,1268,2381,489,225,9,9,289,729,785,964,1748,16536,17500,3770,4254,11779,14333,32086,36089,68174
50301,165,449,878,999,1881,444,316,18,10,125,466,591,795,1383,359,165,8,3,178,758,541,926,1465,12325,12729,1712,1724,8665,10323,22701,24776,47476
50302,287,550,760,924,1686,323,206,18,6,172,488,517,698,1214,225,99,12,3,214,656,446,759,1200,14401,14776,5509,5418,16048,17025,35955,37218,73172
50401,245,568,937,1079,2023,419,263,3,3,203,519,633,782,1415,270,121,3,8,191,595,464,720,1186,13501,13775,3408,3518,12728,13526,29633,30819,60455
50402,103,255,522,555,1080,208,149,6,6,92,192,305,347,660,137,38,7,6,78,250,228,294,524,7348,7722,1588,1733,5340,5660,14273,15120,29394
50403,219,470,950,1005,1959,390,230,15,3,163,389,570,628,1193,227,94,6,4,142,421,368,524,895,21233,22114,5168,5582,17029,18457,43432,46152,89584
50501,235,738,1376,1570,2946,659,498,21,8,220,694,892,1197,2094,453,217,10,4,238,790,701,1015,1716,31057,32277,5062,5398,19609,21336,55725,59011,114736
50502,532,1521,2333,2916,5243,1202,783,24,23,431,1390,1651,2196,3848,818,355,23,6,466,1673,1306,2035,3341,32511,33337,7563,7864,28625,33164,68701,74364,143069
50503,267,781,1404,1657,3065,625,411,18,8,189,589,835,1009,1845,330,131,16,14,173,522,516,666,1181,32100,33575,7316,7901,23744,26311,63160,67783,130949
50601,194,333,712,706,1415,245,149,13,5,101,293,364,449,812,150,73,8,0,122,281,283,355,637,13323,13861,3281,3532,10497,11306,27103,28695,55800
50602,201,435,595,713,1310,237,165,6,7,144,390,390,565,951,193,91,5,4,170,474,368,563,933,9961,10267,3313,3450,12482,11801,25756,25522,51282
50603,170,595,860,1110,1967,420,262,14,4,150,518,586,783,1373,294,156,7,4,217,728,518,883,1402,16572,17131,2319,2443,15678,15764,34567,35333,69901
50604,253,609,1069,1205,2272,439,256,15,7,155,525,603,789,1392,261,129,8,6,178,504,445,637,1078,20753,21353,3577,3790,17703,17610,42030,42755,84783
50605,123,386,706,830,1541,353,236,6,3,115,327,475,566,1047,185,70,5,3,103,339,293,407,709,10563,10969,2118,2247,7433,8133,20108,21346,41461
50606,45,70,201,189,390,66,44,3,0,30,39,91,91,184,45,14,3,0,25,46,64,64,128,4633,4894,1325,1452,2865,2954,8821,9303,18119
50607,109,288,386,500,887,172,121,3,0,65,239,238,355,595,141,76,0,0,111,373,257,453,710,6823,7013,1589,1653,6451,7400,14859,16068,30928
50701,204,491,900,969,1865,424,228,15,8,153,442,593,683,1268,182,96,9,7,171,493,364,595,958,17703,18503,4066,4335,13532,14945,35303,37778,73084
50702,106,279,445,548,989,225,131,9,8,96,252,329,395,724,126,50,3,3,95,301,222,361,579,5346,5539,1845,1998,5201,6380,12395,13914,26307
50703,83,147,278,288,563,113,62,5,3,60,118,175,183,355,56,27,3,0,29,106,84,137,226,5779,6039,1764,1865,5050,5393,12592,13295,25890
50704,226,752,1224,1578,2802,725,533,11,4,199,749,940,1287,2225,568,279,8,0,330,1181,898,1464,2362,19508,20205,2712,2889,13470,16670,35694,39768,75464
50705,281,633,1196,1315,2508,520,357,24,16,206,517,748,885,1629,305,150,14,10,230,530,553,693,1241,19601,21117,5438,6024,15038,16895,40077,44039,84107
50901,195,445,869,925,1792,395,230,17,8,144,395,555,632,1185,272,132,5,3,176,437,451,569,1025,9960,10189,2405,2557,7152,7830,19516,20582,40098
50902,246,340,880,790,1672,331,195,14,11,158,299,505,499,1008,158,67,3,0,133,306,297,375,672,9606,9935,2222,2343,7133,6314,18967,18597,37561
50903,87,154,282,311,594,113,69,3,4,53,119,178,197,368,76,37,3,0,52,115,125,155,278,3485,3546,781,821,2422,2178,6684,6538,13226
51001,66,71,125,103,226,25,7,0,0,36,54,60,66,126,4,0,4,0,27,41,29,37,71,3097,3194,2181,2286,4466,4797,9745,10265,20013
51002,18,22,36,25,60,4,0,0,0,14,10,18,15,31,5,3,0,0,6,5,12,7,17,2421,2459,1238,1302,2237,1889,5898,5653,11548
51003,20,19,39,26,62,3,0,0,0,9,15,10,13,22,3,0,0,0,8,9,12,9,19,3593,3623,1666,1704,2962,2205,8227,7539,15757
51101,69,103,200,202,397,63,51,0,0,28,88,94,137,231,43,16,3,0,31,92,79,109,187,2418,2488,708,733,1862,1830,4990,5043,10038
51102,41,33,97,60,159,30,15,0,0,17,29,45,44,85,14,3,0,0,15,36,32,41,72,1166,1195,532,555,1295,1096,2992,2842,5838
51103,84,119,169,191,363,39,28,3,4,50,73,99,104,203,28,13,0,0,15,54,40,63,109,5020,5191,2023,2113,5257,4370,12304,11675,23978
51104,191,280,665,646,1311,280,163,18,14,120,273,415,445,857,161,70,4,0,134,236,293,310,605,7983,8421,2347,2597,6839,6998,17177,18016,35192
59797,0,0,0,0,0,0,0,0,0,0,0,0,0,0,0,0,0,0,0,0,0,0,0,0,0,0,0,0,0,0,0,0
59999,0,0,0,0,0,0,0,0,0,0,0,0,0,0,0,0,0,0,0,0,0,0,0,0,0,0,0,0,0,0,0,0
60101,44,79,156,157,311,46,26,4,0,18,64,71,85,153,16,6,0,0,11,46,33,53,86,2426,2439,929,944,2233,2756,5589,6137,11731
60102,161,462,750,915,1662,322,215,8,10,141,400,474,619,1097,227,99,9,0,170,524,405,619,1025,8919,9047,2290,2370,6722,8628,17930,20045,37984
60103,222,515,717,867,1585,294,176,3,4,180,464,471,646,1123,181,84,3,3,185,472,368,562,930,7416,7476,2512,2544,8546,10177,18474,20201,38672
60104,95,270,412,488,903,182,132,5,4,63,212,246,345,595,125,54,3,3,63,228,190,288,474,6008,6073,1326,1372,3722,5057,11053,12505,23559
60105,141,338,545,633,1174,240,163,14,3,95,331,354,496,851,196,94,5,5,139,463,342,560,900,7449,7544,2310,2345,8010,9159,17763,19048,36812
60106,53,122,194,247,440,89,39,4,3,41,85,138,129,264,50,19,0,3,50,90,102,114,214,2698,2724,799,815,2164,2390,5658,5933,11594
60201,251,706,980,1245,2229,395,300,11,11,228,645,639,948,1585,301,149,13,3,230,704,545,856,1400,12514,12644,3203,3246,11556,14332,27267,30226,57491
60202,97,183,367,384,753,138,95,4,0,73,117,218,217,426,67,34,9,3,75,140,153,174,326,4243,4292,936,954,2788,3048,7965,8296,16265
60203,163,292,635,616,1250,270,145,8,6,126,211,410,367,769,121,61,3,8,101,238,231,301,530,6587,6659,1650,1673,4970,4981,13214,13310,26521
60301,57,62,160,131,293,40,21,3,0,38,45,84,73,151,22,6,0,0,25,46,45,57,107,1942,1947,555,558,1731,1366,4235,3869,8101
60302,93,125,314,275,590,119,66,9,0,65,107,191,167,358,44,19,4,3,48,86,100,111,210,3365,3411,1045,1036,2519,2494,6921,6943,13864
60303,37,49,144,119,266,52,31,0,0,31,48,84,85,165,34,16,0,0,30,39,67,56,122,1185,1177,316,323,898,763,2404,2263,4661
60401,200,458,769,848,1612,325,239,12,15,145,393,489,644,1133,207,79,10,0,119,434,337,511,852,8005,8154,1969,2076,6279,7815,16250,18036,34294
60402,171,366,712,765,1482,299,156,7,11,121,345,419,513,933,161,80,9,0,128,373,290,453,744,7615,7745,1775,1843,5712,7075,15097,16666,31768
60403,78,113,236,215,455,79,47,3,0,54,93,134,148,280,45,21,0,0,40,77,84,96,177,2833,2862,908,909,2395,2095,6131,5868,11998
69797,0,0,0,0,0,0,0,0,0,0,0,0,0,0,0,0,0,0,0,0,0,0,0,0,0,0,0,0,0,0,0,0
69999,0,0,0,0,0,0,0,0,0,0,0,0,0,0,0,0,0,0,0,0,0,0,0,0,0,0,0,0,0,0,0,0
70101,53,64,133,112,250,35,19,4,0,34,47,75,64,140,24,5,0,0,29,47,50,54,102,3379,3425,1521,1517,4257,3428,9155,8363,17521
70102,119,243,359,370,726,112,55,4,0,41,135,163,186,352,41,14,0,0,47,114,92,125,220,7902,8013,2440,2546,7445,7447,17786,18003,35785
70103,57,38,124,79,201,24,13,0,3,23,28,40,45,86,11,11,0,0,18,23,24,26,52,2846,2911,1332,1380,2749,1924,6932,6217,13145
70104,27,79,100,113,217,19,9,0,0,18,58,41,64,107,11,9,0,0,22,24,34,32,65,4622,4738,2144,2220,4097,3992,10862,10951,21819
70201,63,111,147,156,304,25,26,3,7,37,88,65,122,186,19,6,0,4,30,71,54,83,132,4355,4415,1457,1553,4577,5294,10387,11266,21649
70202,11,12,28,22,45,0,0,0,0,4,6,10,5,18,0,0,0,0,3,4,3,4,14,525,531,284,288,813,837,1622,1650,3271
70203,33,34,64,52,109,5,0,3,0,16,18,19,20,42,3,0,0,0,5,7,9,10,22,1677,1683,799,814,2483,2367,4954,4872,9827
70204,13,18,21,16,34,0,0,0,0,8,10,8,13,18,0,0,0,0,0,5,0,5,8,1653,1643,352,363,2035,2131,4046,4141,8188
70205,32,33,73,66,147,13,8,0,0,26,23,43,29,75,6,0,0,0,5,8,16,7,28,2108,2153,757,782,2230,2231,5100,5169,10269
79797,0,0,0,0,0,0,0,0,0,0,0,0,0,0,0,0,0,0,0,0,0,0,0,0,0,0,0,0,0,0,0,0
79999,0,0,0,0,0,0,0,0,0,0,0,0,0,0,0,0,0,0,0,0,0,0,0,0,0,0,0,0,0,0,0,0
80101,186,510,912,997,1908,373,232,14,9,139,373,529,608,1134,228,103,4,3,147,467,381,576,961,16470,16561,3788,3929,13303,14989,33562,35484,69043
80103,10,8,10,12,27,0,0,0,0,0,5,3,7,9,3,0,0,0,4,3,6,5,13,118,121,57,56,292,150,470,325,792
80104,31,164,256,326,579,127,70,7,6,42,106,178,176,358,52,17,3,0,28,70,87,96,181,13290,13491,2718,2823,8295,9283,24306,25593,49900
80105,100,265,332,487,823,195,161,6,5,89,261,287,429,713,192,83,12,0,130,338,330,429,755,6154,6238,2733,2821,8294,8902,17179,17961,35139
80106,41,139,236,295,528,117,81,0,3,38,166,159,242,404,111,60,9,3,86,265,204,325,529,4391,4453,1170,1102,3741,4514,9301,10067,19370
80107,139,435,666,789,1457,284,176,9,4,84,326,379,508,889,150,75,0,3,98,336,249,412,663,15523,15647,3311,3387,11286,13357,30119,32393,62511
80108,79,170,348,367,712,147,89,6,3,55,148,211,242,447,82,39,0,0,61,158,142,195,344,4274,4322,816,842,2623,3396,7707,8553,16262
80109,114,287,505,642,1150,276,174,0,6,77,248,355,429,792,199,96,4,0,108,314,310,408,723,6392,6482,1168,1192,4588,5500,12149,13174,25326
80110,0,6,8,12,19,7,3,0,0,3,4,11,11,14,3,0,0,0,0,3,3,3,3,792,790,255,261,486,639,1532,1690,3224
80111,3,0,3,0,3,4,3,0,0,0,0,4,3,4,0,0,0,0,0,0,0,0,0,104,101,28,23,53,51,186,180,367
89797,0,0,0,0,0,0,0,0,0,0,0,0,0,0,0,0,0,0,0,0,0,0,0,0,0,0,0,0,0,0,0,0
89999,0,0,0,0,0,0,0,0,0,0,0,0,0,0,0,0,0,0,0,0,0,0,0,0,0,0,0,0,0,0,0,0
90101,0,3,6,10,10,0,0,0,0,0,3,5,3,4,0,0,0,0,0,3,0,3,3,227,221,28,33,165,107,425,364,786
90102,0,3,4,7,7,0,3,0,0,0,3,5,4,13,0,0,0,0,0,0,0,0,0,140,136,5,6,40,43,183,193,376
90103,8,0,8,0,8,0,0,0,0,0,0,0,0,0,0,0,0,0,0,0,0,0,0,25,28,10,9,71,74,104,112,208
90104,7,20,28,38,68,6,5,0,0,6,10,12,17,32,15,3,0,0,5,17,22,22,38,300,298,100,113,192,262,592,674,1267
99797,0,0,0,0,0,0,0,0,0,0,0,0,0,0,0,0,0,0,0,0,0,0,0,0,0,0,0,0,0,0,0,0
99999,0,0,0,0,0,0,0,0,0,0,0,0,0,0,0,0,0,0,0,0,0,0,0,0,0,0,0,0,0,0,0,0