SA3_CODE_2016,C16_1PF_lf_ns_Fi_1000_1499,C16_1PF_lf_ns_Fi_1500_1999,C16_1PF_lf_ns_Fi_2000_2499,C16_1PF_lf_ns_Fi_2500_2999,C16_1PF_lf_ns_Fi_3000_3999,C16_1PF_LFns_4000mo,C16_1PF_LFns_Ns,C16_1PF_LF_NS_T,C16_1PF_TFI_N,C16_1PF_TFI_1_149,C16_1PF_TFI_150_299,C16_1PF_TFI_300_399,C16_1PF_TFI_400_499,C16_1PF_TFI_500_649,C16_1PF_T_Fi_650_799,C16_1PF_T_Fi_800_999,C16_1PF_T_Fi_1000_1499,C16_1PF_T_Fi_1500_1999,C16_1PF_T_Fi_2000_2499,C16_1PF_T_Fi_2500_2999,C16_1PF_T_Fi_3000_3999,C16_1PF_TFI_4000_mr,C16_One_par_f_TFI_Ns,C16_One_parent_f_T_T,C16_TFI_N,C16_TFI_1_149,C16_TFI_150_299,C16_TFI_300_399,C16_TFI_400_499,C16_TFI_500_649,C16_TFI_650_799,C16_TFI_800_999,C16_TFI_1000_1499,C16_TFI_1500_1999,C16_TFI_2000_2499,C16_TFI_2500_2999,C16_TFI_3000_3999,C16_TFI_4000_more,C16_TFI_Ns,C16_T_T
10102,0,0,0,0,0,0,16,25,29,12,42,75,88,141,156,172,360,304,242,89,89,43,229,2072,101,40,88,90,275,272,609,603,1703,1690,1898,1539,2244,2125,1631,14913
10103,3,0,0,0,0,0,3,7,13,4,24,31,44,68,78,57,144,63,44,21,15,6,84,682,37,30,51,42,153,140,420,291,858,661,594,354,328,200,598,4755
10104,0,0,0,0,0,0,20,31,34,19,90,128,231,341,373,379,534,224,88,40,26,16,412,2929,157,129,199,189,873,767,2395,1725,4261,2234,1737,913,729,447,2268,19022
10105,3,0,0,0,0,0,16,27,13,20,41,62,111,168,184,184,316,136,72,31,19,18,170,1551,71,61,77,93,332,297,811,675,1594,1166,1077,708,643,404,1059,9056
10106,0,0,0,0,0,0,11,26,26,9,40,74,97,153,152,131,222,123,86,22,27,15,170,1350,79,48,76,98,299,302,789,591,1553,1174,1015,696,807,819,1107,9452
10201,10,3,0,0,0,0,49,75,112,60,153,240,401,758,774,886,1597,945,541,211,197,79,970,7926,387,209,295,329,1219,1319,3537,2990,7384,5714,5549,3789,4050,3066,5062,44903
10202,5,4,0,0,0,0,78,106,119,50,219,317,564,1022,1022,1094,1772,928,479,175,111,42,1007,8939,367,201,355,413,1410,1553,4377,3101,7453,5759,4938,3095,2713,1478,4555,41772
10301,0,0,0,0,0,0,20,28,16,19,65,93,120,238,227,219,379,217,102,26,28,9,251,2019,82,50,108,111,348,390,898,716,1945,1485,1427,960,1002,539,1272,11340
10302,4,0,0,0,0,0,24,39,26,24,90,124,198,320,311,289,426,160,82,22,26,17,281,2391,143,94,170,173,583,558,1514,1064,2689,1698,1423,788,736,489,1759,13882
10303,0,0,0,0,0,0,29,43,22,19,86,106,166,255,290,224,295,137,97,26,16,12,246,1996,101,86,142,149,518,460,1262,855,1888,1267,1188,761,775,638,1402,11479
10304,0,0,0,0,0,0,35,42,37,21,68,98,138,296,316,276,458,208,146,48,37,10,314,2478,114,85,122,119,433,510,1169,875,2416,1891,1839,1226,1251,945,1653,14660
10401,6,0,0,0,0,0,21,35,31,18,83,119,177,351,343,337,406,170,68,24,22,8,281,2435,114,94,146,159,675,653,1937,1301,2655,1569,1094,601,488,265,1502,13249
10402,7,0,0,0,0,0,36,53,54,35,97,166,289,545,586,567,868,343,175,48,31,27,536,4372,192,104,188,221,880,948,2488,1965,4548,2958,2316,1359,1203,710,2504,22578
10501,0,0,0,0,0,0,41,50,17,18,61,68,118,128,145,132,177,69,48,13,22,5,211,1237,76,44,86,86,264,227,533,401,827,582,564,369,342,225,909,5535
10502,0,0,0,0,0,0,22,27,9,15,38,62,99,149,128,150,186,93,51,14,8,12,160,1176,41,30,59,69,258,234,561,410,818,528,453,311,299,198,713,4972
10503,3,0,0,0,0,0,41,54,41,22,92,148,259,421,407,399,626,250,154,50,41,16,443,3368,138,85,165,196,649,663,1669,1211,3051,2162,1887,1235,1150,693,2317,17273
10601,0,0,0,0,0,0,29,45,58,23,122,210,330,550,577,471,718,386,178,61,62,27,506,4286,180,106,215,259,819,894,2124,1466,3655,2894,2696,1725,1707,1327,2516,22572
10602,0,3,0,0,0,0,19,32,47,26,72,145,209,390,462,422,754,369,212,70,49,17,339,3585,134,84,126,196,570,643,1629,1256,3213,2726,2628,1840,1716,1235,2088,20085
10603,3,3,0,0,0,0,17,35,58,24,94,135,216,365,369,374,630,328,131,61,49,22,320,3169,170,105,167,175,724,676,2023,1488,3614,2476,2114,1346,1156,802,2201,19243
10604,0,0,0,0,0,0,15,20,22,17,54,69,112,169,171,139,188,94,63,20,17,10,168,1310,89,54,89,81,256,268,637,483,1158,901,948,634,641,470,914,7615
10701,3,3,0,0,0,0,30,46,48,37,92,146,267,439,491,476,761,417,225,90,51,29,473,4036,197,134,175,195,760,736,2132,1400,3362,2627,2487,1570,1442,917,2050,20179
10702,0,0,0,0,0,0,0,0,0,0,0,0,0,0,0,0,0,0,0,0,0,0,0,0,0,0,0,0,0,0,0,0,0,0,0,0,0,0,0,0
10703,3,3,0,0,0,0,23,32,42,34,117,151,260,462,483,517,833,473,259,110,71,47,451,4308,188,112,191,207,737,830,2225,1613,4052,3299,3002,2065,2081,1398,2663,24661
10704,6,0,0,0,0,0,26,45,87,43,133,141,298,454,534,514,1021,614,418,172,137,77,600,5241,323,170,264,213,946,911,2356,1769,4580,3668,3882,3081,3512,2979,3472,32115
10801,0,0,0,0,0,0,6,13,16,10,42,67,126,180,220,216,267,105,46,12,8,9,186,1491,88,72,78,104,489,362,1396,815,1738,855,620,355,266,211,987,8444
10802,4,0,0,0,0,0,35,51,23,20,89,137,194,390,359,345,450,180,60,23,23,3,368,2659,111,102,149,177,604,671,1880,1214,2487,1421,988,498,367,218,1439,12322
10803,0,0,0,0,0,0,0,0,0,0,0,0,0,0,0,0,4,0,0,0,0,0,0,7,0,0,0,0,0,0,9,3,11,8,16,8,3,4,17,86
10804,0,0,0,0,0,0,29,39,44,21,75,139,212,437,438,501,675,342,139,47,43,24,403,3531,161,98,153,185,775,842,2693,1930,4316,2574,2121,1306,1137,775,2232,21302
10805,0,0,0,0,0,0,29,44,34,29,115,133,212,374,354,362,424,188,66,22,20,10,351,2689,143,102,180,174,735,713,2122,1395,3011,1758,1121,664,466,281,1684,14541
10901,0,0,0,0,0,0,24,28,30,24,76,120,218,312,324,329,459,247,104,46,36,19,269,2615,107,75,128,151,506,545,1315,1093,2810,2074,1870,1212,1096,660,1685,15324
10902,0,0,0,0,0,0,7,7,3,7,24,35,39,55,49,57,60,30,16,7,5,3,76,474,38,27,39,46,125,113,292,226,604,377,330,184,150,113,479,3141
10903,0,0,0,0,0,0,13,23,11,16,44,62,117,167,168,169,283,112,58,17,16,3,205,1456,113,82,104,96,475,368,1215,803,2131,1370,1155,634,502,338,1381,10760
11001,0,0,0,0,0,0,18,21,16,9,59,64,86,174,187,185,280,148,61,27,19,9,178,1500,85,42,98,83,289,337,790,673,1612,1209,985,577,598,411,1044,8833
11002,0,0,0,0,0,0,15,23,29,25,85,113,163,225,225,213,269,103,35,17,8,3,205,1717,129,104,143,144,595,468,1329,863,1973,1105,793,419,304,210,1184,9758
11003,0,0,0,0,0,0,23,31,21,17,62,75,89,133,141,117,176,88,41,22,18,3,183,1199,74,45,80,99,227,211,468,375,1010,831,726,423,423,288,896,6172
11004,4,0,0,0,0,0,42,51,38,28,107,182,275,499,498,454,702,347,146,48,43,32,466,3864,151,77,185,216,723,797,1983,1462,3725,2676,2371,1437,1300,845,2502,20463
11101,0,3,5,0,0,0,38,58,57,38,112,180,346,613,670,666,1251,662,411,136,93,46,599,5875,210,132,214,252,948,999,3019,2118,5458,4054,4083,2921,3072,2272,3348,33098
11102,7,0,0,0,0,0,30,46,39,27,94,126,264,386,418,446,743,340,159,76,40,28,416,3609,142,101,160,180,678,666,2011,1529,3706,2739,2462,1715,1440,898,2203,20640
11103,3,3,0,0,0,0,51,64,105,43,203,258,427,734,843,843,1572,916,463,195,146,80,780,7615,321,152,335,331,1125,1227,3189,2497,6314,5066,5047,3720,3972,3176,4195,40666
11201,0,0,0,0,0,0,28,39,31,27,102,145,262,452,472,426,761,290,153,55,43,22,467,3695,129,88,181,191,667,772,1970,1514,3984,2569,2117,1239,1127,961,2342,19850
11202,4,0,0,0,0,0,27,45,41,32,108,149,328,485,493,472,654,294,137,46,29,14,434,3729,141,93,188,192,795,824,1998,1522,3683,2414,1787,928,749,438,1823,17572
11203,3,0,0,0,0,0,39,54,52,32,94,151,293,524,539,533,949,440,194,62,42,19,533,4462,201,140,190,204,891,968,2797,1967,4744,3100,2517,1477,1245,808,2715,23978
11301,5,0,0,0,0,0,30,40,16,9,44,95,121,237,205,246,307,170,84,35,29,16,225,1831,133,60,91,117,415,402,933,800,2145,1648,1449,832,727,454,1474,11694
11302,0,0,0,0,0,0,6,14,12,8,22,34,48,80,49,49,98,48,18,11,6,5,82,566,42,26,43,49,140,135,357,241,670,481,464,246,198,105,534,3724
11303,3,3,0,0,0,0,46,67,48,24,117,154,273,459,439,472,767,392,173,68,66,26,471,3950,170,102,190,207,760,767,1996,1565,4105,3203,2846,1810,1700,1086,2769,23273
11401,6,3,0,0,0,0,39,69,60,30,140,202,343,529,614,600,817,317,182,52,32,38,575,4527,259,165,268,290,1197,1059,3567,2340,5321,3106,2437,1435,1210,800,3071,26522
11402,0,0,0,0,0,0,6,13,26,18,38,55,99,149,165,211,371,196,128,43,40,17,241,1801,123,79,93,83,370,339,984,859,2236,1686,1545,946,1033,951,1608,12935
11501,0,3,0,0,0,0,19,30,119,40,86,68,121,168,229,269,671,577,458,254,293,196,442,4001,643,235,247,153,597,567,1460,1462,4220,3826,4669,3800,6010,7865,4111,39856
11502,0,0,0,0,0,0,4,12,11,3,14,21,32,37,50,58,133,94,87,41,44,40,93,764,80,37,33,33,162,107,315,274,836,709,750,626,892,1272,893,7015
11503,0,0,0,0,0,0,6,9,17,13,24,12,38,49,64,64,170,95,72,19,33,7,94,772,67,35,46,25,137,120,305,293,912,899,938,675,780,614,746,6606
11504,0,0,0,0,0,0,9,9,21,11,25,21,40,58,51,77,161,131,113,43,38,29,94,909,107,41,37,34,130,114,282,305,877,936,1190,1031,1432,1411,916,8842
11601,6,3,0,0,0,0,62,86,126,66,179,201,367,515,578,610,1241,766,488,262,173,77,679,6334,598,207,331,315,1031,1094,2343,2077,5712,5035,4995,3266,3209,1841,3240,35286
11602,0,3,0,0,0,0,17,27,57,8,42,72,131,187,224,271,641,419,322,157,141,57,289,3021,371,78,110,112,372,398,902,876,2727,2923,3752,3013,3971,2824,2167,24615
11603,5,4,3,0,3,0,80,114,116,51,226,313,435,686,792,714,1205,648,407,179,135,64,729,6708,407,141,363,413,971,1192,2218,1923,4732,3957,3717,2174,1845,907,2891,27847
11701,0,0,0,0,0,0,21,34,38,19,41,40,92,148,167,174,359,247,154,83,86,36,218,1898,175,55,75,77,307,326,698,564,1634,1413,1401,1065,1408,1137,1220,11560
11702,0,0,0,3,0,0,17,26,33,13,51,53,103,107,129,171,365,262,202,85,86,64,218,1943,123,59,90,74,285,221,588,517,1389,1284,1525,1227,1842,2086,1219,12523
11703,0,0,0,0,0,0,25,40,154,46,155,139,229,284,304,363,664,502,376,132,270,150,445,4215,792,181,322,257,705,686,1352,1291,3687,3636,4696,3809,6250,8935,3883,40484
11801,0,0,0,0,0,0,19,25,98,39,43,64,107,161,163,236,555,414,367,134,370,225,457,3429,272,112,95,94,306,309,615,726,2206,2102,2729,2226,4504,9535,3633,29469
11802,0,4,0,0,0,0,30,42,98,45,102,105,184,283,302,369,825,637,488,203,266,151,532,4579,493,149,228,162,592,579,1218,1177,3185,2955,3525,2864,4383,6449,3533,31487
11901,3,4,3,3,0,0,74,103,241,91,313,306,502,746,792,781,1461,868,576,290,263,122,842,8208,843,268,641,532,1690,1730,3584,2934,6885,5256,4766,2992,3392,2456,4479,42452
11902,9,6,0,0,0,0,45,63,210,72,214,190,345,499,555,565,1135,692,391,207,144,80,582,5875,830,287,493,406,1408,1453,2984,2629,6055,4153,3467,2133,2225,1670,3493,33688
11903,5,3,0,0,0,0,51,62,213,63,154,140,218,384,438,500,940,602,429,242,187,118,536,5171,892,292,370,299,951,963,2164,1853,4926,3928,3870,2695,3206,3385,3331,33135
11904,3,6,0,0,0,0,30,46,149,52,151,147,247,377,431,520,1036,722,475,233,202,98,538,5365,661,248,337,313,1035,963,2386,2029,5319,4520,4568,2973,3429,2774,3552,35116
12001,0,0,0,0,0,3,12,15,93,27,63,75,80,142,169,245,511,393,345,159,194,96,299,2894,428,135,137,117,443,388,983,863,2448,2113,2609,1968,3230,4518,2220,22604
12002,0,0,3,0,0,0,8,15,37,16,48,28,66,85,109,109,268,213,178,88,159,97,202,1700,92,46,68,47,159,149,353,308,988,939,1259,1140,2255,4696,1426,13918
12003,5,5,0,0,0,0,33,49,208,71,140,153,250,369,417,456,1043,690,491,243,252,131,494,5420,844,279,332,263,890,912,2048,1753,5061,4252,4360,3065,4051,4812,3424,36345
12101,3,0,0,0,0,0,9,13,198,42,84,67,96,161,161,227,543,440,407,146,284,192,363,3436,590,158,172,129,392,400,824,866,2540,2410,3142,2297,4176,8120,3168,29397
12102,0,0,3,0,0,0,10,14,59,33,60,45,98,159,189,208,578,416,277,128,123,58,317,2764,307,125,156,93,367,361,897,891,2721,2494,2880,2211,3069,3254,2182,22020
12103,3,0,0,0,0,0,4,11,180,52,88,53,73,144,154,213,525,437,339,189,289,220,389,3330,601,200,187,108,365,407,781,888,2753,2490,2818,2321,4491,10085,3892,32398
12104,0,0,0,0,0,0,10,14,67,29,44,46,56,93,106,122,373,322,308,124,334,202,314,2535,216,69,82,66,179,221,398,470,1635,1636,2448,1975,4030,8010,2647,24086
12201,0,0,0,0,0,0,4,9,31,8,17,18,28,45,55,78,193,133,135,48,110,54,155,1117,87,28,39,29,101,101,231,237,778,785,1025,834,1645,3639,1356,10916
12202,0,0,0,0,0,0,8,10,28,17,26,31,52,80,97,139,390,266,214,94,128,70,305,1931,125,64,68,56,240,189,548,570,1964,1706,1827,1573,2210,3137,2125,16410
12203,3,0,3,3,0,0,12,32,76,32,76,80,140,277,306,402,936,698,568,224,257,170,597,4839,344,158,183,135,590,576,1398,1495,4449,4081,4840,3811,5552,7760,4306,39674
12301,0,0,0,0,0,0,13,15,38,16,31,69,105,179,203,247,511,362,243,121,102,37,268,2531,135,45,73,83,294,312,798,703,2044,2209,2612,2086,2347,1597,1630,16970
12302,3,3,0,0,0,0,100,126,151,61,233,343,609,899,998,918,1718,981,580,286,213,95,1028,9107,504,231,400,464,1363,1551,3087,2718,7059,5995,5458,3399,3190,1830,4183,41436
12303,0,0,0,0,0,0,11,19,13,8,22,44,82,141,139,131,276,168,111,53,29,21,206,1444,73,30,54,53,289,263,695,547,1500,1406,1571,1116,1231,912,1324,11071
12401,0,0,0,0,0,0,14,24,31,22,54,93,160,288,326,335,650,399,267,130,77,35,324,3177,117,74,112,127,455,549,1320,1222,3303,2620,2626,2051,2210,1695,2072,20542
12402,0,0,0,0,0,0,0,0,0,0,0,0,0,0,0,0,0,0,0,0,0,0,0,0,0,0,0,0,0,0,0,0,0,0,0,0,0,0,0,0
12403,3,0,0,0,0,0,32,44,107,31,149,216,383,633,633,662,1406,870,562,236,206,98,662,6870,351,113,248,285,845,980,2171,1888,5405,5160,5615,3946,4011,2612,3381,37013
12404,0,4,0,0,0,0,8,20,18,19,32,70,121,195,197,205,371,219,139,84,48,19,202,1937,66,46,51,83,261,278,591,522,1459,1331,1154,852,856,524,965,9027
12405,0,0,0,0,0,0,37,50,54,18,71,89,164,275,281,297,670,365,243,124,96,33,362,3138,162,47,129,123,377,426,967,847,2367,2104,2009,1236,1159,600,1481,14034
12501,3,0,0,0,0,0,33,40,147,36,141,109,182,217,277,300,574,325,206,108,85,40,308,3046,660,156,323,280,786,867,1622,1563,3694,2495,2236,1401,1521,1082,2052,20730
12502,0,0,0,0,0,0,17,27,102,35,93,76,127,188,206,203,448,343,232,127,92,60,234,2558,458,160,180,142,479,498,1006,898,2460,2156,2171,1635,2000,1818,1746,17805
12503,4,3,0,0,0,0,71,89,202,74,261,255,410,540,654,649,1318,779,472,222,172,95,725,6836,776,280,560,470,1579,1461,3043,2690,6352,4461,3917,2479,2489,1657,3973,36196
12504,3,3,3,0,0,0,32,46,136,48,147,127,227,322,403,402,947,581,455,197,152,79,463,4686,720,177,290,247,861,814,1938,1843,5473,5265,5383,3325,3878,2635,2954,35811
12601,0,0,0,0,0,0,4,4,65,31,38,29,46,68,71,88,249,199,147,77,99,53,153,1401,287,101,88,57,207,204,463,453,1387,1230,1406,1121,1721,2800,1321,12843
12602,3,0,0,0,4,0,23,27,169,46,95,94,155,240,302,363,805,592,423,223,236,161,411,4334,793,251,273,202,724,679,1593,1452,4124,3828,4146,3050,4339,5510,3329,34284
12701,5,0,0,0,0,0,63,77,115,40,144,174,274,360,419,486,840,528,322,160,148,84,536,4622,390,138,285,262,777,810,1687,1481,3887,3410,3434,2464,2530,1631,2722,25890
12702,9,3,3,0,3,3,116,158,389,129,560,474,712,949,1093,1148,1995,1186,714,321,288,139,1055,11145,1191,389,933,744,2301,2220,4840,3684,8191,5728,4576,2870,2907,1805,4952,47329
12703,5,0,4,0,0,0,56,73,123,44,152,199,298,453,527,555,1011,580,354,175,162,67,529,5242,471,173,299,340,1015,978,2088,1865,4581,3866,3671,2552,2661,1761,2976,29303
12801,5,0,0,0,0,0,17,26,71,34,71,86,162,243,281,351,814,592,413,208,176,136,516,4152,265,122,161,137,511,505,1304,1293,3564,3135,3583,2935,3968,4680,3292,29457
12802,3,0,0,0,0,0,16,19,52,29,60,75,112,195,262,339,729,534,420,225,216,113,448,3811,203,113,132,112,485,471,1256,1200,3520,3183,3900,3414,4504,4376,3034,29911
19797,0,0,0,0,0,0,0,0,0,0,0,0,0,0,0,0,0,0,0,0,0,0,0,0,0,0,0,0,0,0,0,0,0,0,0,0,0,0,0,0
19999,0,0,0,0,0,0,0,0,0,0,0,0,0,0,0,0,0,0,0,0,0,0,0,0,0,0,0,0,0,0,0,0,0,0,0,0,0,0,0,0
20101,0,0,0,0,0,0,40,51,61,18,117,193,393,609,643,585,889,445,196,71,58,30,551,4870,193,108,209,253,863,991,2391,1884,4560,3597,3159,1893,1703,1237,2660,25699
20102,0,0,0,0,0,0,9,13,17,6,37,42,72,110,137,108,189,90,34,11,17,6,138,1007,76,57,83,53,272,267,712,568,1403,904,842,508,443,310,880,7379
20103,3,0,0,0,0,0,13,22,18,12,42,58,106,158,150,140,159,49,28,12,7,0,121,1067,90,54,84,74,369,346,951,610,1313,760,542,258,195,90,786,6532
20201,6,0,0,0,0,0,21,37,49,37,128,193,294,583,633,602,908,423,196,63,40,25,517,4696,152,116,185,221,759,908,2205,1882,4565,3293,2845,1755,1484,886,2404,23653
20202,3,0,0,0,0,0,7,20,17,16,53,77,119,194,203,185,332,157,80,27,30,15,245,1746,88,88,110,111,419,394,1119,852,2311,1596,1405,890,856,635,1410,12278
20203,0,0,0,0,0,0,0,9,3,3,13,21,33,49,46,39,70,30,6,0,3,10,55,377,43,31,21,29,143,111,358,247,571,394,259,134,124,69,389,2931
20301,0,0,0,0,0,0,0,0,9,4,14,20,38,54,55,71,115,56,24,10,10,4,77,578,34,20,38,30,146,135,378,289,956,724,677,480,367,276,619,5175
20302,10,9,3,0,0,0,67,105,128,76,256,311,594,996,985,1012,1753,869,465,149,135,72,960,8780,404,241,444,420,1645,1680,3998,3294,8052,6289,6052,3804,3539,2582,5082,47527
20303,0,0,0,0,0,0,17,19,24,20,50,65,144,250,264,256,483,262,157,49,40,20,327,2409,164,114,106,111,516,509,1445,1183,3206,2580,2416,1634,1583,1264,2234,19071
20401,0,0,0,0,0,0,23,39,29,22,74,104,144,259,228,246,362,195,86,39,29,10,289,2104,148,100,142,157,511,518,1348,1006,2559,1853,1461,941,698,465,1764,13660
20402,3,0,0,0,0,0,17,25,18,25,60,90,168,220,254,233,335,140,67,24,20,10,238,1909,95,77,96,121,494,408,1302,1043,2337,1606,1314,780,589,375,1403,12049
20403,3,0,0,0,0,0,20,30,29,33,84,145,210,344,347,349,584,250,131,43,21,12,331,2908,113,109,140,182,602,627,1578,1329,3446,2586,2257,1419,1108,588,2089,18162
20501,3,0,0,0,0,0,8,16,32,22,73,80,121,216,224,218,390,198,86,31,16,12,225,1939,136,84,134,112,459,414,1179,960,2360,1787,1478,937,767,594,1440,12834
20502,5,0,0,0,0,0,20,33,18,14,54,88,145,221,233,207,306,124,47,20,9,12,220,1724,119,91,127,138,557,487,1534,1058,2511,1418,1054,538,404,255,1457,11755
20503,0,0,0,0,0,0,17,33,23,27,67,117,215,330,302,287,403,173,68,26,27,14,337,2410,158,124,151,183,739,693,1831,1442,3201,2061,1496,833,686,449,1928,15976
20504,0,0,0,0,0,0,35,55,36,24,124,217,318,558,459,406,581,286,139,69,46,24,444,3740,156,103,202,250,813,853,1889,1355,3044,2263,2053,1284,1243,894,2154,18569
20505,0,0,0,0,0,0,12,18,22,14,50,85,126,184,201,183,296,112,59,17,30,12,190,1570,107,77,90,95,395,376,1063,825,1960,1413,1144,680,651,529,1427,10827
20601,0,0,0,0,0,0,11,20,53,26,68,64,109,179,212,271,550,334,229,85,83,41,298,2602,232,106,143,119,513,457,1138,900,2508,2197,2615,2094,2594,2332,1985,19953
20602,3,3,0,0,0,0,12,19,28,11,61,49,71,117,130,160,325,207,139,47,82,33,163,1618,101,59,97,69,290,224,655,475,1373,1259,1446,1197,1702,2061,1180,12200
20603,0,0,0,0,0,0,24,35,52,36,103,86,131,154,184,178,394,258,188,79,86,59,286,2279,177,95,168,121,377,326,710,663,1732,1565,1879,1511,2084,2836,1735,15968
20604,0,0,0,0,0,0,18,28,191,68,142,112,133,168,170,188,376,215,171,67,123,70,254,2448,930,227,302,226,462,484,780,897,2579,2366,2806,1972,2872,3549,2134,22577
20605,0,0,0,0,0,0,21,23,57,36,82,97,122,194,215,209,450,323,240,65,172,74,334,2671,206,91,153,136,370,365,742,687,2146,2070,2719,2246,3370,4964,2411,22674
20606,0,0,0,0,0,0,7,11,71,26,60,44,71,69,97,117,236,148,138,56,118,87,202,1532,210,69,103,61,229,193,418,395,1230,1176,1566,1230,1948,3414,1571,13811
20607,0,0,0,0,0,0,29,29,81,56,155,122,174,222,206,218,363,254,185,75,111,73,329,2627,199,115,257,162,474,399,696,600,1640,1643,2178,1893,2905,3956,1950,19069
20701,0,0,0,0,0,0,32,36,329,102,133,124,176,269,270,373,807,605,532,225,335,227,585,5083,795,267,288,222,567,681,1199,1393,3957,3471,4196,3400,5346,11031,5127,41927
20702,0,0,0,0,0,0,22,35,208,49,95,93,128,216,255,287,633,388,249,133,146,92,386,3368,667,273,246,195,735,631,1692,1486,3644,2870,2743,1987,2552,2798,2815,25327
20703,0,0,0,0,0,0,31,42,213,61,115,99,161,219,281,323,695,455,340,138,150,81,413,3744,693,223,266,201,685,600,1438,1318,3500,2653,2888,2135,2793,3275,2617,25277
20801,0,0,0,0,0,0,16,17,106,24,70,74,128,195,203,259,527,389,313,107,204,144,416,3151,270,100,121,105,383,383,845,811,2400,2073,2541,2052,3576,6793,3214,25671
20802,4,3,0,0,0,0,23,36,175,43,117,120,182,292,319,411,881,606,447,150,207,113,613,4684,568,224,252,206,709,706,1772,1555,4456,3970,4359,3446,4882,6269,4027,37402
20803,3,0,0,0,0,0,26,44,85,34,105,113,214,331,383,513,961,712,437,146,145,67,564,4797,295,156,210,183,672,624,1702,1591,4183,3703,4196,3258,3774,3100,3254,30882
20804,0,0,0,0,0,0,5,10,37,21,25,17,32,65,70,86,181,143,121,54,86,68,148,1132,142,67,56,39,143,130,335,304,873,907,989,769,1370,2795,1218,10132
20901,3,0,0,0,0,0,30,40,88,51,117,138,226,330,419,462,984,654,409,165,159,87,639,4932,347,160,220,208,688,661,1804,1635,4433,3889,4262,3227,3786,3632,3407,32358
20902,0,0,0,0,0,0,40,47,88,45,114,136,211,334,397,445,773,419,238,99,99,38,469,3897,400,185,253,213,824,749,1886,1522,3727,2835,2685,1885,1860,1208,2327,22542
20903,0,0,0,0,0,0,14,13,30,14,37,45,79,152,123,172,404,312,192,85,100,39,285,2066,134,76,86,73,256,304,624,699,2181,2125,2367,1949,2459,2419,2142,17884
20904,13,4,0,0,0,0,70,99,213,81,246,285,522,896,984,992,1845,1090,607,263,182,74,1056,9337,951,326,549,460,1938,1865,4442,3675,9764,8479,7851,4776,3996,2049,5857,56983
21001,0,0,0,0,0,0,22,27,46,19,47,43,85,161,171,226,510,353,203,117,73,68,314,2445,194,102,123,76,502,358,1213,900,2221,1837,1917,1470,1740,1562,1797,16019
21002,0,0,0,0,0,0,3,12,5,6,22,31,39,64,74,93,172,111,72,30,25,12,120,867,62,38,41,47,154,151,403,397,1115,1043,1085,789,964,774,984,8047
21003,7,3,0,0,0,0,35,51,71,23,99,99,174,232,291,362,618,356,236,91,49,28,359,3085,285,109,193,181,708,559,1560,1261,3087,2433,2318,1567,1623,962,1928,18771
21004,3,3,0,0,0,0,5,14,21,10,43,52,101,173,184,199,379,213,139,64,48,9,210,1861,85,47,78,68,249,280,640,596,1646,1553,1601,1048,1005,613,1087,10615
21005,10,0,0,0,0,0,86,109,179,86,265,305,467,650,764,810,1431,751,413,215,122,73,883,7398,778,278,547,495,1700,1679,3346,3106,7434,5470,4759,2685,2411,1301,4390,40378
21101,0,0,0,0,0,0,34,44,120,51,137,153,264,522,599,697,1315,807,501,213,163,93,753,6381,535,215,295,249,956,1114,2682,2429,6634,5783,5956,4078,4039,2787,4388,42132
21102,0,0,0,0,0,0,3,4,25,12,10,17,24,42,51,72,132,96,53,22,37,25,107,721,91,32,24,28,110,106,290,294,787,742,699,608,941,1309,938,6999
21103,5,3,0,0,0,0,31,46,92,32,110,123,224,361,410,494,943,581,352,181,116,65,566,4652,325,130,228,179,662,696,1710,1658,4433,3894,4062,3069,3104,2155,2898,29215
21104,0,0,0,0,0,0,7,12,63,25,60,54,87,139,165,215,468,295,184,85,79,26,241,2196,303,116,138,101,385,354,972,949,2470,1979,2014,1642,1868,1520,1599,16418
21105,3,0,0,0,0,0,41,57,84,33,150,179,300,568,597,695,1249,756,455,188,100,65,829,6241,316,181,291,273,870,1106,2525,2477,6636,5815,5833,3816,3336,2234,4666,40371
21201,3,0,0,3,0,0,28,46,58,23,98,142,228,470,426,429,803,433,242,93,83,25,448,4012,254,103,184,190,602,750,1663,1513,4337,3916,3558,2243,1826,1120,2622,24883
21202,0,0,0,0,0,0,45,55,119,56,157,199,281,461,481,556,1087,645,396,150,148,52,603,5391,476,199,337,304,956,1011,2441,2189,5853,4899,4713,2984,2730,1889,3724,34710
21203,3,0,0,3,0,0,63,76,161,65,194,241,363,715,678,754,1366,763,433,188,119,47,693,6784,677,208,393,354,1019,1377,2665,2765,8024,7113,6733,3778,2890,1411,4296,43704
21204,10,0,4,0,0,0,91,122,330,98,345,337,498,749,867,958,1623,926,479,219,142,64,937,8570,1202,387,731,589,2022,1941,4480,3789,8877,6249,5024,2970,2401,1314,4781,46746
21205,7,0,0,0,0,0,38,52,343,130,176,179,289,437,476,499,1162,751,537,229,198,140,644,6179,1197,410,449,390,1273,1139,2878,2471,6447,5103,5332,3793,4554,4343,4559,44360
21301,3,5,0,0,0,0,106,142,382,125,487,455,641,828,904,1029,1872,975,492,251,179,87,1126,9831,1092,422,853,702,2119,1926,4245,3586,8532,6152,5026,3143,2705,1406,5298,47217
21302,3,0,3,0,0,0,24,38,72,32,100,99,165,269,305,355,730,449,304,118,116,51,411,3578,273,144,211,149,605,526,1349,1171,2885,2593,2673,2000,2656,2499,2408,22137
21303,3,0,0,0,0,0,19,35,83,49,133,109,165,251,295,318,571,359,200,98,100,37,313,3072,313,128,245,199,544,547,1144,1023,2636,2269,2351,1870,2373,1986,1731,19362
21304,12,3,0,0,3,0,56,85,181,59,194,280,402,716,756,745,1348,740,437,166,131,55,734,6948,589,206,362,365,1062,1258,2628,2380,6697,5873,5677,3571,3254,1740,4001,39654
21305,7,3,0,0,0,0,89,133,272,94,274,342,509,881,855,999,1733,979,558,254,155,79,940,8933,1046,337,564,548,1443,1779,3311,3722,9811,8668,8325,5048,4980,2874,5467,57913
21401,4,3,0,0,0,0,62,84,103,52,168,234,430,707,758,814,1511,818,418,161,138,51,917,7275,327,159,285,304,957,1154,2497,2278,5958,4991,4836,3129,2668,1537,3882,34945
21402,11,3,0,3,0,0,48,79,72,49,133,231,337,685,686,718,1246,681,378,115,117,52,869,6371,376,211,264,316,1142,1207,3436,2833,7036,5403,4850,3185,3208,2945,4969,41380
21501,0,0,0,0,0,0,16,29,25,17,50,100,173,284,294,284,398,145,64,27,21,20,255,2160,150,102,144,133,597,587,1641,1301,3069,1924,1510,839,677,428,1809,14918
21502,3,0,0,0,0,0,32,50,29,22,88,120,208,304,327,318,403,186,75,26,15,16,320,2461,132,101,149,162,533,541,1430,1093,2550,1819,1482,824,637,391,1724,13574
21503,0,3,0,0,0,0,15,27,15,7,44,63,112,155,166,158,206,83,40,13,9,0,160,1244,119,75,105,93,439,331,1031,788,1854,1172,911,466,351,237,1156,9140
21601,3,0,0,0,0,0,9,26,15,10,40,65,108,189,187,172,276,122,52,25,16,9,172,1464,108,64,86,91,379,343,1067,743,1929,1308,1081,569,442,272,1176,9651
21602,7,0,0,0,0,0,17,23,14,13,43,49,107,146,150,165,197,87,35,17,10,9,140,1164,71,59,89,76,363,287,881,615,1475,995,761,397,307,190,943,7501
21603,3,0,0,0,0,0,25,37,46,12,69,117,208,339,348,347,548,219,116,46,25,15,339,2799,191,82,147,167,615,641,1481,1156,2943,2121,1846,1137,860,574,1840,15803
21701,0,0,0,0,0,0,10,15,9,11,35,57,98,167,180,166,249,105,44,20,15,7,189,1364,58,64,94,88,343,341,964,743,1739,1233,970,604,487,298,1153,9194
21703,3,3,0,0,0,0,19,30,15,19,45,71,108,180,168,164,256,97,55,19,17,12,185,1404,117,89,98,99,381,353,875,739,1882,1228,1035,542,423,293,1098,9242
21704,0,3,0,0,0,0,25,33,20,16,55,84,128,248,236,238,362,163,101,27,30,15,219,1937,109,66,104,116,415,445,1081,925,2359,1836,1577,952,749,517,1349,12587
29797,0,0,0,0,0,0,0,0,0,0,0,0,0,0,0,0,0,0,0,0,0,0,0,0,0,0,0,0,0,0,0,0,0,0,0,0,0,0,0,0
29999,0,0,0,0,0,0,0,0,0,0,0,0,0,0,0,0,0,0,0,0,0,0,0,0,0,0,0,0,0,0,0,0,0,0,0,0,0,0,0,0
30101,3,3,0,0,0,0,15,29,34,23,65,81,165,259,293,339,697,447,268,123,98,35,288,3216,131,72,120,115,425,501,1280,1076,3042,2700,2874,1945,2087,1503,1982,19854
30102,3,0,0,0,0,0,21,32,39,18,63,99,182,336,347,381,723,386,218,93,74,40,343,3340,199,104,122,163,603,704,1889,1420,3484,2820,2850,2129,2233,1847,2449,23004
30103,3,0,0,0,0,0,18,28,22,14,48,85,160,241,278,344,712,415,240,122,98,49,314,3142,103,50,99,102,380,393,1047,949,2586,2192,2383,1934,2352,1907,1994,18468
30201,0,0,0,0,0,0,3,9,24,13,20,22,57,88,89,151,340,215,156,71,64,28,158,1497,90,47,51,36,185,203,575,531,1570,1376,1580,1130,1462,1332,1085,11243
30202,0,0,0,0,0,0,30,39,37,11,57,72,121,182,235,301,641,407,246,98,80,48,308,2843,144,66,99,100,347,343,1007,971,2555,2144,2305,1830,2291,1908,1705,17809
30203,0,0,0,0,0,0,14,17,19,12,29,51,51,121,108,146,345,241,139,65,40,20,133,1525,71,40,59,71,170,233,478,508,1435,1329,1425,1064,1123,869,869,9742
30204,0,0,0,0,0,0,16,16,48,20,55,80,114,200,239,298,651,355,222,89,52,22,244,2691,135,64,83,110,349,401,1033,939,2531,2121,2182,1487,1476,896,1521,15314
30301,0,0,0,0,0,0,9,9,41,12,32,31,73,126,139,160,375,262,204,74,66,41,173,1817,128,54,65,50,199,251,611,527,1541,1464,1660,1301,1883,2122,1276,13138
30302,5,0,0,0,0,0,5,10,40,15,49,59,113,150,163,202,438,322,212,86,87,40,209,2191,123,57,98,102,302,293,703,706,1994,1855,2097,1726,2277,2462,1471,16288
30303,6,0,0,0,0,0,14,30,93,21,90,72,103,176,236,266,572,362,227,107,82,40,265,2711,362,129,174,137,400,465,1157,1026,2728,2184,2236,1711,2039,1619,1677,18039
30304,0,0,0,0,0,0,7,14,35,17,31,35,66,113,111,117,314,203,104,55,40,18,135,1398,135,53,77,66,225,257,533,457,1371,1110,1165,973,1207,989,810,9416
30305,0,0,0,0,0,0,9,14,72,31,75,82,127,188,226,268,482,290,176,68,55,22,228,2388,326,114,173,138,403,416,951,985,2543,2111,2212,1504,1478,826,1482,15663
30306,3,0,0,0,0,0,13,21,83,26,61,67,93,141,159,176,382,217,142,72,60,14,183,1878,337,115,186,135,361,433,840,867,2240,1618,1491,915,901,651,1214,12298
30401,0,0,0,0,0,0,3,10,20,17,19,31,47,75,77,99,229,169,115,39,44,25,113,1114,88,47,63,53,154,171,359,412,1139,1066,1232,975,1294,1181,903,9153
30402,0,0,0,0,0,0,3,3,30,17,20,21,48,78,66,119,282,217,159,61,74,48,149,1390,115,48,56,46,190,157,376,461,1304,1219,1431,1193,1833,2616,1501,12547
30403,0,0,0,0,0,0,5,11,61,10,29,35,42,76,86,77,235,187,145,60,75,47,133,1296,151,46,80,64,155,208,394,404,1287,1119,1201,942,1448,2197,1126,10817
30404,0,0,0,0,0,0,20,21,35,17,44,60,77,162,162,172,414,308,211,65,63,23,208,2027,79,51,70,77,207,270,569,602,1702,1506,1732,1437,1912,1706,1331,13263
30501,3,0,0,0,0,0,4,7,75,18,27,42,46,85,97,125,256,193,147,64,91,73,128,1459,235,71,80,90,215,230,484,514,1498,1409,1705,1202,1823,2203,1282,13037
30502,0,0,0,0,0,0,5,5,25,16,26,26,53,81,71,111,243,193,125,51,62,42,138,1260,66,32,46,38,115,143,264,312,921,882,1148,970,1580,2289,1044,9842
30503,0,0,0,0,0,0,11,21,61,26,41,49,77,145,153,175,462,293,273,106,125,75,250,2306,211,68,95,82,254,323,631,690,2140,1977,2256,1813,2749,4293,2011,19602
30504,0,0,0,0,0,0,0,3,30,11,23,26,38,72,80,104,250,225,183,59,114,66,122,1411,112,38,54,48,139,161,340,384,1190,1164,1374,1091,1933,3313,1285,12630
30601,0,0,0,0,0,0,10,16,47,17,56,67,109,222,235,262,489,303,165,39,52,19,252,2335,151,66,98,103,296,381,780,745,2176,1964,2028,1281,1325,888,1776,14065
30602,3,3,0,0,0,0,54,73,92,43,150,229,356,616,636,637,1067,477,261,91,68,33,602,5354,234,123,242,295,770,986,1817,1733,4308,3229,2907,1771,1537,949,2970,23872
30603,0,0,0,0,0,0,16,23,14,5,52,78,121,201,211,193,290,131,42,21,9,5,186,1557,89,72,92,105,389,354,955,765,1752,1180,847,442,361,248,1041,8697
30604,0,0,0,0,0,0,4,10,4,3,16,19,32,51,58,45,74,45,19,6,3,0,65,436,30,19,29,30,87,111,204,191,540,417,347,156,135,94,347,2729
30605,0,0,0,0,0,0,24,24,37,19,65,81,137,219,243,213,323,117,71,24,24,13,234,1815,110,98,124,111,458,402,1239,857,1981,1247,990,610,486,314,1426,10456
30701,0,0,0,0,0,0,14,20,31,18,56,77,103,180,195,180,253,109,48,24,16,4,181,1470,184,75,107,110,378,357,880,684,1790,1399,1266,763,680,515,1473,10654
30702,0,3,0,0,0,0,10,17,16,11,55,80,126,195,206,186,287,109,65,19,23,10,169,1560,94,90,88,114,416,411,1108,776,1985,1422,1211,719,611,380,1345,10766
30703,0,0,0,0,0,0,22,25,26,13,45,64,114,248,235,197,302,117,41,18,19,5,186,1632,111,78,107,95,475,447,1396,898,2289,1357,1009,520,383,232,1229,10621
30801,0,0,0,0,0,0,11,14,19,7,38,42,61,79,89,75,148,84,56,20,14,13,100,842,52,33,54,53,133,154,309,255,832,842,959,630,726,707,968,6698
30803,5,3,0,3,0,0,37,58,70,42,150,232,428,650,647,632,961,522,258,102,68,45,534,5334,238,164,274,305,1026,1076,2579,1932,4605,3756,3468,2278,2197,1441,3997,29336
30804,0,0,0,0,0,0,5,5,7,0,10,24,30,50,37,41,61,51,23,9,3,3,45,385,51,28,29,33,89,84,216,187,482,454,482,334,362,280,491,3604
30805,0,3,0,0,0,0,23,34,60,40,80,106,198,286,275,246,318,183,108,53,48,27,230,2250,196,130,142,152,501,520,1071,823,1957,1693,2127,1454,1716,1406,2052,15940
30901,3,0,0,0,0,0,23,35,49,17,39,65,121,247,292,313,566,284,166,76,57,24,268,2587,159,60,97,104,412,443,1204,978,2610,1947,1833,1345,1414,1245,1601,15454
30902,9,0,0,0,0,0,18,25,24,18,48,58,144,245,317,334,555,303,150,35,42,17,287,2576,89,69,90,89,369,435,1115,965,2364,1936,1698,1108,1047,684,1512,13582
30903,0,0,0,0,0,0,22,30,68,22,58,84,176,365,381,445,700,361,188,59,63,36,289,3298,215,89,125,149,597,665,1717,1400,3257,2158,2000,1137,1145,960,1672,17289
30904,0,0,0,0,0,0,9,10,8,6,15,16,40,75,72,61,152,62,37,11,9,16,73,657,50,23,36,34,153,152,418,299,901,659,640,400,433,271,578,5034
30905,0,0,0,0,0,0,3,10,34,11,35,34,71,131,133,140,270,167,73,28,28,6,163,1329,80,42,61,57,193,244,567,500,1435,1221,1252,838,876,715,1018,9111
30906,3,0,3,0,0,0,16,26,57,19,57,88,182,341,369,398,723,356,210,66,45,21,298,3231,188,84,106,128,487,570,1384,1110,3191,2716,2524,1561,1394,861,1823,18139
30907,0,0,0,0,0,0,26,27,93,43,79,151,272,571,550,553,1080,582,303,122,104,45,454,5023,332,137,166,213,674,937,1923,1707,5191,4974,4606,3115,3003,2055,3279,32314
30908,0,0,0,0,0,0,7,13,75,28,52,65,119,210,258,300,597,319,178,61,43,25,232,2558,192,66,105,102,332,391,1000,860,2356,1844,1707,1083,995,699,1318,13060
30909,5,3,0,0,0,0,24,35,69,28,77,82,158,302,312,335,624,321,169,60,57,13,295,2891,232,81,132,131,446,579,1188,1045,2626,1838,1626,1025,914,692,1417,13983
30910,0,0,0,0,0,0,6,9,57,9,30,35,66,125,137,163,280,149,88,24,35,23,146,1381,174,59,96,80,277,287,648,617,1641,1131,1022,610,739,936,957,9269
31001,0,0,0,0,0,0,40,57,105,36,156,159,254,346,371,430,734,379,222,83,56,32,389,3748,286,96,248,228,643,659,1360,1208,3054,2296,2175,1327,1225,638,1720,17142
31002,6,3,0,0,0,0,26,36,42,21,67,119,189,354,342,338,490,239,111,27,26,17,284,2653,147,104,149,154,633,687,1779,1353,3058,2188,1813,1059,910,422,1903,16364
31003,8,3,0,0,0,0,36,57,57,36,134,231,368,739,691,688,1173,610,276,123,76,32,524,5758,169,103,222,293,747,1093,2191,1919,4807,3815,3391,2151,2006,1060,2727,26692
31004,3,0,0,0,0,0,35,45,94,33,105,153,277,504,544,508,918,437,267,95,52,22,383,4382,205,73,159,197,537,758,1371,1299,3809,3203,3182,1894,1675,784,2119,21282
31101,0,0,0,0,0,0,5,12,11,3,18,30,74,119,89,75,135,51,27,7,7,4,76,730,35,21,27,45,156,189,412,291,724,456,378,174,189,87,408,3586
31102,3,0,0,0,0,0,21,33,35,12,69,111,176,362,350,311,529,229,117,49,41,10,230,2646,91,42,100,143,363,522,1150,881,2072,1512,1251,692,531,255,991,10593
31103,0,0,0,0,0,0,32,39,83,34,113,174,275,485,501,526,906,407,244,80,49,12,412,4304,232,98,195,214,636,770,1600,1446,3877,3090,2805,1554,1156,532,2062,20278
31104,0,0,0,0,0,0,6,16,35,15,39,59,99,159,174,177,328,172,90,39,28,4,153,1569,135,51,83,86,273,307,724,632,1826,1922,1894,1244,1192,590,1323,12274
31105,4,0,0,0,0,0,19,30,59,21,68,92,172,302,328,289,606,343,205,96,54,24,278,2947,161,59,115,124,466,512,1164,957,2715,2249,2208,1351,1280,746,1553,15665
31106,0,5,0,0,0,0,50,64,88,49,129,210,309,451,508,502,821,457,206,91,75,27,477,4403,292,117,225,262,740,806,1627,1499,3559,2650,2278,1444,1291,641,1956,19402
31201,0,0,0,0,0,0,12,14,14,3,21,40,73,116,98,106,152,87,69,17,34,17,111,947,72,42,53,65,212,193,452,324,975,820,1040,675,821,814,1036,7603
31202,0,3,0,0,0,0,34,45,72,43,150,196,336,587,544,481,787,432,262,91,79,38,463,4573,289,157,265,257,900,950,1938,1595,4202,3595,3718,2609,2729,1918,4828,29940
31203,0,0,0,0,0,0,0,9,12,3,22,27,48,98,86,96,140,39,32,8,7,6,62,684,49,24,44,31,127,154,343,315,849,670,564,353,303,203,661,4686
31301,0,0,0,0,0,0,4,10,12,6,33,44,109,155,191,198,279,117,48,16,10,8,147,1380,77,72,87,74,432,398,1518,924,1898,1064,779,434,431,269,964,9440
31302,0,0,0,0,0,0,20,26,48,18,118,164,285,571,536,507,773,352,146,62,34,15,330,3958,147,76,167,206,676,849,1739,1442,3459,2507,2027,1052,860,400,1630,17236
31303,0,0,0,0,0,0,5,9,3,6,24,23,34,51,53,67,81,46,19,5,8,3,63,476,35,24,41,26,135,106,332,267,576,472,388,226,170,89,387,3276
31304,3,0,0,0,0,0,31,38,44,35,75,104,179,329,354,354,620,326,153,65,39,14,307,3004,138,90,121,140,444,557,1455,1113,2898,2473,2239,1426,1302,708,1803,16907
31305,4,0,0,0,0,0,25,37,42,19,83,101,218,353,387,417,724,343,213,77,50,23,326,3357,128,85,137,132,542,590,1533,1246,2809,2026,1778,1119,1093,693,1584,15504
31401,0,0,0,0,0,0,6,19,39,20,41,55,97,145,203,259,632,416,257,95,75,45,284,2657,147,80,106,93,381,358,1021,1034,3063,3022,3474,2873,3388,2749,2477,24268
31402,0,0,0,0,0,0,15,21,54,26,57,100,188,417,439,432,709,422,220,76,53,21,256,3459,161,62,100,141,419,606,1273,1135,3194,3073,2970,1821,1674,900,1796,19327
31403,0,0,0,0,0,0,12,20,26,20,48,67,100,203,236,236,439,256,128,52,22,6,172,2003,78,39,79,78,273,339,741,729,1849,1608,1502,856,655,276,904,10001
31501,0,0,0,0,0,0,11,24,24,29,125,126,159,202,176,154,235,105,59,20,19,17,177,1627,89,65,180,155,433,401,567,525,1062,654,612,366,435,279,900,6713
31502,0,3,0,0,0,0,34,42,22,12,60,79,94,112,113,91,175,125,100,38,34,20,189,1262,71,40,95,98,217,187,319,279,754,686,868,676,890,645,911,6743
31503,0,0,0,0,0,0,10,13,13,4,19,33,42,75,67,73,111,42,21,7,8,4,104,629,85,35,43,38,153,132,353,277,766,538,466,311,277,155,703,4333
31601,0,0,0,0,0,0,8,11,43,20,54,61,103,199,262,256,494,266,134,42,44,14,203,2182,135,66,118,84,366,407,1148,950,2510,1946,1821,1181,1243,1018,1614,14614
31602,5,0,0,0,0,0,25,35,42,29,72,102,203,414,444,421,786,388,188,57,48,27,361,3575,169,108,130,144,686,768,2217,1649,4172,2872,2522,1629,1540,1166,2367,22142
31603,0,0,0,0,0,0,13,20,34,12,56,89,163,243,310,327,574,243,124,36,35,10,243,2505,144,73,120,129,424,500,1247,1100,2897,1942,1671,1014,966,672,1522,14417
31605,0,0,0,0,0,0,8,19,29,12,42,52,96,187,217,252,388,182,87,22,14,10,187,1789,114,59,81,85,362,377,1032,888,2162,1523,1204,736,775,674,1324,11389
31606,0,0,0,0,0,0,7,16,32,12,54,76,138,223,242,248,394,176,103,41,26,9,231,2006,116,80,116,119,478,484,1331,1140,2680,1820,1580,992,854,574,1607,13982
31607,0,0,0,0,0,0,8,16,23,19,49,63,128,218,241,226,367,162,88,26,17,13,176,1814,89,63,94,89,358,414,1106,885,2190,1632,1390,805,679,400,1207,11398
31608,0,0,0,0,0,0,9,12,15,6,31,37,61,105,96,103,176,68,40,8,12,3,86,842,63,37,67,57,224,223,584,507,1232,807,653,382,345,251,782,6201
31701,0,0,0,0,0,0,31,50,76,47,149,221,388,729,785,768,1359,652,272,118,83,29,590,6284,280,178,267,291,1058,1247,3374,2654,6687,5269,4814,3173,2850,1891,3868,37914
31801,0,0,0,0,0,0,26,31,27,22,54,93,138,180,209,188,315,136,68,28,19,10,223,1700,119,68,102,138,445,384,1105,767,1935,1344,1159,718,615,382,1428,10715
31802,6,6,0,0,0,3,41,66,129,77,233,340,519,989,980,995,1718,918,510,189,133,51,823,8609,380,220,385,432,1253,1557,3207,2853,7377,6276,6111,4326,4072,2390,6013,46847
31901,0,0,0,0,0,0,36,52,61,28,131,194,301,566,588,565,769,295,136,45,36,20,406,4140,224,161,248,258,1107,1120,3285,2111,4482,2823,2196,1191,1074,645,2573,23496
31902,0,0,0,0,0,0,23,42,21,22,90,107,201,298,280,285,346,125,58,18,26,4,235,2121,144,107,177,151,740,623,1878,1149,2394,1371,1032,537,489,287,1498,12577
31903,0,0,0,0,0,0,25,37,29,12,72,125,214,372,326,286,436,155,53,14,18,14,232,2363,143,94,139,179,649,710,1913,1233,2669,1531,1058,604,478,275,1455,13131
31904,3,0,0,0,0,0,24,29,27,25,83,137,208,384,416,383,518,185,77,25,29,13,266,2765,149,106,188,181,780,742,2536,1487,3195,1630,1269,661,579,391,1622,15522
31905,0,0,0,0,0,0,26,32,28,14,73,101,202,293,316,280,354,114,49,15,18,6,200,2065,136,82,141,147,684,615,1918,1187,2341,1264,909,489,392,219,1293,11822
39797,0,0,0,0,0,0,0,0,0,0,0,0,0,0,0,0,0,0,0,0,0,0,0,0,0,0,0,0,0,0,0,0,0,0,0,0,0,0,0,0
39999,0,0,0,0,0,0,0,0,0,0,0,0,0,0,0,0,0,0,0,0,0,0,0,0,0,0,0,0,0,0,0,0,0,0,0,0,0,0,0,0
40101,0,0,0,0,0,0,0,3,20,9,5,12,27,25,24,42,67,42,43,15,26,15,44,421,139,34,32,33,93,81,154,172,441,342,460,279,383,547,361,3538
40102,0,0,0,0,0,0,13,21,26,20,65,62,119,221,269,246,504,303,171,56,58,19,361,2503,99,87,127,96,393,478,1242,1100,3166,2674,2587,1921,1931,1678,2400,19992
40103,0,0,0,0,0,0,3,4,56,24,40,37,63,87,87,103,241,189,109,51,65,50,176,1385,166,70,85,62,210,190,474,507,1402,1147,1188,948,1413,2383,1389,11633
40104,3,0,0,0,0,0,15,24,45,12,48,63,93,176,223,234,444,273,145,61,33,15,246,2108,175,77,99,108,403,387,1186,953,2318,1739,1720,1146,1230,714,1361,13624
40105,0,0,0,0,0,0,3,7,30,20,19,39,53,92,120,148,275,134,96,36,51,44,150,1307,115,51,64,67,205,204,585,476,1274,878,947,714,933,1182,910,8602
40106,0,0,0,0,0,0,3,7,14,7,17,16,34,48,66,86,168,110,84,30,27,22,103,834,86,28,45,32,123,128,354,328,932,765,817,637,915,1033,743,6974
40107,0,3,0,0,0,0,4,7,31,13,16,22,40,93,108,94,247,168,122,51,55,42,123,1210,108,44,39,46,161,168,475,389,1144,929,1023,788,1216,1778,1021,9333
40201,3,0,0,0,0,0,5,13,4,16,45,61,112,204,198,213,309,149,76,30,21,6,188,1634,40,52,71,81,289,355,829,649,1639,1356,1195,751,687,322,1021,9351
40202,7,0,0,0,0,0,50,76,80,49,220,332,482,979,840,742,945,399,171,69,39,16,602,5973,204,131,313,392,1087,1393,2572,2072,4383,3005,2336,1124,841,324,2317,22511
40203,0,0,0,0,0,0,24,34,52,34,107,130,197,301,339,353,640,329,167,68,42,17,316,3107,250,112,189,196,594,646,1498,1333,3184,2322,2034,1290,1151,530,1554,16872
40204,3,3,0,0,0,0,55,71,143,77,251,313,517,949,896,849,1464,702,362,125,73,29,759,7510,451,228,459,423,1472,1682,3676,2994,7173,5156,4131,2204,1577,720,3408,35745
40205,0,0,0,0,0,0,17,19,40,21,52,115,196,364,438,488,896,531,289,119,73,25,428,4090,183,105,122,160,614,725,2143,1840,4606,3835,3744,2510,2262,1125,2468,26438
40301,0,0,0,0,0,0,3,4,11,3,28,34,58,79,93,115,256,153,94,36,31,34,141,1166,50,35,58,43,173,164,494,481,1284,975,1024,818,987,1010,941,8527
40302,3,0,0,0,0,0,26,37,61,42,101,112,195,368,400,446,846,563,263,102,63,25,398,3979,240,140,195,172,636,733,1806,1684,4106,3327,3245,2177,1938,945,2251,23608
40303,0,0,0,0,0,0,10,12,43,18,48,28,82,143,173,194,442,324,190,79,68,34,267,2125,134,59,103,69,300,336,904,832,2491,1933,2021,1695,2094,2097,1820,16883
40304,8,0,0,0,0,0,68,84,90,57,209,335,584,1101,1084,1047,1674,824,384,122,87,30,970,8599,277,199,352,415,1473,1798,4504,3601,8859,6720,5821,3455,2745,1306,4657,46187
40401,0,0,0,0,0,0,41,58,72,32,124,163,304,442,529,564,1010,574,310,139,80,55,565,4958,277,142,249,226,941,894,2411,1922,4671,3544,3391,2538,2413,1597,2966,28180
40402,4,0,0,0,0,0,23,34,50,33,115,146,221,307,345,389,682,313,177,64,34,12,352,3242,188,85,192,185,569,585,1433,1117,2575,1864,1709,1149,993,458,1550,14652
40403,0,0,0,0,0,0,3,7,35,21,54,57,128,177,216,241,510,303,174,70,48,22,235,2284,183,86,121,112,441,431,1190,1051,2599,1940,1945,1299,1339,868,1472,15072
40501,0,0,0,0,0,0,4,12,13,6,31,46,74,152,127,139,245,118,57,23,14,13,162,1220,50,51,72,74,265,304,860,686,1843,1455,1267,792,598,397,1045,9764
40502,0,0,0,0,0,0,3,7,3,11,23,47,64,111,107,83,120,52,20,6,14,3,99,769,51,45,51,69,254,252,678,465,1285,759,577,299,309,182,687,5968
40503,0,0,0,0,0,0,3,15,18,12,49,66,115,162,172,147,188,107,25,6,10,9,131,1210,55,37,75,83,384,335,922,606,1230,820,677,452,320,201,895,7079
40504,0,0,0,0,0,0,11,8,5,12,40,52,82,102,125,111,129,61,22,7,6,3,116,872,66,58,68,63,364,272,1069,649,1374,724,565,286,261,168,803,6784
40601,0,0,3,0,0,0,45,56,30,23,108,155,192,309,291,266,370,185,83,35,26,14,302,2389,110,88,179,195,637,562,1468,1014,2478,1730,1629,1030,896,563,1808,14379
40602,0,0,0,0,0,0,36,39,18,7,68,60,97,127,121,105,171,85,52,17,21,7,188,1127,52,34,90,77,292,242,450,406,861,614,613,472,472,302,941,5913
40701,0,0,0,0,0,0,12,19,23,12,56,82,134,249,258,208,312,116,46,13,9,7,225,1764,100,99,147,128,583,575,2015,1412,3053,1650,1209,593,505,304,1553,13918
40702,0,0,0,0,0,0,24,28,22,14,69,125,223,314,320,326,404,184,77,30,17,5,246,2383,133,87,144,166,669,617,1645,1303,3278,2450,1894,1124,825,548,1835,16721
40703,3,3,3,0,0,0,36,46,21,32,108,159,252,397,384,362,514,226,95,29,22,15,341,2971,150,140,188,199,876,786,2367,1603,3757,2406,1802,908,638,389,2004,18209
49797,0,0,0,0,0,0,0,0,0,0,0,0,0,0,0,0,0,0,0,0,0,0,0,0,0,0,0,0,0,0,0,0,0,0,0,0,0,0,0,0
49999,0,0,0,0,0,0,0,0,0,0,0,0,0,0,0,0,0,0,0,0,0,0,0,0,0,0,0,0,0,0,0,0,0,0,0,0,0,0,0,0
50101,0,0,0,0,0,0,9,13,34,22,56,88,134,235,207,209,373,152,84,20,31,14,200,1857,151,62,118,122,380,435,1077,879,2273,1799,1549,1000,975,653,1930,13384
50102,3,3,0,0,0,0,32,52,80,37,140,177,333,546,543,440,715,393,230,82,72,31,463,4273,234,146,244,267,883,910,2207,1630,3790,3342,3341,2255,2379,1630,3827,27072
50103,0,0,0,0,0,0,12,12,19,7,31,58,68,90,93,84,108,46,23,13,7,3,86,732,68,42,65,88,263,211,649,433,1047,733,611,397,353,229,854,6042
50201,0,3,0,0,0,0,26,35,104,54,138,215,312,544,494,433,685,369,199,81,87,28,462,4219,330,183,284,305,994,960,2800,1760,4024,2730,2687,1806,1988,1607,3882,26339
50301,0,0,0,0,0,0,3,10,84,26,31,33,43,79,99,120,245,217,165,78,163,141,255,1782,204,56,74,70,149,212,414,444,1331,1137,1243,1064,2238,5684,2308,16622
50302,0,0,0,0,0,0,7,13,78,30,61,57,102,133,186,183,417,301,256,100,157,100,246,2409,288,107,137,108,372,364,851,838,2326,2155,2676,1965,3359,5103,2636,23304
50401,4,0,0,0,0,0,21,29,72,28,91,108,182,269,291,302,641,365,242,125,109,60,358,3247,267,111,187,174,566,542,1419,1159,2984,2439,2587,1952,2387,1856,2287,20907
50402,0,0,0,0,0,0,14,16,34,12,43,46,82,126,139,163,299,199,147,55,35,27,241,1649,105,54,94,73,286,280,733,597,1540,1330,1452,1018,1097,982,1598,11247
50403,4,0,0,0,0,0,42,55,123,66,182,229,338,561,488,576,1126,680,392,191,150,58,607,5752,392,160,280,305,857,986,1932,1780,4979,4737,4927,3116,3211,1959,4254,33885
50501,3,0,0,0,0,0,16,25,100,49,98,131,228,360,427,498,1008,692,539,249,195,118,593,5296,357,187,248,216,743,771,2073,1917,5144,4660,5547,4493,5829,5807,5639,43634
50502,7,0,0,0,0,0,58,79,141,79,204,245,374,617,632,666,1418,860,608,234,282,135,860,7341,591,267,412,372,1206,1274,3020,2546,6777,5375,5776,4146,5659,6281,5704,49394
50503,3,4,3,0,0,0,52,82,193,77,262,311,479,807,774,807,1535,928,577,240,169,63,830,8060,589,243,490,428,1193,1431,2888,2530,7033,6613,7230,4859,4988,3175,6465,50145
50601,3,0,3,0,0,0,24,35,81,50,141,163,244,400,360,361,698,391,215,96,65,28,407,3698,247,131,209,209,552,692,1379,1196,3409,2894,2921,1829,1886,1189,2565,21314
50602,0,0,0,0,0,0,27,37,60,23,98,103,136,182,223,272,483,298,182,79,79,39,254,2499,239,82,176,158,456,438,996,922,2343,2006,2096,1431,1864,1451,1886,16537
50603,0,0,3,0,0,0,17,17,124,39,81,90,141,245,268,262,650,377,267,109,118,48,302,3109,452,152,216,209,548,640,1431,1305,3497,2856,2825,1938,2371,2016,2535,22990
50604,3,4,0,0,0,0,46,62,182,48,165,164,299,449,477,505,948,514,363,153,127,40,478,4917,534,151,326,265,875,903,2166,1851,5040,4143,4175,2573,2505,1469,3478,30459
50605,0,0,0,0,0,0,18,25,34,20,44,77,103,173,166,199,479,269,190,106,74,36,263,2237,157,76,105,114,325,331,940,821,2240,1964,2087,1504,1693,1307,2032,15690
50606,0,0,0,0,0,0,8,12,25,9,27,46,45,68,70,72,178,112,71,29,17,12,103,881,86,36,59,63,137,141,346,323,998,1075,1094,715,709,517,992,7296
50607,0,0,0,0,0,0,11,20,45,12,41,40,45,95,91,112,238,142,113,51,58,48,142,1280,170,58,85,64,171,191,393,441,1076,903,1075,839,1362,2167,1159,10147
50701,3,3,3,0,0,0,22,36,89,34,115,120,232,351,365,415,764,472,345,137,93,56,455,4044,284,134,221,174,642,661,1567,1257,3447,3205,3711,2819,3285,2352,3485,27242
50702,0,0,0,0,0,0,9,17,24,12,43,50,84,113,117,118,240,159,122,41,52,36,198,1407,79,31,70,75,214,188,461,353,1015,887,943,760,1189,1591,1205,9083
50703,0,0,0,0,0,0,12,18,39,14,69,94,143,223,204,203,332,164,123,42,21,15,173,1855,104,43,100,120,318,344,653,597,1553,1418,1414,890,752,374,1204,9885
50704,0,0,0,0,0,0,18,20,96,33,82,94,139,218,252,281,660,494,360,142,156,93,408,3509,328,154,203,153,520,514,1257,1153,3202,2566,2928,2369,3543,4827,3310,27033
50705,0,0,0,0,0,0,35,45,153,46,183,220,372,643,550,514,984,535,316,141,114,56,545,5368,381,156,305,289,896,1021,2205,1699,4400,4067,4368,2859,3108,2162,5038,32961
50901,3,0,0,0,0,0,18,28,30,16,73,102,150,288,285,211,399,180,91,33,29,27,257,2162,119,82,148,142,519,543,1474,1057,2753,2005,1640,1071,953,719,1905,15141
50902,0,0,0,0,0,0,21,32,32,19,72,76,147,214,207,191,262,120,97,38,40,25,260,1800,178,130,130,119,565,497,1353,903,2192,1702,1609,1010,1004,772,2214,14379
50903,0,4,0,0,0,0,9,11,8,3,21,42,58,58,100,73,99,54,26,10,14,6,79,654,53,35,39,60,197,141,437,351,797,632,603,354,363,298,750,5112
51001,0,0,0,0,0,0,44,56,26,34,129,119,135,138,160,138,222,129,74,28,17,10,296,1667,57,62,176,132,369,274,398,409,790,688,861,645,753,491,1170,7267
51002,0,0,0,0,0,0,10,17,8,5,34,38,35,35,37,35,67,62,52,11,29,16,66,545,23,11,43,40,91,54,104,89,246,347,549,409,836,960,578,4390
51003,0,0,0,0,0,0,9,9,23,14,30,34,48,42,49,33,72,74,81,29,52,17,75,668,38,14,39,39,80,67,104,103,280,439,899,639,1180,1448,771,6145
51101,0,0,0,0,0,0,13,15,9,10,20,25,29,62,64,50,99,43,21,10,10,10,63,521,31,22,31,35,117,119,275,218,590,471,461,341,305,244,568,3826
51102,0,0,0,0,0,0,12,16,8,7,13,15,34,32,32,22,41,26,12,0,4,3,63,326,31,17,19,20,78,59,160,101,312,265,245,171,164,130,362,2125
51103,0,0,0,0,0,0,42,49,24,20,61,82,84,114,123,122,201,133,109,40,47,14,200,1367,66,40,95,93,215,193,377,307,805,922,1249,924,1326,954,1298,8859
51104,0,0,0,0,0,0,30,38,40,24,97,123,138,265,232,202,381,201,129,29,37,26,296,2217,167,97,162,154,446,481,1127,714,1987,1539,1544,998,1071,775,2198,13462
59797,0,0,0,0,0,0,0,0,0,0,0,0,0,0,0,0,0,0,0,0,0,0,0,0,0,0,0,0,0,0,0,0,0,0,0,0,0,0,0,0
59999,0,0,0,0,0,0,0,0,0,0,0,0,0,0,0,0,0,0,0,0,0,0,0,0,0,0,0,0,0,0,0,0,0,0,0,0,0,0,0,0
60101,0,0,0,0,0,0,9,12,6,9,35,88,102,177,160,145,202,53,32,9,14,0,117,1145,25,23,53,88,181,226,474,383,895,645,540,259,225,80,483,4578
60102,4,0,0,0,0,0,14,24,20,13,56,93,152,279,280,316,512,283,149,46,29,20,315,2571,78,40,100,104,360,466,1088,1023,2480,1938,1823,1266,1205,703,1458,14145
60103,0,0,0,0,0,0,32,41,26,17,108,154,245,446,432,397,625,291,131,39,34,3,332,3279,88,54,152,182,539,696,1466,1179,2725,1898,1536,826,587,214,1320,13450
60104,0,0,0,0,0,0,5,10,12,7,32,47,72,165,152,162,332,165,99,24,17,5,156,1452,52,32,56,58,192,276,610,586,1591,1275,1281,793,840,488,912,9036
60105,0,0,0,0,0,0,3,7,34,4,34,41,86,123,129,158,347,234,154,57,41,31,178,1655,117,40,86,71,233,284,582,603,1751,1391,1445,1084,1425,1456,1239,11806
60106,0,0,0,0,0,0,3,8,9,3,12,31,50,106,85,96,156,85,28,13,12,3,78,774,24,19,39,43,144,191,421,346,870,646,546,284,227,108,476,4382
60201,3,3,0,0,0,0,26,44,37,24,132,197,263,520,509,443,732,343,178,57,41,23,407,3909,126,77,215,250,723,856,2061,1526,3792,2701,2312,1418,1175,847,2026,20101
60202,0,0,0,0,0,0,3,9,4,3,25,38,61,130,112,98,140,62,27,7,9,4,103,824,46,33,56,56,267,268,827,544,1196,790,591,357,288,128,716,6160
60203,3,0,0,0,0,0,5,20,20,7,49,94,137,200,178,140,226,85,40,14,9,4,183,1388,93,60,85,129,500,485,1328,861,1905,1205,895,557,361,210,1208,9885
60301,0,0,0,0,0,0,5,7,4,3,17,12,41,56,62,64,69,23,21,3,0,3,56,440,22,21,34,30,147,133,360,246,588,415,288,147,113,64,383,3006
60302,0,0,0,0,0,0,5,10,3,3,21,46,65,89,88,75,126,74,23,5,3,0,87,705,39,42,51,65,257,233,620,457,1062,709,529,264,199,131,584,5249
60303,0,0,0,0,0,0,4,8,0,3,7,5,21,32,27,27,31,13,7,3,3,0,43,226,9,18,19,16,108,85,280,201,334,188,135,53,31,38,249,1765
60401,0,0,0,0,0,0,16,32,21,19,66,135,201,286,316,313,414,163,72,24,12,13,279,2329,81,66,115,155,584,548,1626,1119,2441,1618,1263,743,569,343,1424,12702
60402,4,0,0,0,0,0,19,26,24,10,57,95,174,298,302,239,387,169,66,28,12,9,239,2108,70,55,99,117,549,538,1479,1022,2423,1512,1173,648,530,291,1334,11847
60403,0,0,0,0,0,0,17,20,3,3,24,42,55,92,71,69,87,47,22,9,0,0,101,618,34,28,53,48,187,204,477,326,835,607,515,278,210,109,552,4451
69797,0,0,0,0,0,0,0,0,0,0,0,0,0,0,0,0,0,0,0,0,0,0,0,0,0,0,0,0,0,0,0,0,0,0,0,0,0,0,0,0
69999,0,0,0,0,0,0,0,0,0,0,0,0,0,0,0,0,0,0,0,0,0,0,0,0,0,0,0,0,0,0,0,0,0,0,0,0,0,0,0,0
70101,0,0,0,0,0,0,6,6,5,9,12,18,18,31,23,27,86,83,86,30,47,30,80,590,34,10,17,24,54,55,127,111,462,554,816,573,1041,1150,675,5702
70102,0,0,0,0,0,0,27,40,27,21,41,61,91,133,140,161,356,275,200,106,69,39,299,2014,104,43,73,79,228,234,414,473,1467,1504,1748,1406,1809,1616,1635,12836
70103,0,0,0,0,0,0,10,12,6,4,8,16,28,29,42,58,125,72,60,26,32,11,72,603,41,15,27,23,100,60,143,173,522,497,682,527,801,703,670,4986
70104,0,0,0,0,0,0,18,22,27,13,30,54,80,99,109,137,250,197,141,56,50,22,138,1397,61,26,35,63,112,150,245,255,822,999,1288,976,1423,1063,1009,8521
70201,0,0,0,0,0,0,27,32,20,34,139,55,107,101,109,109,234,151,110,32,41,16,195,1459,46,98,216,67,428,230,341,360,815,790,979,729,825,545,1098,7572
70202,0,0,0,0,0,0,4,6,3,13,33,17,28,26,15,29,37,17,11,4,6,0,37,265,10,33,49,16,109,57,61,90,147,111,82,65,61,32,154,1093
70203,0,0,0,0,0,0,18,27,13,44,130,45,63,72,64,61,88,34,11,4,7,7,115,765,45,145,279,84,342,243,286,270,390,218,191,124,127,90,475,3301
70204,0,0,0,0,0,0,56,68,8,27,131,28,49,34,47,37,79,50,24,10,4,8,222,743,20,67,169,38,251,100,143,151,232,162,179,152,206,180,731,2784
70205,0,0,0,0,0,0,13,24,11,24,110,52,56,48,53,54,97,47,20,12,7,5,136,726,35,107,180,74,309,147,214,230,405,318,350,289,247,146,667,3711
79797,0,0,0,0,0,0,0,0,0,0,0,0,0,0,0,0,0,0,0,0,0,0,0,0,0,0,0,0,0,0,0,0,0,0,0,0,0,0,0,0
79999,0,0,0,0,0,0,0,0,0,0,0,0,0,0,0,0,0,0,0,0,0,0,0,0,0,0,0,0,0,0,0,0,0,0,0,0,0,0,0,0
80101,4,3,0,0,0,0,15,21,49,28,93,121,179,228,248,255,668,541,429,180,163,76,370,3631,188,79,151,160,411,420,853,919,3072,2923,3285,2905,3867,3058,2213,24511
80103,0,0,0,0,0,0,0,0,0,0,0,0,4,0,7,3,7,8,4,0,0,0,4,34,0,0,0,0,9,0,20,15,32,33,23,17,23,23,25,216
80104,0,0,0,0,0,0,0,6,21,16,50,61,53,118,129,128,406,378,336,133,101,64,205,2198,178,62,95,89,186,251,491,551,1934,2178,2781,2228,3296,2859,1617,18791
80105,0,0,0,0,0,0,3,5,19,15,37,46,69,79,96,90,206,214,168,64,74,43,118,1333,80,38,64,64,161,164,310,329,1058,964,1175,1059,1813,2273,1095,10639
80106,0,4,0,0,0,0,4,8,13,3,23,22,34,28,52,52,122,114,121,40,78,54,84,841,37,18,29,30,76,50,126,122,465,514,659,611,1054,2081,749,6606
80107,3,0,0,0,0,0,12,29,30,21,66,120,166,289,232,283,696,641,449,247,232,92,411,3962,111,50,103,144,342,428,801,880,2720,2650,3256,2718,3744,3085,2339,23376
80108,0,0,0,0,0,0,8,10,16,3,19,20,34,48,57,60,129,149,122,51,54,20,101,886,30,20,23,24,81,86,223,233,645,633,734,637,1029,1167,596,6151
80109,0,0,0,0,0,0,0,3,16,5,17,26,41,53,65,63,180,181,157,68,82,39,129,1116,61,28,34,37,117,111,265,297,941,902,1119,823,1302,2015,909,8959
80110,0,0,0,0,0,0,0,0,0,3,0,0,0,5,6,3,15,20,22,4,15,3,8,112,5,0,0,0,3,12,16,20,92,128,189,176,262,190,89,1179
80111,0,0,0,0,0,0,0,0,0,0,0,0,0,3,0,0,3,0,0,0,0,0,0,15,3,0,0,0,0,0,0,0,11,12,18,20,32,26,10,149
89797,0,0,0,0,0,0,0,0,0,0,0,0,0,0,0,0,0,0,0,0,0,0,0,0,0,0,0,0,0,0,0,0,0,0,0,0,0,0,0,0
89999,0,0,0,0,0,0,0,0,0,0,0,0,0,0,0,0,0,0,0,0,0,0,0,0,0,0,0,0,0,0,0,0,0,0,0,0,0,0,0,0
90101,0,0,0,0,0,0,0,0,0,0,0,0,0,0,0,0,6,6,4,3,3,0,6,35,0,3,0,0,5,5,9,4,27,42,51,41,45,34,32,297
90102,0,0,0,0,0,0,0,0,0,0,0,0,0,0,0,0,0,0,0,0,0,0,0,4,3,4,0,0,7,4,15,9,26,20,11,10,13,7,23,153
90103,0,0,0,0,0,0,3,3,0,0,0,3,0,0,4,0,3,0,4,0,0,0,19,37,0,0,0,3,0,6,5,0,11,3,7,8,0,4,22,76
90104,0,0,0,0,0,0,0,0,0,0,0,6,3,3,3,13,15,4,3,0,0,0,8,66,5,3,6,6,10,18,35,47,138,74,48,17,8,5,63,489
99797,0,0,0,0,0,0,0,0,0,0,0,0,0,0,0,0,0,0,0,0,0,0,0,0,0,0,0,0,0,0,0,0,0,0,0,0,0,0,0,0
99999,0,0,0,0,0,0,0,0,0,0,0,0,0,0,0,0,0,0,0,0,0,0,0,0,0,0,0,0,0,0,0,0,0,0,0,0,0,0,0,0