SA3_CODE_2016,C16_85o_Seprtd_M,C16_85o_Seprtd_F,C16_85o_Divorce_M,C16_85o_Divorce_F,C16_85o_Wid_M,C16_85o_Wid_F,C16_85o_Nvr_mard_M,C16_85o_Nvr_mard_F,C16_85o_T_M,C16_85o_T_F,C16_85o_T_P,C16_T_Married_M,C16_T_Married_F,C16_Tot_Sep_M,C16_Tot_Sep_F,C16_Tot_Div_M,C16_Tot_Div_F,C16_Tot_Wid_M,C16_Tot_Wid_F,C16_Tot_nver_marrie_M,C16_Tot_nver_marrie_F,C16_Tot_T_M,C16_Tot_T_F,C16_Tot_T_P
10102,7,4,19,21,76,343,15,5,248,441,693,11664,11556,719,702,1873,2239,442,1401,8289,7214,22990,23112,46101
10103,10,0,9,17,58,237,18,3,171,281,449,3811,3712,330,250,740,786,243,729,3168,2320,8291,7803,16097
10104,16,4,45,75,324,1068,51,21,927,1462,2389,14868,14917,1120,1154,3375,3826,1116,3581,8660,7410,29146,30894,60033
10105,5,0,16,30,115,444,24,26,317,571,892,7086,6880,535,538,1208,1511,493,1543,5323,4053,14643,14524,29165
10106,3,7,13,18,112,416,21,29,304,536,839,7482,7472,501,512,1188,1314,407,1421,4371,4016,13953,14734,28685
10201,30,25,112,220,771,2567,77,120,2108,3575,5691,33155,33260,2282,2708,5969,8862,2157,7619,22784,20022,66344,72473,138818
10202,30,17,106,176,645,2092,73,62,1753,2834,4585,28702,28779,2420,3156,5914,8525,2091,7042,22132,19737,61260,67238,128494
10301,3,4,24,38,115,504,21,36,340,664,1008,8643,8442,605,701,1438,1838,454,1683,7611,6134,18747,18805,37548
10302,10,11,21,25,230,847,38,53,636,1108,1749,10907,10856,822,836,1957,1884,844,2779,7438,6201,21969,22553,44522
10303,6,10,14,26,151,506,24,22,388,667,1051,8978,8835,766,737,1845,2004,624,1998,6799,5276,19005,18849,37851
10304,6,12,16,39,167,613,11,21,456,807,1262,11119,11082,702,863,1745,2269,614,2130,7699,7095,21884,23439,45320
10401,17,6,27,45,183,744,32,32,608,1009,1614,9933,9897,841,905,2240,2517,771,2583,6799,5554,20584,21456,42036
10402,21,8,41,78,316,1155,34,29,924,1518,2437,16344,16385,1309,1573,3535,4722,1066,3715,11509,10224,33767,36619,70390
10501,0,6,17,10,60,203,6,17,171,269,444,3902,3810,399,337,860,672,343,930,4230,3543,9742,9297,19041
10502,3,0,17,19,69,322,13,11,203,418,625,3472,3416,355,349,844,922,275,1053,3288,2814,8236,8556,16795
10503,10,4,33,43,233,771,22,33,653,1016,1677,13006,12884,977,1147,2200,2590,861,2868,9896,8881,26949,28368,55318
10601,5,0,37,53,208,819,31,38,527,1052,1581,16521,16335,1308,1395,3050,3554,916,3034,12969,10666,34761,34986,69748
10602,10,0,18,35,138,630,28,31,430,819,1248,14188,14358,938,1178,2104,3101,622,2341,9981,9106,27831,30089,57916
10603,12,3,30,51,249,838,13,20,728,1115,1840,14987,14978,1023,1110,2800,3452,977,2979,9014,7486,28808,30006,58816
10604,3,3,11,15,74,277,17,15,201,355,553,5691,5554,489,469,980,1072,315,1092,4397,3602,11878,11789,23662
10701,12,9,21,42,268,964,16,15,717,1225,1940,14574,14617,910,1114,2363,3158,935,3416,10813,9038,29596,31350,60943
10702,0,0,0,0,0,0,0,0,0,0,0,0,0,0,0,0,3,0,0,0,0,4,3,8
10703,8,6,23,56,252,959,24,28,785,1294,2076,18764,18809,1063,1314,2638,3816,957,3308,11649,10314,35073,37556,72628
10704,14,12,48,97,394,1565,46,58,1222,2092,3312,24360,24423,1425,1647,3696,5316,1285,4776,21443,17760,52223,53923,106148
10801,8,3,40,35,205,628,9,20,580,870,1449,6569,6561,559,576,1577,1793,650,1875,3648,3021,13007,13831,26840
10802,7,11,32,45,249,711,32,32,607,967,1573,8891,8808,855,927,2303,2418,814,2422,6904,5651,19763,20220,39985
10803,0,0,0,0,0,7,0,0,3,7,10,84,81,0,0,19,8,6,18,56,57,165,163,327
10804,12,10,41,91,354,1337,29,48,1145,1830,2981,16489,16577,1157,1383,3254,4253,1153,4144,8943,8100,30999,34460,65458
10805,12,9,42,54,225,798,25,25,687,1045,1734,10993,10969,927,939,2308,2735,847,2798,6554,5812,21623,23254,44882
10901,0,6,41,31,222,779,28,36,594,997,1587,11626,11710,773,933,2018,2714,715,2445,8603,7908,23741,25715,49454
10902,0,0,3,6,36,113,5,3,91,153,245,2635,2598,198,148,454,371,146,478,1775,1383,5211,4982,10189
10903,5,4,20,23,213,610,32,11,580,799,1373,9011,9055,635,637,1600,1635,748,2073,5201,4132,17187,17526,34709
11001,3,3,17,28,98,408,10,18,288,538,825,6913,6919,427,514,1066,1365,396,1442,5766,5523,14568,15763,30334
11002,10,5,13,20,116,553,16,34,351,699,1050,7528,7479,621,638,1493,1604,590,1909,5154,4291,15389,15923,31309
11003,4,0,6,14,56,200,7,7,140,268,406,4773,4681,371,359,746,677,321,923,3854,3350,10067,9989,20053
11004,8,8,30,46,250,986,33,45,690,1274,1969,15267,15335,1209,1370,2611,3165,953,3557,11084,9670,31130,33101,64232
11101,13,9,51,84,443,1566,22,59,1201,2076,3279,24377,24463,1417,1791,3838,5480,1448,5148,16084,14009,47159,50890,98050
11102,16,3,44,48,323,1107,18,35,873,1455,2330,15371,15407,940,1128,2527,3429,979,3268,9928,8542,29752,31778,61527
11103,11,21,69,133,555,2168,57,104,1443,2874,4317,28074,28086,2022,2238,5406,7591,1768,6365,29121,25442,66391,69722,136118
11201,15,13,57,94,317,1215,44,47,961,1624,2584,14328,14314,1072,1250,3465,4733,989,3403,11301,10419,31161,34113,65274
11202,6,7,31,69,228,934,31,56,653,1221,1878,12166,12181,1057,1193,2903,3621,773,2872,10879,9545,27778,29417,57199
11203,26,18,104,137,513,1532,41,58,1453,2132,3581,17669,17703,1299,1567,3923,5329,1437,4672,11912,10534,36237,39810,76052
11301,7,6,9,15,147,617,20,16,434,782,1216,9712,9524,656,656,1204,1287,583,2050,6913,5616,19071,19131,38201
11302,0,0,6,6,50,220,10,7,159,276,430,2961,2944,200,208,540,513,224,665,2052,1516,5976,5848,11823
11303,19,6,31,59,299,1134,37,64,833,1475,2309,18260,17791,1204,1358,2691,3346,969,3678,13632,11885,36761,38059,74820
11401,25,4,65,103,474,1291,41,43,1302,1852,3158,20657,20480,1546,1618,4060,4943,1655,4674,12911,10658,40827,42374,83202
11402,8,5,22,47,157,638,14,39,541,889,1430,10511,10526,552,683,1516,2473,543,2120,5483,5059,18610,20867,39475
11501,14,10,25,79,325,1397,21,75,1015,1893,2906,35042,35575,834,1211,1997,3740,969,4163,16559,14661,55394,59352,114744
11502,7,3,7,19,69,273,5,7,237,374,608,6129,6175,231,237,599,769,204,790,3320,2818,10478,10787,21273
11503,9,0,4,10,34,90,3,0,118,136,259,5445,5452,245,283,727,849,171,513,3302,2722,9893,9823,19711
11504,0,0,10,10,25,111,3,6,85,143,230,7527,7599,248,304,570,837,145,592,3903,3327,12395,12658,25058
11601,16,13,36,78,284,959,34,19,735,1259,1998,28257,27969,1515,1848,3124,4419,1085,4278,19310,15479,53287,53991,107280
11602,3,0,16,18,58,232,4,9,183,299,488,20850,20660,767,1014,1594,2460,369,1604,11264,9414,34840,35157,70004
11603,11,5,17,41,114,576,19,41,334,755,1084,19749,19781,1514,1970,2306,3486,781,3325,16696,15432,41045,43988,85030
11701,4,4,22,29,82,361,10,23,265,497,765,8735,8701,481,586,1208,1757,324,1468,8424,7092,19174,19597,38768
11702,10,6,32,28,77,373,35,36,331,528,856,7891,7862,536,635,1660,2048,318,1401,12553,12044,22971,23988,46956
11703,22,10,49,105,182,750,127,110,724,1087,1811,25924,25087,2099,1899,6417,7623,833,3151,68221,58314,103486,96080,199572
11801,15,10,62,148,318,1395,121,148,1179,1987,3166,21399,21718,1005,1153,3257,5170,798,3800,23795,24497,50253,56344,106594
11802,21,18,55,145,339,1390,113,191,1129,2053,3181,23253,22785,1236,1457,3274,4893,934,4040,29808,28018,58494,61195,119690
11901,26,3,67,98,578,1933,58,64,1525,2505,4028,34360,34408,2086,2770,4436,6593,1579,6295,23062,19160,65520,69222,134748
11902,17,9,34,56,288,1124,45,50,1072,1529,2601,29010,28182,1544,1937,3252,4653,941,4291,19528,14698,54269,53763,108033
11903,18,21,33,97,381,1704,45,76,1165,2245,3409,27669,28088,1112,1503,2841,4639,1049,4766,18330,16025,51003,55028,106028
11904,25,12,71,111,415,1500,91,94,1338,2038,3379,29050,28836,1525,1803,3511,5204,1167,4768,21449,18216,56698,58824,115524
12001,13,7,22,68,220,957,29,78,735,1280,2011,18117,18416,690,891,1965,3171,645,2803,12313,12249,33738,37526,71258
12002,3,5,16,47,86,326,33,42,261,466,726,9762,9816,498,630,1717,2694,339,1211,9274,9864,21583,24220,45798
12003,23,21,58,98,361,1556,110,160,1261,2150,3410,29816,29732,1295,1653,3448,5142,955,4770,28059,25143,63569,66447,130010
12101,20,9,32,99,277,1108,44,102,916,1598,2514,24027,24561,790,1055,2220,3773,702,2984,15653,15287,43399,47652,91054
12102,11,4,35,53,190,691,16,45,574,958,1532,18508,18669,606,797,1588,3023,581,2197,9694,8487,30986,33171,64158
12103,20,4,40,99,460,1786,44,113,1500,2543,4039,28468,29408,624,848,1513,3096,1008,4195,12871,12396,44480,49936,94421
12104,8,3,46,100,203,880,57,153,709,1341,2052,18136,18194,900,995,2855,4787,566,2697,14875,16742,37331,43418,80751
12201,7,3,16,45,90,358,14,33,338,557,892,8323,8344,354,399,1157,1612,277,1024,6354,6175,16460,17552,34011
12202,0,7,33,73,187,790,18,35,576,1078,1651,13525,13583,531,664,1731,2659,523,2214,7104,6170,23410,25283,48692
12203,24,14,82,199,530,2042,41,113,1543,2860,4399,31509,31664,1279,1530,3739,5999,1331,5202,20133,17946,57983,62339,120319
12301,8,3,11,22,105,476,6,6,283,592,868,12966,13049,636,894,1285,2236,381,1580,7469,7021,22743,24773,47522
12302,12,11,31,68,215,830,26,27,580,1114,1695,29459,29475,2128,2863,4135,6275,1162,4349,23461,21086,60346,64042,124387
12303,3,0,13,12,81,280,9,9,223,383,605,8687,8754,458,519,1056,1365,322,1048,5313,4650,15835,16340,32176
12401,7,10,29,89,199,770,35,58,548,1077,1622,15379,15408,859,1099,2475,4112,743,2655,10342,9576,29802,32851,62651
12402,0,0,0,0,0,0,0,0,0,0,0,0,0,0,0,4,0,0,0,0,0,3,0,3
12403,12,3,31,64,239,876,22,41,591,1127,1715,26504,26644,1755,2234,3705,5625,1088,3707,20136,18252,53192,56462,109652
12404,3,0,8,27,100,350,12,11,237,456,693,6453,6274,524,609,1183,1793,355,1242,6059,5122,14570,15045,29613
12405,3,4,7,19,67,287,12,8,179,359,535,9616,9600,774,943,1585,2162,375,1490,8710,7606,21059,21808,42867
12501,11,5,17,22,117,492,22,34,348,646,998,20577,18349,968,1089,1981,2609,482,1939,15712,10306,39721,34295,74020
12502,4,3,22,39,146,562,17,24,503,787,1287,14877,15094,546,694,1460,2209,519,2020,8794,7635,26191,27660,53851
12503,28,11,41,82,346,1325,44,47,985,1729,2710,30410,29616,2031,2477,3778,5095,1154,5055,22106,16794,59479,59041,118524
12504,11,3,42,74,366,1293,40,69,935,1661,2597,32567,31614,1265,1484,3066,4583,1039,4312,18941,14650,56880,56645,113525
12601,4,3,12,36,122,507,7,23,438,711,1149,11336,11535,283,358,655,1220,343,1377,6272,5544,18883,20032,38919
12602,13,3,54,134,463,1707,76,210,1355,2428,3780,28679,28901,1031,1229,2703,4468,1083,4505,20531,19169,54024,58273,112299
12701,6,6,16,20,110,400,8,18,312,507,815,20651,20657,1244,1673,2110,3113,545,2511,14131,12168,38679,40118,78799
12702,35,20,41,82,364,1458,41,50,1250,1933,3187,36447,36464,2507,3201,5226,7546,1414,6819,27748,23311,73347,77342,150687
12703,8,9,20,51,180,776,22,24,546,995,1547,23938,23798,1474,1932,2767,4004,753,3590,15871,12965,44798,46288,91086
12801,13,8,45,138,403,1654,42,60,1278,2292,3563,23066,23179,1114,1349,3064,4634,1080,4347,14891,13308,43212,46817,90027
12802,15,7,23,79,323,1151,35,54,843,1537,2381,24185,24298,889,1184,2262,3790,917,3296,13550,11920,41808,44496,86302
19797,0,0,0,0,3,3,0,0,3,7,10,102,119,3,8,10,29,7,21,26,35,157,220,374
19999,6,0,9,9,8,26,7,3,32,48,78,1157,1181,635,257,980,569,143,185,4049,2395,6958,4590,11545
20101,15,12,36,74,281,1198,34,71,801,1603,2398,18574,18671,1278,1730,2978,4684,1049,4015,15828,15034,39714,44132,83848
20102,3,0,16,16,89,316,13,15,233,420,648,5787,5785,377,364,1122,1288,363,1067,3834,3435,11485,11939,23428
20103,3,6,5,17,99,333,11,14,263,439,700,5037,4936,476,407,1248,1249,440,1221,3571,2668,10772,10474,21245
20201,17,16,31,78,325,1194,47,64,886,1632,2515,17017,17106,1232,1559,2784,4335,1012,3651,14043,13499,36093,40147,76243
20202,5,3,19,43,147,500,26,29,433,698,1128,9733,9529,636,659,1884,2321,611,1726,6376,5598,19239,19830,39071
20203,6,0,7,4,49,130,16,3,141,173,311,2459,2455,219,143,541,440,183,483,1433,1110,4841,4624,9469
20301,3,0,0,5,28,126,10,4,97,162,258,4203,4228,230,200,503,549,168,446,2326,1899,7428,7330,14759
20302,29,20,70,141,653,2487,66,119,1845,3343,5191,35367,35051,2290,2934,5509,8197,2057,7753,28823,26492,74047,80427,154470
20303,9,6,26,39,244,872,15,27,723,1154,1869,15959,16020,809,982,2014,2976,793,2602,8093,7636,27678,30213,57894
20401,11,6,31,43,187,635,38,14,565,820,1384,10815,10713,909,885,2224,2424,761,2198,7557,6186,22269,22410,44677
20402,8,3,14,33,225,783,25,40,605,1031,1631,9449,9537,674,732,1648,2077,706,2332,5763,5235,18241,19918,38158
20403,3,8,31,27,199,727,21,29,587,990,1576,14133,14024,943,1055,2433,3122,736,2572,9656,8290,27900,29058,56959
20501,10,3,14,25,123,528,14,22,405,707,1111,10153,10185,600,746,1505,2028,519,1831,6132,5627,18904,20417,39320
20502,9,3,27,22,198,643,14,21,560,839,1395,9704,9663,695,747,1931,2125,717,2206,5521,4697,18560,19432,37995
20503,10,6,35,61,259,884,33,32,752,1204,1954,13103,13046,957,961,2431,3126,854,2840,7349,6507,24686,26481,51170
20504,4,8,35,41,230,858,24,17,655,1106,1759,13338,13431,1111,1358,2677,3267,850,3191,10934,9700,28906,30954,59863
20505,8,0,20,33,147,478,19,18,395,638,1029,8914,8631,655,659,1580,1774,551,1769,6011,4700,17710,17540,35249
20601,12,9,29,34,188,741,43,51,667,1006,1680,13371,13340,722,772,1940,2647,614,2524,19044,19347,35696,38633,74327
20602,3,11,13,23,123,519,34,38,393,692,1089,8097,8121,433,549,1191,1729,392,1547,10187,11380,20301,23327,43625
20603,12,3,27,39,158,673,33,49,525,953,1480,12153,12214,670,850,1599,2423,467,2029,11589,11666,26479,29190,55664
20604,4,3,31,41,139,538,89,131,459,795,1255,16415,16234,1073,1041,2794,3574,437,1740,41027,42902,61748,65498,127245
20605,6,4,42,85,159,615,94,39,565,868,1433,14489,14425,1130,1120,3649,4800,571,2174,23476,23247,43304,45774,89081
20606,13,7,35,61,134,563,59,63,529,830,1352,9280,9505,552,651,1652,2567,394,1806,14836,15442,26714,29973,56683
20607,7,11,28,45,120,424,51,62,445,640,1083,10989,11071,820,973,2481,3522,456,1863,22758,22722,37511,40156,77659
20701,23,13,58,149,487,2239,97,315,1627,3208,4829,34402,35570,1048,1393,2687,5043,1241,5379,26006,25662,65383,73046,138430
20702,15,4,35,78,336,1309,15,43,1178,1818,3004,21646,22287,663,891,1587,2759,942,4032,11421,10089,36258,40064,76324
20703,13,8,49,98,404,1448,43,112,1211,2063,3273,20813,21249,745,981,1911,3532,952,3807,16274,15338,40697,44904,85602
20801,15,14,42,122,416,1723,47,134,1228,2393,3624,21345,21644,765,1027,2271,3971,941,3868,11604,11238,36928,41741,78669
20802,30,20,69,138,550,2098,63,124,1603,2801,4405,29877,30005,1185,1528,3201,5330,1234,5142,22413,21450,57903,63451,121353
20803,27,6,72,115,404,1610,55,94,1235,2161,3393,23273,23332,1324,1631,3433,5495,1155,4521,16244,15140,45419,50110,95538
20804,4,5,11,39,131,488,30,54,411,709,1121,8297,8336,271,317,728,1323,325,1301,6574,6804,16193,18086,34286
20901,23,9,40,102,396,1533,30,52,1188,2066,3253,25245,25384,1196,1511,2845,4710,1180,4352,17463,15966,47926,51928,99850
20902,8,17,29,74,378,1255,59,43,996,1646,2649,17007,16891,1045,1157,2332,3296,1004,3910,17243,15765,38634,41019,79654
20903,7,0,14,21,87,362,13,14,258,462,720,14533,14585,565,685,1376,2162,416,1343,8810,7819,25700,26595,52287
20904,8,5,28,44,374,1123,27,26,980,1458,2440,44756,44882,2420,3248,4505,6944,1480,5637,28808,25020,81967,85741,167708
21001,15,3,19,21,219,753,23,23,706,1003,1713,12950,13001,617,732,1296,2054,611,2622,7854,6765,23324,25176,48500
21002,3,3,5,8,63,194,8,3,166,248,411,6605,6635,318,352,777,1032,238,705,3499,3096,11437,11823,23263
21003,7,7,20,35,366,1303,30,29,987,1635,2626,15035,14775,822,1040,1742,2451,850,3648,11668,9417,30119,31333,61453
21004,5,3,13,11,66,298,14,10,224,399,625,7628,7701,493,645,1125,1670,307,1128,5674,5239,15233,16383,31617
21005,7,7,16,35,191,609,19,10,503,772,1280,32205,32147,1922,2689,3422,4940,945,3951,22890,18661,61389,62385,123772
21101,20,18,41,94,379,1518,36,50,1102,2008,3105,33105,33356,1541,1986,3749,6222,1296,5007,21668,19158,61356,65727,127080
21102,0,0,5,14,76,316,3,8,241,432,668,6198,6277,172,203,469,693,220,863,3303,2880,10358,10918,21275
21103,14,10,42,79,312,1333,28,50,895,1743,2639,22537,22681,1098,1529,2912,5021,1015,3857,14990,13778,42550,46869,89423
21104,3,3,31,58,199,785,22,35,623,1072,1691,13703,13945,481,588,1254,2248,548,2338,7774,6938,23762,26055,49819
21105,19,3,56,71,347,1169,37,42,981,1546,2531,30208,30279,1720,2158,4461,6430,1249,4285,21222,18437,58862,61587,120450
21201,9,6,17,30,140,538,24,27,451,730,1177,18307,18331,1174,1450,2540,3619,643,2165,12604,11703,35266,37261,72532
21202,5,12,26,54,300,971,11,35,763,1274,2043,28196,27858,1360,1781,2970,4559,1018,3736,17862,15047,51408,52981,104387
21203,14,4,30,45,191,679,24,28,506,898,1407,34319,34231,1800,2271,3631,5298,926,3501,22108,18976,62791,64272,127067
21204,26,12,63,99,447,1783,51,64,1408,2346,3755,40270,38632,2174,2516,5084,6978,1597,7111,28814,20489,77934,75725,153660
21205,23,12,40,95,585,2219,49,82,1922,3003,4926,37865,38663,1214,1552,2932,4868,1554,6426,28278,24117,71853,75621,147473
21301,16,11,23,50,344,1375,23,36,961,1737,2699,37530,36876,2529,3173,4836,6866,1460,6120,29121,22886,75476,75921,151396
21302,15,10,30,43,239,881,45,39,720,1188,1910,16445,16469,1014,1218,2393,3310,768,3110,12537,11201,33153,35301,68456
21303,8,13,20,45,174,627,31,37,522,854,1379,13936,13651,980,1083,2173,2975,556,2159,17016,14564,34661,34435,69093
21304,3,7,24,34,169,623,21,11,421,795,1209,29912,29961,1865,2507,3544,5299,875,3232,20631,18430,56815,59435,116252
21305,5,3,19,34,193,758,15,14,529,964,1490,46263,46013,2380,3132,4458,6447,1035,4133,28952,24472,83092,84196,167288
21401,29,7,60,101,392,1292,23,41,1019,1696,2713,23621,23650,1906,2309,4882,7229,1331,4482,20739,18963,52474,56637,109114
21402,43,21,84,147,670,2171,46,69,2036,3022,5059,32811,32857,2052,2438,5227,7941,2033,6754,18964,17082,61091,67067,128156
21501,6,3,30,31,266,1001,56,67,762,1359,2119,12391,12179,886,867,1999,2144,877,3055,8208,6386,24362,24629,48998
21502,3,0,20,34,180,678,26,21,531,889,1419,10289,10241,748,878,1803,2157,630,2358,7777,6771,21243,22402,43642
21503,4,3,16,9,160,596,41,28,498,779,1276,7968,7837,510,516,1213,1256,541,1878,5047,3952,15284,15435,30716
21601,4,4,13,22,158,548,21,18,437,727,1164,7704,7747,542,595,1352,1492,543,1706,4827,4029,14969,15567,30536
21602,4,0,17,11,126,404,19,13,387,547,935,6149,6180,463,474,1081,1139,467,1372,3691,2955,11854,12121,23981
21603,8,9,18,29,174,697,20,23,546,941,1486,12608,12440,911,1101,1920,2462,704,2362,8898,7576,25044,25947,50990
21701,3,3,20,16,174,582,24,16,407,727,1138,7452,7473,489,466,1235,1509,548,1795,4774,3881,14507,15121,29624
21703,4,0,11,18,160,509,31,37,393,661,1053,7490,7455,496,515,1213,1407,513,1754,5380,4187,15094,15331,30421
21704,6,4,19,20,142,636,26,40,476,866,1340,9876,9876,586,738,1407,1952,526,2039,7141,6479,19542,21085,40629
29797,0,0,0,0,0,0,0,0,0,0,0,16,0,3,0,0,0,0,0,9,0,27,4,25
29999,0,0,0,3,4,17,3,3,9,28,38,653,623,351,196,422,328,46,91,2462,1647,3942,2883,6825
30101,7,5,31,39,160,620,17,16,445,825,1276,14655,14662,863,1058,2084,3169,614,2128,9889,8596,28108,29608,57711
30102,17,7,34,68,271,923,24,29,820,1264,2087,17915,17979,1061,1385,2747,3835,861,3200,9908,8686,32483,35078,67566
30103,9,4,24,63,170,688,27,31,455,893,1347,13319,13347,853,1002,2243,3228,560,2184,9211,8495,26188,28255,54445
30201,3,3,18,24,113,511,19,47,342,662,1007,8767,8830,397,501,986,1452,327,1417,5346,5169,15818,17374,33199
30202,13,7,25,61,226,1007,31,75,715,1377,2093,12694,12780,719,906,1987,3035,625,2623,10930,10511,26954,29850,56808
30203,5,0,17,22,70,374,14,81,233,538,773,6766,6703,501,529,1292,1714,255,1104,7194,6350,16004,16401,32413
30204,13,5,37,53,158,628,22,22,482,852,1333,10910,10998,792,897,1913,2932,510,2176,8312,7619,22431,24621,47054
30301,8,7,13,44,140,593,14,32,382,791,1175,10008,10136,424,594,1108,1907,364,1640,7473,7249,19372,21514,40887
30302,11,7,33,55,127,649,29,54,446,895,1336,11588,11555,729,792,2036,2786,462,1836,14771,13790,29584,30762,60344
30303,8,8,21,43,151,697,18,27,486,917,1407,14380,14585,596,761,1497,2472,514,2167,11149,10443,28144,30425,58572
30304,0,0,12,24,89,379,17,16,276,505,783,7290,7284,383,414,936,1363,272,1169,6868,5889,15743,16114,31850
30305,5,3,15,21,101,368,12,15,268,467,731,12487,12633,595,758,1290,1889,352,1353,8217,7355,22938,23984,46926
30306,3,0,12,30,118,459,5,17,303,580,887,10385,10558,393,521,1041,1495,364,1386,8233,6567,20414,20523,40942
30401,3,0,8,16,71,318,5,13,186,406,586,7406,7485,252,325,733,1200,222,896,3880,3615,12486,13518,26009
30402,5,3,7,27,117,424,10,22,349,596,943,10519,10748,285,454,777,1400,329,1188,5319,4823,17232,18617,35848
30403,8,3,10,26,113,411,4,23,332,574,909,8585,8696,367,449,893,1501,262,1167,10832,10817,20936,22621,43562
30404,0,8,18,35,125,601,14,30,363,797,1163,9871,9972,444,611,1130,1988,363,1545,7211,6472,19026,20594,39620
30501,3,7,13,53,72,423,45,115,288,670,956,9193,9167,861,686,2430,2631,316,1243,19089,16544,31891,30267,62160
30502,0,0,8,32,42,198,12,22,139,295,438,6962,7010,420,487,1142,1587,211,681,7465,7298,16209,17068,33278
30503,4,6,26,56,140,629,35,62,413,867,1279,14068,14124,864,956,2570,3233,453,1819,18135,17391,36098,37521,73616
30504,0,5,14,25,66,299,30,33,214,411,626,9397,9441,422,459,1235,1871,244,957,11357,11051,22654,23781,46439
30601,5,3,13,14,45,180,11,4,160,240,398,9816,9995,659,824,1892,2562,311,1056,7609,7076,20281,21509,41791
30602,17,11,34,50,188,762,32,41,508,995,1507,15639,15801,1465,1737,3745,4612,778,2969,17498,15900,39130,41025,80153
30603,4,0,20,25,95,339,17,13,287,438,727,6423,6394,535,455,1398,1202,393,1290,5572,4350,14316,13687,28001
30604,0,3,9,8,30,61,9,0,72,86,159,2022,2019,170,172,572,593,133,300,1969,1754,4867,4830,9701
30605,4,3,23,25,116,407,29,11,399,542,932,7658,7776,565,611,1676,1895,503,1665,5656,4885,16058,16828,32890
30701,6,3,18,16,109,364,31,18,301,467,765,8934,8697,709,604,1495,1243,493,1489,6003,4891,17632,16926,34560
30702,3,0,12,13,123,438,23,29,362,580,937,8702,8715,618,569,1411,1361,484,1535,5560,4321,16777,16496,33273
30703,6,0,20,30,112,464,18,18,363,616,982,8322,8421,587,609,1465,1793,512,1698,5024,4140,15909,16657,32566
30801,0,0,9,3,13,45,9,0,61,67,133,5659,5422,446,344,905,780,163,395,4327,3282,11498,10218,21714
30803,12,7,38,58,301,1066,61,80,869,1441,2306,21778,21391,1659,1817,3917,4662,1220,4066,17338,14721,45908,46664,92567
30804,4,0,3,4,27,103,5,4,87,131,211,3132,3037,204,184,400,341,128,444,1910,1379,5769,5383,11152
30805,6,4,14,12,71,246,10,14,186,325,509,12046,11877,966,915,2197,1998,442,1313,8934,7009,24583,23119,47696
30901,3,3,49,80,177,714,26,26,601,1023,1625,10903,11032,859,974,2549,3476,607,2336,10265,9522,25172,27341,52515
30902,9,3,50,78,209,699,34,23,628,974,1602,9514,9590,778,907,2301,3222,650,2123,8012,7296,21252,23136,44386
30903,15,13,56,86,262,894,32,27,758,1245,2001,12363,12495,951,1321,2842,4506,832,3053,9447,8626,26440,29993,56429
30904,3,0,6,5,28,85,8,3,128,123,253,3969,4003,267,301,787,1023,154,474,2237,1966,7416,7763,15178
30905,3,0,11,10,48,169,7,4,151,218,369,6982,7047,349,468,898,1441,203,677,3989,3703,12422,13329,25756
30906,9,4,16,25,156,502,16,9,465,726,1192,12874,13063,888,1190,2164,3100,493,1833,9429,8506,25841,27693,53531
30907,4,3,22,41,129,505,13,5,409,716,1119,23168,23358,1506,1924,3169,4552,644,2169,15977,15144,44461,47152,91615
30908,8,3,32,39,162,660,4,17,450,857,1307,9247,9383,559,819,1424,2613,415,1864,7324,7130,18967,21817,40781
30909,11,8,50,68,197,807,29,35,544,1062,1605,9492,9626,767,1057,2276,3269,575,2361,11106,9676,24212,25995,50206
30910,9,9,25,29,97,325,18,13,321,466,785,7350,7391,626,673,1900,2347,377,1297,7743,6420,18003,18129,36129
31001,3,0,16,33,120,516,20,24,364,681,1046,13186,12553,1110,1185,2083,3046,495,2130,11710,9460,28589,28379,56975
31002,14,7,29,18,129,447,34,17,401,583,979,12572,12444,1056,1063,2450,2580,657,1906,8577,7101,25306,25094,50400
31003,8,7,28,39,226,818,36,47,630,1068,1699,17553,17702,1632,2078,3241,4589,943,3199,16131,14315,39501,41872,81372
31004,0,0,15,12,46,168,7,5,149,235,387,13969,14070,1146,1540,2065,2869,379,1320,12521,11671,30078,31462,61542
31101,0,0,5,12,60,141,7,8,134,195,328,2644,2610,247,277,535,662,183,518,1865,1610,5470,5682,11152
31102,10,0,23,36,87,238,6,3,251,327,580,6631,6659,642,865,1476,2050,395,1304,6299,5795,15452,16671,32120
31103,4,0,14,21,85,381,8,17,270,492,761,13600,13724,1162,1500,2237,2975,486,1928,12137,10918,29628,31043,60673
31104,0,3,3,3,38,78,0,0,104,110,214,9157,9231,626,679,1171,1446,235,675,6148,5325,17337,17362,34696
31105,7,7,17,41,113,462,5,16,328,609,937,11155,11189,782,1008,1758,2622,462,1801,8717,7823,22874,24443,47315
31106,10,0,27,35,114,402,7,16,312,547,861,13538,13387,1146,1381,2341,3374,636,2122,11934,10176,29599,30446,60044
31201,0,0,8,5,46,153,10,0,133,181,313,6600,5984,580,451,1361,974,290,696,5160,3797,14000,11903,25902
31202,16,11,31,51,203,776,26,25,618,1027,1645,22678,22335,1698,1859,3940,4192,1013,3266,16761,13452,46089,45114,91204
31203,0,0,6,8,30,97,3,3,75,120,203,3697,3683,354,321,877,831,191,436,3876,3140,8985,8410,17403
31301,9,7,39,39,144,452,17,11,496,647,1143,7576,7634,643,646,1641,1889,596,1831,3311,2839,13768,14852,28623
31302,6,4,30,38,157,520,29,27,453,701,1158,11038,11128,1095,1414,2302,3113,566,2001,10122,9531,25126,27186,52306
31303,0,0,4,5,30,112,7,0,81,132,212,2862,2589,262,210,548,526,129,410,2140,1238,5954,4971,10926
31304,5,3,16,27,131,358,13,4,347,480,829,12007,12119,863,1071,1850,2729,525,1660,8541,7647,23785,25220,49003
31305,20,11,45,77,237,951,37,58,671,1270,1941,10717,10782,1028,1317,2590,3821,789,3052,8191,7363,23313,26341,49651
31401,8,0,11,25,105,353,9,13,288,475,765,19496,19694,733,937,1847,2800,463,1574,10356,9207,32891,34207,67098
31402,8,3,15,17,103,479,11,9,302,599,906,13125,13305,919,1281,1811,2739,385,1657,9387,9137,25632,28126,53757
31403,0,4,7,15,53,248,12,12,173,326,499,6808,6815,520,662,1213,1851,239,942,5585,4882,14361,15152,29509
31501,3,0,3,3,26,44,18,10,86,74,166,4106,3661,407,288,901,647,255,564,7256,6045,12930,11207,24134
31502,4,3,3,3,22,71,14,9,69,96,158,4739,4430,383,336,896,782,247,565,5585,4696,11850,10805,22650
31503,0,0,10,4,45,173,18,3,134,208,343,3482,3401,255,228,596,527,223,665,2549,2322,7111,7144,14253
31601,6,3,29,45,162,668,15,22,581,925,1508,11281,11340,518,775,1371,2646,462,2046,6648,6691,20280,23501,43785
31602,16,9,43,92,322,1188,23,28,992,1621,2618,16786,16969,1053,1351,2748,4301,926,3529,9753,8664,31267,34811,66079
31603,9,10,28,53,185,661,23,24,552,945,1496,10514,10564,874,981,2509,3669,641,2262,8299,7740,22842,25215,48062
31605,7,0,36,55,136,553,13,17,489,776,1266,8738,8819,500,687,1619,2390,427,1641,4791,4374,16079,17913,33986
31606,3,5,24,32,122,373,19,10,387,530,918,10728,10790,667,773,1900,2449,447,1481,6046,5378,19781,20870,40653
31607,3,4,17,34,104,452,21,11,370,618,995,8512,8544,541,709,1553,2221,410,1459,5533,4808,16552,17741,34293
31608,7,0,3,12,31,111,3,5,130,162,291,4762,4820,291,334,938,1109,187,582,2598,2226,8781,9059,17842
31701,21,12,56,87,367,1705,58,107,1197,2231,3431,29272,29422,1753,2205,4070,6294,1292,5687,20545,18687,56937,62298,119233
31801,9,7,26,14,131,546,21,16,406,683,1087,8291,8322,532,528,1426,1381,545,1885,6323,4937,17115,17047,34163
31802,17,16,54,76,289,1055,53,43,890,1417,2305,31947,32015,2470,3133,5983,7805,1328,4674,32303,27432,74031,75060,149093
31901,13,6,42,62,279,1004,40,34,903,1358,2264,17840,17866,1386,1629,3397,4062,1124,3943,11238,9712,34977,37207,72178
31902,9,3,36,35,157,452,26,24,475,623,1100,9882,9734,843,836,2115,2057,686,1946,6464,5238,19990,19809,39803
31903,4,4,33,30,114,427,24,29,420,616,1038,9917,9983,865,905,2307,2560,575,1894,6183,5258,19848,20592,40444
31904,16,7,43,46,199,673,25,16,632,914,1553,11816,11886,914,1187,2279,3052,801,2678,6449,6044,22256,24843,47094
31905,11,3,29,40,140,430,25,15,412,593,1002,9197,9077,870,831,2206,2274,625,1900,5906,4535,18805,18614,37422
39797,0,0,0,0,0,0,0,0,0,0,4,30,33,0,3,11,17,0,18,21,17,65,81,144
39999,0,0,3,0,5,18,0,0,19,18,44,1793,2015,546,218,932,626,134,174,3106,2148,6509,5179,11693
40101,0,0,5,17,35,153,15,19,141,238,379,2792,2709,293,221,807,841,130,498,6692,5883,10704,10146,20850
40102,7,3,37,31,170,610,11,18,501,783,1282,15759,15831,732,872,2063,2967,591,1963,9179,7991,28330,29628,57955
40103,7,13,21,48,190,788,17,50,580,1079,1666,9679,9928,304,443,1023,1801,454,1934,5505,5340,16967,19450,36413
40104,6,4,28,53,200,801,25,23,640,1044,1686,10958,11015,433,584,1227,2061,552,2431,7029,5977,20201,22063,42269
40105,0,3,15,59,159,594,18,54,459,852,1314,6588,6641,340,433,1128,1733,380,1604,5891,5570,14327,15976,30307
40106,3,0,17,34,94,355,13,33,292,495,787,5707,5669,240,321,788,1077,243,971,4609,3857,11587,11891,23476
40107,15,4,16,59,167,848,24,60,490,1146,1637,7323,7394,313,374,1011,1722,357,1686,5736,5814,14743,16994,31733
40201,4,4,19,16,112,324,10,8,305,443,749,6762,6832,480,600,1117,1516,397,1223,4872,4250,13634,14412,28045
40202,3,5,26,50,233,658,13,12,540,875,1414,13701,13741,1521,1694,2945,3914,880,2886,15006,13210,34057,35441,69496
40203,13,8,27,60,202,777,28,26,598,1026,1620,13479,12811,760,850,1931,2859,616,2495,11155,8978,27944,28005,55944
40204,12,9,38,75,302,1001,13,18,788,1302,2089,25242,25110,1790,2287,4300,5899,1302,4432,21584,17711,54215,55429,109646
40205,13,7,21,43,279,959,10,18,783,1265,2044,20343,20492,992,1334,2594,3982,1008,3363,12355,10724,37296,39888,77192
40301,5,3,25,57,195,847,22,40,534,1105,1635,6767,6802,405,431,1245,1836,441,1862,4872,4554,13735,15480,29217
40302,4,9,35,113,344,1363,25,44,963,1846,2811,17415,17538,910,1246,2777,4496,907,3620,13777,12765,35790,39673,75460
40303,14,13,18,67,276,1060,16,50,788,1430,2210,13766,13866,503,649,1533,2522,634,2429,8488,7974,24924,27445,52364
40304,26,13,69,104,425,1564,12,40,1319,2164,3479,32653,32793,2126,2609,5723,8533,1543,5399,24030,21186,66070,70521,136595
40401,23,13,56,94,454,1725,43,58,1298,2270,3567,20736,20868,1337,1497,3569,4928,1211,5005,17611,14973,44461,47279,91738
40402,9,11,40,53,204,787,32,29,565,1016,1584,9854,9777,825,1010,2352,3070,643,2587,10061,8696,23735,25129,48861
40403,5,3,35,69,261,1026,43,78,784,1431,2214,11479,11533,621,718,1905,2530,648,2703,10624,9451,25272,26930,52206
40501,5,0,10,15,96,357,3,16,306,500,798,7728,7774,457,470,1128,1301,400,1280,4463,3742,14180,14561,28742
40502,4,3,6,12,93,340,8,14,237,435,671,4929,4900,325,288,898,828,314,1028,2858,2155,9322,9200,18521
40503,8,3,11,15,114,435,22,12,288,536,826,5365,5390,413,442,1070,1089,405,1461,3880,3064,11136,11445,22581
40504,4,3,13,10,125,428,24,11,371,534,909,5736,5690,383,305,1174,1007,457,1392,3005,2337,10751,10732,21485
40601,9,5,22,39,164,600,28,13,505,805,1314,10828,10738,787,789,1954,2084,686,2218,8721,6809,22969,22633,45608
40602,3,0,13,8,43,174,15,4,123,213,338,4715,4145,491,420,976,797,273,845,4851,3635,11303,9828,21128
40701,14,0,35,44,237,763,22,22,771,1105,1874,11744,11728,662,720,2076,2676,744,2387,5466,4747,20695,22259,42948
40702,12,6,27,33,198,789,27,23,643,1024,1671,13686,13287,852,841,2209,2457,738,2575,8954,6901,26442,26056,52496
40703,10,9,40,44,247,913,32,22,723,1175,1892,14279,14009,1149,1093,2835,2723,905,3083,9991,7656,29149,28572,57726
49797,0,0,0,0,0,0,0,0,0,0,0,3,0,0,0,0,0,0,0,0,0,6,0,3
49999,0,0,0,0,5,7,3,0,13,7,22,311,311,141,86,220,110,40,27,920,487,1627,1016,2648
50101,4,3,16,30,137,478,10,15,426,649,1079,10596,10665,567,709,1575,2146,468,1591,6330,5676,19529,20784,40312
50102,10,3,19,50,206,836,16,23,679,1111,1792,20543,20636,1390,1602,3372,4226,875,3185,13847,11889,40029,41546,81572
50103,3,0,6,20,51,219,9,11,172,274,451,4952,4939,324,346,893,1002,249,827,2892,2266,9303,9377,18684
50201,15,5,52,81,314,980,18,17,1025,1388,2416,19934,20183,1432,1717,3509,4637,1127,3724,12183,10730,38182,40991,79180
50301,9,3,29,80,187,924,21,49,678,1271,1948,14089,14363,419,558,1420,2338,500,2278,10120,9219,26549,28748,55294
50302,9,9,61,72,203,976,76,123,671,1339,2007,17659,17485,1146,1101,3208,4130,651,2708,21002,18944,43655,44363,88022
50401,11,10,43,70,213,894,20,30,639,1169,1809,15450,15359,968,1066,2557,3590,694,2810,13509,11403,33181,34226,67399
50402,3,5,21,21,80,292,9,6,279,400,683,9091,8547,624,591,1410,1693,363,1142,6541,4645,18026,16615,34645
50403,12,4,19,50,150,583,10,20,486,797,1283,24469,24635,1607,2063,3307,5150,722,2678,19220,16661,49324,51189,100512
50501,18,6,38,83,255,1138,9,30,863,1539,2401,34555,34852,1422,1784,3582,5574,1036,3934,20908,17524,61511,63664,125175
50502,27,22,74,175,482,2139,50,81,1655,2878,4532,37388,37231,2048,2468,5555,8606,1447,6779,30754,27323,77194,82409,159600
50503,6,3,36,53,236,883,22,20,726,1165,1895,36624,36877,2071,2723,4101,6744,1020,3976,26944,23709,70750,74029,144780
50601,6,3,21,24,122,400,17,11,372,542,917,15190,15296,997,1195,2292,3074,524,1867,11507,9942,30507,31365,61871
50602,6,6,24,53,164,604,29,16,467,806,1279,12425,12076,915,1000,2429,3007,521,2105,14226,11248,30521,29443,59958
50603,7,8,35,77,237,1135,33,62,703,1512,2209,19290,19340,792,927,2003,3158,674,3101,15645,12544,38399,39066,77471
50604,9,4,32,36,183,658,20,13,554,876,1431,24339,23626,1324,1545,2944,3957,778,3090,17866,13952,47250,46159,93412
50605,4,3,8,47,110,400,8,13,366,558,922,12030,12138,644,770,1579,2248,474,1685,8042,6661,22772,23505,46275
50606,0,0,4,0,27,76,7,0,88,103,189,5446,5376,292,328,655,790,149,389,3778,3266,10323,10153,20475
50607,5,3,11,54,138,571,17,32,358,778,1136,7974,8072,424,512,1168,1966,335,1421,7467,6591,17370,18567,35933
50701,11,6,30,51,180,701,24,24,485,925,1413,20286,20447,1077,1365,2685,3792,680,2629,15171,13378,39897,41600,81504
50702,3,3,23,40,106,440,25,16,328,577,901,6395,6397,467,486,1437,2002,334,1312,6334,5942,14969,16145,31121
50703,5,3,8,3,38,152,4,0,123,200,324,7124,6768,542,577,1083,1456,241,798,6480,5167,15469,14768,30236
50704,16,8,41,103,334,1562,23,51,1128,2121,3244,21967,22322,788,1109,2210,3897,888,3878,13862,12557,39713,43761,83478
50705,14,3,40,52,247,756,14,18,686,1025,1712,23577,23682,1619,2072,3649,4811,957,3118,18016,15693,47817,49377,97197
50901,15,4,28,31,187,634,26,10,597,864,1467,12384,12082,875,876,2055,2550,693,2236,7840,6460,23858,24203,48062
50902,10,6,20,23,134,420,21,11,403,561,964,12197,11750,931,771,2320,2131,652,1799,7761,5497,23859,21946,45809
50903,7,0,10,7,55,168,14,3,184,231,412,4419,4298,312,300,726,675,224,706,2640,1944,8320,7922,16241
51001,3,0,4,6,28,49,3,12,52,69,117,4544,4348,446,465,1000,933,195,518,6743,6798,12921,13063,25984
51002,0,0,0,0,9,8,3,8,19,21,40,5297,3313,551,282,913,516,76,191,5350,3537,12193,7833,20024
51003,0,0,3,0,9,3,0,0,15,7,22,8417,4592,645,324,1282,701,110,176,7227,4005,17674,9794,27474
51101,3,0,3,3,41,132,6,3,106,166,276,3144,3130,227,211,515,557,157,559,2414,1820,6446,6284,12732
51102,0,0,6,3,13,39,4,0,41,49,92,1662,1588,155,126,429,319,84,206,1621,1355,3948,3594,7545
51103,3,0,5,3,21,92,3,0,69,110,178,6857,6261,694,520,1247,1109,240,711,7351,5426,16387,14029,30412
51104,9,3,20,21,137,341,23,9,400,467,866,10378,10011,772,824,2008,1971,576,1661,8353,6800,22083,21271,43355
59797,0,0,0,0,0,0,0,0,3,0,3,199,5,10,0,29,3,0,0,169,14,408,26,434
59999,0,0,0,0,3,12,3,0,12,11,23,782,732,268,109,499,263,43,71,1740,1058,3336,2220,5559
60101,0,0,0,7,17,59,5,5,56,91,143,2697,2717,228,270,519,706,146,457,2670,2675,6268,6827,13092
60102,6,3,15,43,211,730,9,22,531,936,1468,10264,10162,637,770,1772,2684,643,2227,7315,6640,20637,22479,43120
60103,8,9,24,35,190,617,22,33,485,808,1292,8472,8466,780,979,2019,2876,720,2460,8796,7862,20790,22642,43428
60104,4,0,10,26,77,313,10,19,248,433,679,6746,6825,343,450,957,1544,285,1141,4004,3887,12329,13852,26181
60105,9,3,21,41,155,684,15,60,470,933,1402,8982,8964,513,609,1591,2329,440,1792,9369,8736,20895,22426,43315
60106,4,0,13,3,43,129,4,3,117,170,286,3068,3075,242,274,704,857,182,519,2230,1975,6422,6703,13123
60201,7,7,37,55,271,1107,27,56,745,1446,2189,14565,14577,927,1264,2588,4075,964,3563,12597,11389,31642,34863,66510
60202,0,0,11,14,79,188,15,16,190,260,456,4937,4926,348,322,909,1025,305,864,2676,2350,9171,9488,18665
60203,9,0,14,12,114,323,16,15,293,433,728,7771,7749,624,487,1626,1633,553,1529,4894,3982,15469,15381,30849
60301,3,3,0,4,20,43,5,9,54,68,125,2233,2237,210,147,568,417,176,312,1644,1250,4836,4352,9191
60302,3,0,8,7,52,114,8,12,127,166,298,3905,3898,287,252,875,956,225,626,2618,2175,7906,7912,15817
60303,0,3,6,3,25,57,12,3,87,84,172,1498,1493,141,113,403,295,130,340,837,637,3006,2881,5887
60401,3,9,11,40,158,574,30,20,462,749,1207,9228,9298,666,808,1697,2298,668,2321,6452,5778,18718,20499,39213
60402,13,7,25,28,122,527,22,17,386,701,1083,8867,8903,598,740,1717,2176,529,2019,5768,5196,17476,19026,36508
60403,4,0,8,3,35,109,0,3,99,134,233,3321,3307,328,268,693,626,215,602,2600,1997,7158,6801,13955
69797,0,0,0,0,0,0,0,0,0,0,0,27,8,0,0,3,0,0,0,20,6,49,18,73
69999,0,0,0,0,0,0,0,0,0,0,3,87,81,37,32,62,60,6,12,298,174,481,350,835
70101,0,0,11,7,19,72,3,3,73,96,166,4738,4261,351,279,994,920,135,392,5742,4454,11967,10301,22269
70102,3,5,8,21,48,116,10,5,123,180,309,9874,9622,632,728,1533,1928,292,1116,9116,7840,21442,21236,42671
70103,3,0,0,0,9,21,3,0,29,35,63,4890,3548,414,248,951,695,120,284,5473,2733,11846,7506,19349
70104,3,0,6,0,11,31,10,4,46,46,85,5538,5452,367,456,887,1094,119,420,5654,5022,12572,12445,25016
70201,3,0,5,11,26,100,8,11,67,127,195,6318,6066,475,628,881,1059,255,863,5994,5819,13921,14429,28350
70202,0,0,0,0,0,7,3,0,3,14,17,827,797,94,87,125,116,46,111,1053,901,2144,2008,4156
70203,0,0,0,3,8,11,0,3,14,23,36,2462,2409,196,171,409,330,125,341,2933,2619,6125,5869,11998
70204,0,0,0,0,0,3,0,0,0,5,8,2242,2222,140,152,169,229,104,350,1984,1705,4640,4656,9295
70205,0,0,0,3,6,16,11,3,30,26,56,3152,3061,279,260,456,439,131,371,3132,2625,7149,6751,13906
79797,0,0,0,0,0,0,0,0,0,0,0,30,3,0,0,0,4,0,0,24,7,61,9,72
79999,0,0,0,0,0,0,0,0,0,0,0,406,402,61,31,143,85,26,28,605,491,1240,1043,2281
80101,3,9,16,50,169,630,20,35,523,878,1398,18685,18618,874,1108,2311,3818,672,2460,15429,14040,37964,40050,78013
80103,0,0,3,0,0,8,0,0,6,8,17,306,168,52,26,128,65,16,38,510,145,1012,443,1455
80104,0,0,3,5,26,74,3,0,101,105,210,14867,14908,545,715,1242,2174,203,798,9485,9037,26346,27624,53975
80105,6,3,30,45,128,461,15,17,416,641,1058,7697,7524,469,490,1380,1838,335,1319,13237,12109,23115,23284,46406
80106,3,0,16,27,109,442,9,17,304,575,881,5372,5311,304,286,721,1132,270,1006,4415,4251,11079,11990,23075
80107,3,0,14,38,96,420,11,5,333,588,923,17244,17324,850,1175,2356,3885,517,1990,12074,11048,33046,35420,68469
80108,4,0,15,23,84,274,5,10,223,364,586,4842,4877,217,262,660,1062,263,863,2707,2617,8682,9675,18358
80109,3,0,18,34,128,469,8,24,408,666,1076,7363,7404,327,333,848,1427,339,1369,4854,4342,13732,14872,28604
80110,0,0,0,0,0,3,0,0,3,3,3,884,877,28,48,89,104,11,41,699,809,1713,1884,3601
80111,0,0,0,3,0,0,0,0,0,3,3,129,126,7,0,11,21,3,4,87,74,239,229,464
89797,0,0,0,0,0,0,0,0,0,0,0,0,0,0,0,0,0,0,0,0,0,0,0,0
89999,0,0,0,0,0,3,0,0,0,3,3,35,27,27,12,42,39,3,10,180,131,297,209,506
90101,0,0,0,0,0,3,0,0,0,3,3,463,358,41,10,69,25,15,27,385,146,963,563,1526
90102,0,0,0,0,0,0,0,0,0,0,0,159,155,3,0,11,9,0,8,39,43,211,216,430
90103,0,0,0,0,0,0,0,0,0,0,0,40,33,8,3,10,8,9,17,112,78,175,140,312
90104,0,0,0,3,7,19,0,0,25,24,45,349,351,22,41,92,108,24,83,183,206,660,787,1450
99797,0,0,0,0,0,0,0,0,0,0,0,3,0,0,0,0,0,0,0,3,0,3,0,6
99999,0,0,0,0,0,0,0,0,0,0,0,4,9,0,0,7,3,0,0,3,10,21,30,46