LGA_CODE_2016,Ot_ty_Ed_Ins_Pt_st_C06_P,Ot_ty_Ed_Ins_Pt_st_C11_M,Ot_ty_Ed_Ins_Pt_st_C11_F,Ot_ty_Ed_Ins_Pt_st_C11_P,Ot_ty_Ed_Ins_Pt_st_C16_M,Ot_ty_Ed_Ins_Pt_st_C16_F,Ot_ty_Ed_Ins_Pt_st_C16_P,O_t_E_I_F_P_s_s_ns_C06_M,O_t_E_I_F_P_s_s_ns_C06_F,O_t_E_I_F_P_s_s_ns_C06_P,O_t_E_I_F_P_s_s_ns_C11_M,O_t_E_I_F_P_s_s_ns_C11_F,O_t_E_I_F_P_s_s_ns_C11_P,O_t_E_I_F_P_s_s_ns_C16_M,O_t_E_I_F_P_s_s_ns_C16_F,O_t_E_I_F_P_s_s_ns_C16_P,Oth_ty_Edu_Ins_Tot_C06_M,Oth_ty_Edu_Ins_Tot_C06_F,Oth_ty_Edu_Ins_Tot_C06_P,Oth_ty_Edu_Ins_Tot_C11_M,Oth_ty_Edu_Ins_Tot_C11_F,Oth_ty_Edu_Ins_Tot_C11_P,Oth_ty_Edu_Ins_Tot_C16_M,Oth_ty_Edu_Ins_Tot_C16_F,Oth_ty_Edu_Ins_Tot_C16_P,Type_Educ_Insti_ns_C06_M,Type_Educ_Insti_ns_C06_F,Type_Educ_Insti_ns_C06_P,Type_Educ_Insti_ns_C11_M,Type_Educ_Insti_ns_C11_F,Type_Educ_Insti_ns_C11_P,Type_Educ_Insti_ns_C16_M,Type_Educ_Insti_ns_C16_F,Type_Educ_Insti_ns_C16_P,Tot_C06_M,Tot_C06_F,Tot_C06_P,Tot_C11_M,Tot_C11_F,Tot_C11_P,Tot_C16_M,Tot_C16_F,Tot_C16_P
LGA10050,153,65,126,191,93,159,252,3,3,7,0,4,4,3,4,8,76,142,216,107,152,256,133,223,357,1731,1684,3412,1553,1557,3110,1902,2004,3902,7132,7810,14943,6937,7791,14729,7283,8145,15435
LGA10130,82,23,59,84,34,53,89,5,0,5,0,0,0,0,0,0,30,79,105,37,77,112,50,67,121,952,990,1941,972,1092,2068,1176,1267,2442,5224,5740,10960,5169,5678,10847,5364,5914,11275
LGA10250,145,49,106,153,42,100,141,0,0,0,3,0,3,0,0,3,47,123,172,64,124,190,61,119,186,1190,1378,2566,1108,1155,2268,1574,1737,3309,5345,5931,11274,5199,5652,10849,5676,6118,11793
LGA10300,5,0,6,7,3,3,8,0,0,0,0,0,0,0,0,0,5,7,6,0,16,14,5,5,9,117,83,202,137,105,242,147,128,273,387,325,707,359,328,690,369,348,712
LGA10470,113,40,89,128,50,100,153,3,3,4,0,7,4,0,3,3,52,83,130,52,109,160,75,132,211,1774,1092,2870,1949,1316,3258,2398,1655,4052,6650,6121,12768,6971,6553,13527,7487,7121,14604
LGA10550,117,31,83,112,24,77,97,0,0,0,0,3,3,0,3,3,43,105,147,42,90,131,42,85,129,1006,1064,2068,963,1064,2025,1448,1538,2982,4257,4545,8803,4026,4413,8441,4237,4559,8796
LGA10600,67,11,40,47,14,30,45,0,0,0,0,0,0,0,0,5,16,61,78,16,43,56,12,40,55,435,453,884,327,308,629,482,535,1017,1803,1992,3794,1737,1879,3618,1687,1926,3617
LGA10650,16,9,4,14,6,12,20,0,0,0,0,0,0,0,0,3,5,14,19,15,10,22,11,16,28,226,223,453,309,326,641,453,472,925,1025,1072,2102,1047,1127,2172,1134,1236,2373
LGA10750,1051,549,903,1451,617,1077,1698,29,33,61,21,34,56,22,28,45,661,971,1632,975,1424,2402,1282,1808,3090,11951,11048,23003,10423,9447,19873,10627,9927,20552,46601,45594,92193,49792,49277,99065,55043,54952,109991
LGA10800,11,3,13,16,4,11,16,0,0,0,0,0,0,3,0,3,0,6,11,3,13,19,4,16,19,185,192,373,148,137,289,365,376,742,838,947,1788,754,856,1614,925,1012,1940
LGA10850,13,4,15,17,4,16,19,0,0,0,0,0,0,0,3,3,4,9,21,4,23,26,3,22,20,176,163,342,246,239,482,301,277,573,955,975,1929,995,1102,2091,1086,1172,2262
LGA10900,403,139,272,411,107,246,349,3,5,7,3,3,3,0,3,6,186,357,545,197,332,523,172,335,507,2124,2269,4392,2309,2294,4597,1848,1968,3820,11409,11850,23257,11518,12068,23588,10924,11634,22558
LGA10950,3,0,5,11,0,0,4,0,0,0,0,0,0,0,0,0,0,4,3,3,10,10,0,4,4,83,80,167,137,133,268,167,165,327,383,371,760,459,440,898,397,448,852
LGA11100,133,80,124,207,125,193,322,0,7,8,5,0,5,3,5,4,80,123,205,158,198,352,252,379,637,1694,1756,3445,1538,1501,3044,1701,1721,3419,5572,5502,11080,6042,5917,11960,7546,7559,15104
LGA11150,6,0,6,9,0,3,6,0,0,0,0,0,0,0,0,0,0,6,8,4,6,14,0,3,6,185,162,345,252,234,490,267,266,536,521,481,997,504,500,1004,488,522,1012
LGA11200,3,3,3,4,0,3,7,0,0,0,0,0,0,0,0,0,0,3,4,5,4,7,0,3,6,165,104,267,66,63,129,123,78,196,351,320,672,229,269,500,275,262,538
LGA11250,65,20,47,68,23,43,71,0,0,0,0,3,3,3,3,5,24,69,88,29,63,96,37,61,92,927,934,1857,898,933,1830,822,810,1634,2834,2936,5768,2640,2794,5433,2369,2544,4914
LGA11300,197,82,148,237,135,178,312,3,3,9,3,4,11,3,5,13,175,190,362,244,272,514,324,380,698,1538,1457,2996,1211,1079,2288,1019,1076,2098,5566,5617,11185,5493,5600,11094,6165,6664,12822
LGA11350,192,56,134,194,66,132,192,0,4,4,0,3,7,0,3,5,76,177,248,80,175,263,80,168,250,1542,1435,2978,1123,1022,2149,2052,2085,4136,4802,4859,9661,4319,4589,8909,4941,5348,10292
LGA11400,38,17,23,37,4,28,29,0,0,0,0,0,0,0,0,0,12,34,47,17,28,43,10,32,43,372,328,695,281,316,596,563,564,1127,1762,1805,3561,1728,1896,3624,2045,2208,4253
LGA11450,210,62,178,243,82,227,317,7,3,6,3,5,7,0,3,3,88,183,272,92,224,321,123,307,425,1426,1549,2974,1471,1396,2870,1902,2048,3947,7903,8244,16151,8906,9237,18139,11893,12626,24523
LGA11500,540,212,429,645,225,537,769,13,22,27,11,11,23,6,11,24,248,480,724,338,577,916,430,861,1288,6294,6402,12701,5351,5592,10945,4953,5616,10570,24404,24844,49245,23055,24040,47096,23984,25344,49326
LGA11520,358,132,286,417,212,337,549,0,3,3,0,4,7,3,8,8,174,314,492,198,405,604,388,531,917,2872,2868,5739,2818,2617,5435,2522,2748,5277,9585,9853,19439,11038,11273,22317,12551,13308,25854
LGA11570,1387,645,1034,1677,695,1400,2097,48,43,96,32,34,69,38,44,81,825,1334,2161,1269,1697,2968,1539,2496,4037,14969,14408,29379,13976,13082,27057,11911,11761,23678,49674,48805,98478,53033,51722,104756,56841,56648,113490
LGA11600,12,0,4,4,0,9,12,0,0,0,0,0,0,0,0,0,3,7,12,0,4,6,0,9,9,143,97,239,66,64,129,142,123,261,430,420,844,328,347,672,368,402,776
LGA11650,1263,430,971,1405,437,958,1394,23,30,51,13,17,36,5,19,26,489,1110,1606,599,1212,1806,657,1296,1952,12052,13053,25103,10293,10968,21259,10230,11303,21528,44946,47072,92020,44607,47840,92446,45483,48877,94365
LGA11700,3,0,0,3,0,4,4,0,0,0,0,0,0,0,0,0,6,9,12,3,6,7,8,9,14,143,95,242,129,62,187,186,151,334,315,275,592,301,273,570,303,292,597
LGA11720,133,69,116,185,40,153,191,0,7,7,6,7,12,3,7,11,57,122,176,99,158,253,76,203,278,2039,1694,3734,2195,1744,3935,2930,2291,5222,7151,6779,13931,7598,7355,14954,8512,8332,16844
LGA11730,179,68,118,182,37,93,129,3,7,5,0,3,3,3,3,7,68,163,235,99,138,233,74,131,209,1883,1593,3477,1745,1565,3309,2406,2137,4546,7002,6936,13933,6685,6947,13634,6974,6977,13949
LGA11750,11,3,7,15,6,11,16,0,0,0,0,0,0,0,3,3,3,13,18,3,10,12,12,14,24,296,227,523,238,208,448,318,273,592,810,742,1553,720,690,1408,748,767,1517
LGA11800,292,88,203,298,100,214,320,0,7,9,0,8,4,3,10,12,102,272,372,128,283,410,172,297,473,2260,2247,4513,2196,2291,4486,2826,3053,5879,9813,10351,20163,9748,10668,20413,10290,11396,21687
LGA12000,5,3,6,10,0,5,6,0,0,0,0,0,0,0,0,0,0,10,8,12,11,26,0,3,7,98,111,207,144,146,293,253,244,502,574,640,1206,593,664,1258,713,728,1440
LGA12150,3,10,5,9,4,3,3,0,0,4,0,0,0,0,0,0,3,4,10,10,6,15,4,3,3,148,153,301,199,179,372,337,332,667,577,661,1234,558,618,1179,646,688,1334
LGA12350,22,6,31,41,18,20,37,3,0,3,0,0,0,0,0,0,20,27,48,14,33,44,22,34,51,417,397,816,561,503,1065,582,601,1185,1766,1772,3542,1795,1839,3633,1667,1829,3499
LGA12380,893,500,692,1191,619,937,1555,17,26,38,40,41,84,24,23,47,658,854,1512,1115,1259,2381,1381,1737,3118,9288,8639,17924,9062,8146,17210,7360,7100,14466,30863,29433,60293,33279,31994,65266,35755,34781,70534
LGA12700,20,8,18,34,3,24,24,0,0,0,0,0,0,0,0,0,15,31,42,8,25,37,5,25,32,302,310,613,259,260,523,376,374,753,1198,1256,2453,1134,1189,2321,1303,1335,2636
LGA12730,20,8,18,28,4,21,27,0,0,0,0,0,0,0,0,0,12,17,25,8,20,29,5,30,37,379,341,723,331,321,655,479,485,962,1363,1408,2765,1170,1303,2473,1251,1348,2594
LGA12750,123,48,114,158,29,85,112,0,6,6,6,0,9,8,5,8,37,111,144,64,140,205,51,112,156,1231,1231,2464,1348,1305,2649,1724,1771,3494,4340,4756,9103,4511,4745,9255,4613,4853,9463
LGA12850,856,287,604,892,431,930,1360,43,59,107,25,34,66,24,39,58,543,957,1497,655,1145,1798,1043,1794,2839,8302,7969,16270,7130,7043,14170,6008,6158,12169,29834,30065,59897,30079,30723,60810,30883,32127,63014
LGA12870,30,10,26,34,3,23,23,0,0,0,0,0,0,0,0,0,12,27,38,19,33,50,4,24,32,392,410,799,383,389,772,608,610,1218,1587,1629,3212,1531,1656,3185,1656,1799,3456
LGA12900,38,8,22,26,3,19,24,0,3,6,0,0,0,0,0,0,17,29,49,12,23,29,6,18,27,348,362,714,291,309,601,483,460,947,1460,1474,2932,1299,1329,2625,1459,1530,2985
LGA12930,655,254,486,741,378,605,979,7,15,24,9,10,21,6,10,12,347,561,909,476,714,1188,733,1008,1741,4729,4732,9461,3677,3806,7488,3516,3639,7158,20008,20090,40098,20243,20447,40691,22464,22661,45133
LGA12950,3,6,6,8,3,4,7,0,0,0,0,0,0,0,0,0,0,4,4,7,10,14,9,6,12,155,185,335,162,176,339,211,204,414,619,735,1356,583,676,1254,594,615,1207
LGA13010,17,12,22,30,6,18,29,0,0,0,0,0,0,0,0,0,7,17,25,11,21,33,9,22,34,407,324,730,405,283,684,631,524,1154,1316,1312,2631,1245,1228,2470,1356,1347,2699
LGA13310,97,50,61,105,33,89,125,0,0,0,0,0,0,0,0,0,55,101,153,71,77,153,69,109,177,1442,979,2421,1385,867,2251,1699,1186,2884,4458,3820,8280,4351,3852,8204,4695,4241,8938
LGA13340,34,6,30,34,17,18,33,0,3,3,5,0,6,0,0,0,13,28,38,16,37,45,23,28,48,309,304,615,325,308,627,381,427,813,1475,1505,2976,1467,1539,3006,1599,1683,3279
LGA13450,66,27,57,87,34,64,100,0,0,0,0,0,3,0,5,5,33,62,93,52,80,133,49,96,147,1044,980,2028,1110,946,2058,1364,1394,2760,3706,3614,7316,3846,3743,7587,4026,4093,8114
LGA13510,24,5,15,20,8,15,20,0,0,0,0,0,0,0,0,0,10,24,33,12,15,34,15,21,41,331,350,676,408,402,809,475,456,932,1450,1603,3055,1517,1577,3097,1520,1541,3061
LGA13550,33,13,26,37,8,28,34,0,4,4,0,0,0,0,0,0,18,33,45,18,32,45,13,31,47,424,395,823,480,483,962,538,574,1115,1691,1748,3441,1707,1800,3512,1718,1883,3598
LGA13660,20,3,10,13,7,10,18,0,0,0,0,0,0,0,0,0,3,22,27,3,12,16,6,10,17,187,167,350,131,114,244,313,267,583,711,730,1438,602,586,1184,749,722,1478
LGA13800,213,81,188,268,68,168,234,0,3,3,0,5,5,0,3,7,74,197,276,108,230,339,102,226,326,2293,2213,4504,2038,1913,3951,2038,2078,4116,9857,9942,19797,9653,9883,19539,9465,10009,19471
LGA13850,3,8,3,12,0,6,6,0,0,0,0,0,0,0,0,0,3,0,3,9,9,14,0,6,6,112,105,218,106,81,187,188,191,376,497,497,987,410,419,833,439,465,902
LGA13910,50,16,28,46,11,30,41,0,0,0,0,0,0,0,4,4,10,46,52,18,31,51,19,42,63,518,519,1036,577,640,1216,733,783,1510,2421,2637,5060,2500,2651,5148,2553,2804,5353
LGA14000,712,266,440,707,232,419,657,9,5,15,8,10,21,3,7,13,327,566,890,369,566,942,343,570,912,3246,3446,6694,2608,2687,5294,2651,2978,5623,21172,21902,43070,21464,22011,43478,22062,22880,44940
LGA14100,71,24,42,67,14,43,58,0,4,4,0,0,0,0,0,3,27,72,95,25,48,72,28,51,85,518,513,1025,345,358,703,386,381,763,2605,2013,4618,2385,1953,4338,2613,2101,4715
LGA14170,1198,408,702,1110,481,739,1220,14,16,29,13,12,32,7,10,19,614,995,1608,715,992,1710,837,1149,1985,8402,7773,16170,6607,6002,12612,6975,6823,13796,23837,24823,48661,24030,25135,49164,26830,28234,55060
LGA14200,35,5,25,33,10,38,48,0,0,3,0,0,3,4,0,4,20,36,51,7,37,46,51,70,118,468,508,977,545,582,1121,735,789,1529,2202,2309,4510,2290,2417,4708,2396,2547,4948
LGA14300,13,3,13,18,0,15,15,0,0,0,0,0,0,0,0,0,4,13,17,7,20,27,3,16,21,923,201,1121,938,172,1111,1151,288,1441,1529,753,2283,1529,764,2295,1677,883,2559
LGA14350,92,22,67,90,21,63,81,4,5,10,0,3,3,3,3,5,43,85,127,28,95,116,35,77,108,1463,1203,2666,1478,1077,2551,1923,1599,3526,4416,4215,8627,4215,4028,8251,4435,4304,8744
LGA14400,67,29,61,92,35,64,94,0,3,3,0,0,0,0,4,4,27,70,94,35,78,113,44,77,125,517,558,1069,469,442,908,718,773,1488,2922,2938,5852,2835,2834,5664,3034,3094,6127
LGA14500,503,165,363,534,214,406,622,12,5,16,5,3,9,0,0,0,247,380,627,240,433,672,291,497,784,2239,2462,4703,2283,2462,4742,2257,2634,4894,17201,17816,35013,18527,19280,37806,19947,20514,40457
LGA14550,31,14,20,29,11,15,22,0,0,0,0,0,0,0,0,0,14,34,50,18,21,41,12,22,33,283,299,577,342,318,654,473,426,900,1359,1430,2785,1252,1356,2604,1258,1307,2566
LGA14600,11,4,6,11,0,14,14,0,0,0,0,0,0,0,0,0,4,13,13,3,7,8,0,16,19,239,255,496,236,209,444,400,378,780,897,981,1877,837,891,1734,936,1005,1942
LGA14650,615,246,444,689,240,504,752,10,13,29,10,8,18,7,14,20,261,526,793,322,575,892,353,655,1012,5597,5941,11533,4924,5032,9955,4913,5381,10285,26641,27086,53729,25971,26785,52756,26394,27953,54344
LGA14700,218,69,143,209,73,145,218,3,0,5,0,3,3,4,6,7,118,170,287,99,160,260,116,194,314,1128,1036,2169,683,745,1428,865,850,1718,5084,4663,9744,4807,4812,9619,5639,5339,10979
LGA14750,31,6,13,17,10,11,26,0,0,0,0,0,0,0,3,5,11,27,40,12,23,29,13,21,34,516,428,944,440,498,936,574,585,1153,1907,1830,3738,1866,1973,3840,1782,1932,3709
LGA14850,180,66,124,192,48,104,152,4,5,12,0,4,9,5,3,6,76,165,244,91,162,257,86,136,221,1307,1375,2681,1231,1156,2383,1809,1870,3674,6682,7294,13978,6494,6973,13463,6568,7157,13728
LGA14870,68,18,46,65,24,40,66,0,0,3,0,0,0,0,0,3,27,56,85,21,56,75,38,53,90,1081,740,1822,1086,745,1831,1569,1177,2741,3190,2842,6030,3082,2767,5848,3439,3175,6611
LGA14900,622,228,487,712,360,662,1018,25,33,60,20,21,36,21,16,38,405,610,1012,442,763,1204,750,1128,1882,8301,8201,16496,7547,7548,15093,7881,7938,15817,28825,28970,57787,30659,31333,61998,34401,35645,70047
LGA14920,16,3,13,17,3,12,18,0,0,0,0,0,0,0,0,0,9,18,24,7,17,28,8,15,19,325,342,666,304,276,578,385,424,809,1044,1092,2131,1027,1060,2089,1080,1160,2248
LGA14950,6,3,16,18,0,9,9,0,0,0,0,0,0,0,0,0,4,3,7,3,16,16,3,9,10,77,84,166,92,79,176,125,169,297,433,482,915,405,444,845,402,505,906
LGA15050,221,76,180,250,110,212,322,5,4,6,0,4,4,3,3,3,90,234,327,121,223,343,168,284,450,2023,2065,4092,1991,1952,3938,2219,2198,4419,9510,9896,19407,10052,10446,20499,11439,11897,23334
LGA15240,259,72,174,251,63,200,263,3,3,6,4,0,5,4,7,12,92,236,331,106,229,328,100,266,361,2849,2988,5836,3028,3114,6143,3560,3883,7444,10937,11587,22523,10929,11565,22495,11102,12186,23289
LGA15270,62,17,55,73,32,39,67,0,0,3,4,4,5,0,0,0,31,56,83,36,69,107,33,59,89,798,759,1560,992,761,1755,1339,1308,2650,3157,3084,6235,3265,3190,6454,3678,3740,7415
LGA15300,39,15,28,40,5,13,22,0,0,0,0,0,0,0,0,3,17,31,52,14,39,55,14,19,32,855,825,1688,738,663,1407,908,856,1760,2250,2286,4528,2116,2087,4208,2118,2190,4311
LGA15350,193,61,107,170,52,113,163,0,4,4,0,4,3,0,0,0,72,176,247,81,141,221,81,138,215,1008,1259,2265,1074,1092,2164,980,1091,2071,3751,4343,8088,4207,4417,8618,4192,4678,8872
LGA15520,41,9,25,31,17,26,40,0,4,5,0,0,0,0,0,0,16,30,45,14,29,38,20,28,49,487,431,914,429,371,801,506,557,1067,1519,1519,3040,1418,1397,2814,1460,1677,3140
LGA15560,15,0,3,9,0,3,5,0,0,0,0,0,0,0,0,0,9,7,13,0,3,9,3,5,10,170,141,308,160,152,313,254,220,480,644,574,1220,584,493,1073,687,577,1262
LGA15650,52,16,34,56,14,33,53,0,0,0,0,0,0,0,0,3,21,39,60,21,42,66,20,42,66,851,571,1420,917,615,1535,862,584,1448,2606,2401,5008,2606,2365,4975,2630,2410,5036
LGA15700,52,19,36,54,15,36,51,4,0,4,0,0,3,0,0,0,34,50,77,29,56,87,24,45,70,666,726,1390,601,665,1269,855,911,1763,2466,2556,5018,2431,2600,5036,2543,2759,5304
LGA15750,47,5,33,38,13,27,34,0,0,0,0,0,0,0,0,0,17,34,55,6,37,43,20,34,53,529,460,990,514,493,1011,757,804,1562,1986,1922,3910,1788,1930,3717,1995,2140,4137
LGA15800,12,5,16,23,3,11,8,0,0,0,0,0,0,0,0,0,9,5,12,11,19,28,7,12,15,221,201,426,254,273,530,339,372,706,853,886,1739,839,927,1762,861,963,1827
LGA15850,17,10,15,24,0,10,8,0,3,3,0,0,0,0,3,3,5,14,19,8,21,29,3,11,14,227,236,462,202,236,444,360,358,718,939,978,1917,927,1004,1932,1007,1027,2036
LGA15900,519,214,385,595,219,397,621,8,10,17,7,7,11,9,20,23,253,453,709,312,519,828,316,545,862,5355,5345,10695,4723,4508,9237,4503,4845,9353,21858,22498,44362,22635,23104,45741,24272,25155,49427
LGA15950,593,195,325,517,147,291,431,4,9,15,4,8,7,0,3,3,285,483,768,263,420,682,205,405,609,3381,3341,6727,2759,2741,5500,2542,2723,5270,7962,8559,16527,7818,8487,16308,8050,9183,17233
LGA15990,1324,463,910,1367,525,946,1468,15,16,27,10,25,29,6,12,18,627,1164,1790,653,1153,1802,733,1199,1930,8680,8436,17108,6550,6466,13017,6650,7425,14077,34104,33948,68053,34772,35164,69933,37844,39058,76898
LGA16100,13,3,6,11,3,11,16,0,0,0,0,0,0,0,0,0,3,12,13,4,11,19,7,10,16,273,175,444,275,153,429,440,294,732,833,733,1563,801,667,1466,910,784,1698
LGA16150,89,55,87,135,55,103,152,4,0,7,3,0,3,0,6,3,43,88,136,74,105,177,78,130,202,1349,1353,2701,1395,1310,2711,1452,1490,2937,5449,5734,11184,5758,6020,11778,6148,6436,12589
LGA16200,41,7,19,26,16,33,50,0,0,0,0,3,3,0,0,0,13,43,52,17,34,44,14,40,54,445,448,895,640,634,1281,703,798,1501,2139,2153,4287,2224,2336,4562,2192,2438,4629
LGA16260,962,456,737,1193,497,903,1397,3,15,23,13,21,37,12,6,19,581,824,1410,815,1186,2001,988,1404,2389,9580,6898,16475,7684,6026,13707,8302,7024,15328,31317,27825,59141,31528,29566,61091,36068,34778,70845
LGA16350,629,248,538,784,239,592,832,16,9,23,4,8,13,6,15,21,295,559,857,343,712,1054,411,844,1251,6410,6401,12810,5928,5755,11681,6576,6478,13059,27444,27777,55223,27214,28094,55314,29546,30787,60338
LGA16380,214,85,196,281,94,211,302,4,4,6,3,5,11,4,8,12,78,176,259,113,254,367,135,281,413,2244,2510,4753,2201,2248,4447,2785,2974,5759,9247,9849,19093,9429,10090,19516,10346,11345,21684
LGA16400,220,63,198,269,80,181,254,0,8,8,4,4,11,4,5,12,72,209,279,99,249,347,113,229,342,2211,2239,4447,2251,2239,4488,2782,2866,5653,8890,9019,17914,9098,9542,18637,9735,10180,19912
LGA16490,249,91,186,272,98,193,289,0,4,3,0,0,3,3,3,10,113,200,310,123,214,339,142,243,378,1946,1797,3744,1808,1510,3318,2202,2115,4319,7761,7799,15555,7966,8048,16018,8743,8833,17578
LGA16550,653,257,478,728,354,530,878,14,15,26,3,8,15,4,5,17,397,580,980,455,704,1157,597,843,1434,7488,5877,13361,6731,5188,11915,6786,5299,12089,21635,20160,41790,23191,21812,45006,26456,25207,51664
LGA16610,87,25,51,74,15,48,61,0,3,3,0,0,3,3,0,0,25,85,115,29,74,100,23,66,87,709,737,1439,779,763,1544,1059,1050,2107,3065,3284,6344,3048,3278,6329,3234,3499,6731
LGA16650,415,234,314,548,404,557,964,20,11,29,11,9,18,15,16,30,308,391,699,493,550,1049,756,977,1734,4725,4599,9327,3974,3738,7717,3781,3841,7625,14561,14147,28714,14862,14361,29222,16794,16928,33724
LGA16700,496,219,351,566,246,424,670,3,4,15,4,7,14,3,9,5,269,408,674,357,504,861,427,638,1061,3749,3747,7496,2875,2837,5714,2669,2863,5534,15809,16099,31904,16184,16461,32648,17967,18664,36631
LGA16900,167,66,177,246,85,219,307,0,0,3,3,9,7,0,4,10,89,136,229,94,224,312,132,286,416,2129,2180,4309,1748,1748,3497,2032,2228,4260,9519,9516,19035,9367,9780,19147,9834,10578,20408
LGA16950,294,111,252,358,96,244,336,0,3,5,7,0,7,3,3,10,134,254,388,159,316,476,159,318,473,3298,3380,6681,3889,3469,7361,4711,4255,8970,12533,12925,25461,12944,13188,26138,13587,13810,27396
LGA17000,79,24,65,92,19,67,89,0,0,0,0,0,0,0,0,0,55,72,127,42,74,118,63,84,150,733,677,1410,731,616,1345,926,909,1830,3579,3485,7066,3448,3452,6901,3491,3672,7163
LGA17040,85,21,56,69,15,57,69,0,3,3,0,3,3,0,0,0,34,73,106,32,72,105,45,84,123,1365,1026,2395,1075,763,1840,1202,961,2167,3388,3153,6542,3158,2957,6114,3187,3031,6216
LGA17080,60,10,27,35,6,20,33,0,0,0,0,0,0,0,0,0,14,58,68,18,41,52,18,31,51,675,532,1202,573,438,1011,878,728,1610,2121,2072,4190,2018,1943,3966,2182,2167,4344
LGA17100,180,83,142,222,116,184,295,4,8,11,4,3,5,3,3,3,136,195,325,187,241,427,268,337,609,1705,1573,3277,1555,1442,2999,1566,1337,2905,6250,5948,12193,6299,5910,12208,6876,6586,13459
LGA17150,960,356,644,1004,315,623,938,4,14,17,8,11,17,3,15,19,415,790,1199,462,787,1252,437,791,1237,6385,6378,12762,5081,5129,10205,4592,4852,9439,30902,31016,61916,30246,30874,61119,30658,31497,62146
LGA17200,1360,744,894,1644,1261,1619,2875,16,13,33,31,24,50,17,41,58,1228,1532,2759,1643,2058,3708,2829,3773,6604,21929,17126,39052,12983,10484,23470,14751,12081,26829,35617,32603,68218,29841,29242,59080,38089,39885,77977
LGA17310,162,64,121,186,73,136,209,3,0,3,3,0,5,7,0,8,73,145,221,95,152,249,95,172,267,1702,1774,3476,1959,1905,3863,2598,2616,5217,7895,8139,16032,8204,8395,16599,8848,9349,18196
LGA17350,3,5,8,12,4,14,13,0,0,0,0,0,0,0,0,0,0,6,9,12,8,19,11,15,20,193,198,386,159,164,320,227,211,438,824,842,1665,805,796,1607,869,843,1713
LGA17400,21,4,28,34,9,9,16,0,3,3,0,0,0,0,0,0,10,19,29,12,33,49,12,14,25,221,205,424,304,265,570,408,448,853,865,903,1767,889,994,1882,925,1044,1964
LGA17420,557,215,443,658,252,425,676,3,7,14,6,12,19,6,3,15,321,567,883,349,635,990,456,704,1155,3108,3189,6293,2654,2638,5298,2557,2770,5336,21840,21999,43842,23053,23095,46145,25303,25411,50716
LGA17550,282,106,233,336,105,192,294,0,3,3,8,0,8,6,4,10,101,254,354,161,314,477,162,265,431,3240,3336,6575,2911,3200,6113,3723,4054,7773,11055,11634,22688,11233,12456,23694,12173,13450,25623
LGA17620,42,7,35,42,5,33,39,0,0,3,0,0,3,0,3,3,14,35,47,6,39,52,12,42,46,421,421,843,425,461,888,683,727,1410,1771,1813,3577,1849,1952,3800,2078,2312,4393
LGA17640,20,4,10,16,5,13,22,0,0,0,0,0,0,0,0,4,4,25,28,6,20,24,7,18,22,284,266,552,224,226,447,373,323,691,985,1064,2047,945,1015,1959,1047,1070,2112
LGA17650,15,3,7,11,3,10,14,0,0,0,0,0,0,0,0,0,5,15,20,6,10,12,8,18,20,147,163,305,160,154,311,252,265,508,828,921,1742,888,957,1840,863,996,1853
LGA17750,181,78,146,226,82,139,222,3,3,10,6,4,6,6,3,9,158,160,323,170,176,344,218,206,423,1576,1689,3260,1510,1597,3103,2042,2042,4080,9375,9770,19146,9289,10043,19339,9615,10455,20074
LGA17850,8,0,11,7,0,0,0,0,0,0,0,0,0,0,0,0,3,8,13,0,8,9,0,3,5,106,107,207,92,91,178,178,181,363,431,454,882,354,420,774,427,471,900
LGA17900,19,3,9,10,0,9,13,3,0,3,0,0,0,0,0,0,9,24,34,5,9,22,4,15,21,435,310,750,430,317,753,458,404,862,1055,932,1988,979,914,1890,978,958,1943
LGA17950,4,3,8,11,0,0,0,0,0,0,0,0,0,0,0,0,3,0,4,3,10,7,0,0,3,83,71,155,105,98,197,154,174,325,336,365,699,331,412,738,391,464,852
LGA18020,32,9,21,29,8,14,19,0,0,0,0,0,3,0,0,4,13,30,41,16,24,40,9,26,31,370,336,709,437,382,821,574,576,1153,1447,1483,2933,1471,1447,2915,1409,1519,2927
LGA18050,443,175,289,462,320,441,759,0,4,5,0,8,8,7,7,10,250,406,655,273,436,709,436,586,1028,5828,4986,10816,3889,3586,7478,3539,3687,7229,11071,10560,21634,9864,10016,19879,10355,10981,21334
LGA18100,4,0,6,4,0,6,6,0,0,0,0,0,0,0,0,0,0,11,7,0,6,4,3,8,13,111,95,201,125,95,218,182,206,393,477,500,973,469,499,971,489,534,1027
LGA18200,15,7,10,17,3,19,24,0,0,0,0,0,0,0,0,0,12,6,21,8,13,21,10,22,35,279,256,537,260,229,492,429,367,789,993,965,1953,949,905,1849,1042,1035,2075
LGA18230,116,50,123,168,52,106,164,0,5,10,4,5,11,0,3,3,56,105,161,73,147,224,84,148,239,2065,2075,4136,2059,1646,3699,2710,2280,4987,7369,7676,15041,7312,7304,14620,8001,7975,15972
LGA18250,480,162,280,443,168,300,473,3,3,13,5,11,11,0,4,9,249,432,679,253,400,648,298,488,790,2425,2496,4919,1797,1797,3600,1819,2020,3839,10080,10571,20657,10176,10636,20810,11644,12345,23984
LGA18350,193,56,141,196,56,147,204,0,5,5,0,0,3,0,3,3,72,162,237,85,171,256,83,209,288,1505,1678,3188,1262,1334,2594,1724,1846,3568,6297,6875,13171,6106,6684,12791,6535,7217,13749
LGA18400,169,52,128,178,49,132,177,0,0,0,0,0,0,0,0,4,50,151,202,90,158,249,67,167,234,1386,1342,2731,1229,1197,2423,1464,1431,2897,6675,6500,13178,6754,6808,13568,7433,7619,15054
LGA18450,742,251,531,784,269,580,846,9,13,22,8,15,20,3,10,16,340,620,956,397,678,1076,442,786,1233,7005,6954,13958,5918,5774,11691,5908,6047,11959,29467,29300,58769,30431,30284,60718,31980,32140,64118
LGA18500,348,93,188,278,113,205,317,4,3,5,0,3,4,0,4,4,161,280,439,142,239,378,156,277,431,3394,3620,7019,2957,2983,5939,2291,2762,5052,7980,8901,16878,8009,8559,16570,7852,9034,16884
LGA18710,49,23,38,60,20,43,62,0,3,3,0,0,0,0,0,0,24,42,61,26,53,77,33,57,84,374,334,704,453,476,930,608,663,1274,1916,1986,3903,2235,2370,4601,2502,2757,5260
LGA19399,4,0,0,0,3,0,5,0,0,0,0,0,0,0,0,0,3,3,8,0,5,5,3,0,5,27,24,49,28,10,33,73,49,122,93,120,213,91,97,191,142,131,269
LGA19499,65,23,33,56,37,33,65,3,0,8,5,0,4,0,0,4,68,48,117,55,69,123,60,69,129,806,497,1303,1956,862,2820,2231,1127,3360,1443,1160,2608,2739,1745,4483,2819,1779,4593
LGA19799,0,0,0,0,0,3,7,0,0,0,0,0,0,0,0,0,0,0,0,0,0,0,3,3,7,10,7,18,4,3,11,21,33,46,17,9,21,16,3,17,29,62,93
LGA20110,64,17,31,54,18,39,54,0,3,0,0,0,3,0,0,0,27,46,73,24,41,61,20,49,70,414,426,838,317,330,652,564,593,1157,1606,1609,3214,1422,1513,2938,1632,1746,3375
LGA20260,36,16,29,43,10,26,38,0,0,0,0,0,0,0,0,0,21,37,54,16,44,59,10,33,44,639,351,987,718,374,1096,1154,484,1640,1743,1485,3231,1685,1428,3110,2029,1473,3499
LGA20570,318,193,335,527,184,302,483,5,9,20,8,9,18,6,3,10,205,255,457,301,456,761,316,422,734,3050,3392,6438,2927,3139,6068,3309,3680,6987,13322,14055,27376,14014,15137,29153,14966,16171,31139
LGA20660,630,233,522,753,208,439,647,6,12,19,8,11,21,11,8,19,348,535,887,424,689,1106,398,580,972,3662,3807,7469,2869,2988,5859,2980,3353,6335,17128,17417,34545,16760,17195,33955,17454,18044,35499
LGA20740,110,47,102,157,46,95,141,0,4,4,4,3,7,0,3,6,60,93,145,75,143,215,78,135,217,1298,1371,2677,1083,1225,2309,1360,1457,2822,3559,3780,7341,3529,3944,7475,4046,4426,8471
LGA20830,172,60,145,206,65,141,205,3,0,3,5,3,7,3,5,5,76,163,236,102,195,294,106,212,316,1206,1385,2583,1240,1215,2450,1755,1950,3702,5417,6061,11470,5730,6287,12022,6642,7441,14084
LGA20910,392,150,305,457,141,339,482,0,10,14,9,3,11,3,6,6,187,325,516,212,373,583,197,399,596,2864,3450,6311,2520,2756,5277,2623,2951,5571,13436,14185,27624,14043,14379,28426,14922,15565,30488
LGA21010,68,12,34,53,15,19,36,0,0,0,0,0,0,0,0,0,24,65,89,22,45,66,27,36,70,388,473,858,352,380,739,615,664,1283,1834,1983,3820,1708,1757,3469,1752,1855,3605
LGA21110,815,291,598,889,300,580,875,10,10,27,9,15,25,9,16,26,453,667,1119,459,785,1241,500,825,1326,4759,5168,9928,3952,3989,7942,4112,4377,8485,26405,26877,53277,26660,26970,53626,28468,29014,57488
LGA21180,916,499,901,1405,617,1107,1726,44,47,89,34,37,71,21,32,52,656,906,1563,1052,1538,2593,1325,1966,3284,7870,7617,15490,8435,8050,16481,7325,7205,14531,27302,27079,54383,29315,29442,58757,30315,30925,61236
LGA21270,10,3,9,16,0,7,15,0,0,0,0,0,3,0,0,0,0,8,12,12,16,26,4,16,18,192,239,431,185,180,360,322,317,636,865,922,1788,800,798,1601,904,869,1776
LGA21370,152,58,127,188,24,98,123,3,5,8,0,3,3,0,0,3,56,158,214,81,161,241,48,129,179,1164,1189,2353,1223,1278,2501,1606,1702,3309,5050,5118,10167,4972,5178,10153,5030,5263,10292
LGA21450,292,114,368,483,157,379,535,7,3,11,3,8,15,3,7,8,120,267,385,198,468,665,265,525,783,1958,2002,3962,2137,2145,4280,2984,3054,6041,9212,9320,18533,11024,11820,22848,14254,15043,29297
LGA21610,1056,494,1138,1632,649,1445,2094,24,24,50,23,29,51,23,31,58,527,1008,1535,847,1595,2445,1214,2204,3415,8295,7799,16097,7746,7569,15319,8821,8889,17703,35232,35075,70312,39881,40566,80450,46967,48545,95512
LGA21670,63,20,48,74,19,33,50,0,3,7,0,0,0,0,0,3,25,62,83,34,66,103,25,51,80,384,455,841,425,389,816,533,569,1099,1566,1633,3198,1503,1541,3041,1624,1655,3276
LGA21750,118,37,83,123,27,54,80,0,4,3,3,0,4,0,0,0,48,103,156,54,89,141,42,65,109,659,634,1288,643,664,1307,881,844,1727,2815,2854,5672,2657,2765,5424,2823,2819,5645
LGA21830,50,15,45,64,8,32,44,0,0,0,4,0,8,0,3,4,28,51,75,37,71,109,28,51,75,578,606,1187,465,467,933,747,740,1492,2334,2488,4825,2237,2355,4587,2319,2276,4598
LGA21890,706,307,574,884,327,611,937,9,23,34,21,21,39,3,4,3,398,694,1091,622,901,1523,649,938,1585,6305,5963,12273,5355,4936,10292,5331,5730,11065,19739,20251,39991,20580,21540,42116,22558,24093,46647
LGA22110,163,54,118,171,48,113,162,0,5,7,3,3,4,3,4,6,90,145,237,86,155,236,80,157,235,1430,1500,2931,1379,1339,2720,2163,2338,4505,5274,5605,10881,5205,5464,10671,5742,6281,12024
LGA22170,476,227,555,777,237,523,765,6,15,20,16,17,30,9,9,19,241,460,703,374,714,1085,412,721,1134,5114,5441,10552,4304,4597,8903,4546,4802,9351,17686,18605,36290,17910,18903,36816,18531,19953,38485
LGA22250,42,8,20,28,5,13,16,0,0,0,0,0,0,0,0,0,17,36,56,12,36,48,6,19,32,381,422,800,374,378,757,448,461,912,1523,1594,3118,1317,1368,2683,1319,1392,2710
LGA22310,640,282,487,769,297,502,795,11,20,31,7,12,25,7,11,15,359,535,897,500,668,1166,518,748,1265,5277,5403,10679,3794,3795,7584,3580,3728,7310,19778,19963,39747,19859,20102,39963,22147,22734,44884
LGA22410,69,13,75,94,30,66,95,0,0,0,0,3,3,0,3,8,24,64,88,31,106,136,47,96,144,668,660,1326,621,660,1282,945,910,1853,2787,2844,5629,2625,2797,5417,2627,2735,5356
LGA22490,65,26,83,105,27,69,95,3,0,3,0,0,3,0,0,4,32,60,91,47,107,156,45,95,138,528,509,1039,503,484,991,729,706,1431,2622,2569,5188,2862,2868,5731,3392,3439,6835
LGA22620,427,182,349,532,167,303,473,14,9,22,10,11,20,10,5,13,253,396,653,276,494,770,270,427,698,3068,3506,6575,3089,3181,6268,4227,4430,8656,13820,15133,28956,14189,15521,29713,16052,17115,33164
LGA22670,902,456,823,1273,597,931,1531,28,36,68,28,33,58,17,21,35,602,911,1509,992,1422,2413,1202,1613,2816,6669,6312,12979,5787,5392,11180,5596,5212,10807,20480,19696,40180,21310,20686,41995,23985,23242,47224
LGA22750,902,429,870,1300,465,822,1283,13,23,38,17,13,35,15,20,34,463,832,1296,701,1150,1856,766,1207,1970,7185,6836,14024,6804,6098,12908,8391,8082,16470,29500,29561,59058,30346,31048,61393,34455,35426,69884
LGA22830,209,103,184,286,95,201,294,8,8,14,3,4,8,7,0,9,94,195,292,172,259,431,192,299,487,2335,2299,4632,2471,2226,4698,3185,3025,6207,8748,9011,17763,8990,9127,18122,9864,10065,19931
LGA22910,89,28,60,89,12,35,52,0,0,3,0,0,0,0,0,0,33,82,116,46,75,124,28,55,80,590,588,1175,493,522,1015,747,845,1588,1949,2057,4008,1810,1992,3800,1955,2233,4182
LGA22980,20,13,16,34,6,22,28,0,0,0,0,0,0,0,0,0,4,28,32,27,24,43,15,25,41,165,185,349,165,165,329,212,239,451,728,829,1556,729,721,1456,665,752,1418
LGA23110,499,228,358,585,201,407,612,11,11,21,11,5,21,6,7,16,273,440,720,412,536,948,344,590,939,3372,3369,6744,3027,2933,5959,2702,2819,5521,12131,12109,24242,12102,12119,24219,12357,13033,25395
LGA23190,80,26,32,62,28,62,86,0,0,0,0,0,0,0,4,3,33,58,94,42,41,81,48,85,132,452,600,1059,530,541,1078,649,663,1310,2416,2664,5077,2422,2580,5001,2565,2637,5210
LGA23270,689,362,674,1040,485,949,1439,24,22,42,32,20,53,23,19,43,489,697,1192,688,1084,1777,1066,1665,2728,6412,6354,12768,6471,6479,12952,6840,6844,13680,24722,25255,49983,26877,28175,55056,31816,32919,64733
LGA23350,29,14,34,55,16,43,59,3,0,4,0,0,0,0,0,3,21,36,62,19,39,59,22,48,69,559,464,1022,570,406,976,744,586,1328,2292,2311,4597,2203,2249,4454,2295,2376,4669
LGA23430,667,253,518,775,309,554,865,15,16,25,16,10,28,4,20,25,339,580,921,448,699,1147,540,783,1328,5006,5245,10255,4356,4175,8534,4100,4506,8603,19290,19754,39051,19848,20079,39924,21265,22103,43373
LGA23670,799,278,671,955,304,652,951,9,15,22,12,13,26,4,12,14,351,697,1042,410,840,1248,474,899,1368,3828,4177,8010,3264,3194,6460,3365,3520,6888,21711,22746,44460,20851,21528,42375,21269,21846,43112
LGA23810,292,95,234,324,106,253,354,3,8,13,7,11,14,8,5,13,191,281,474,179,309,491,205,325,523,2589,2741,5333,2557,2621,5180,3202,3385,6589,10296,10926,21219,10137,10786,20924,10213,11031,21242
LGA23940,31,13,22,29,7,14,23,0,0,3,0,0,0,0,0,0,12,39,51,11,28,42,11,25,35,251,258,506,268,243,507,462,412,876,996,1044,2038,897,955,1848,1019,1059,2077
LGA24130,211,80,185,263,66,168,227,0,0,4,0,4,4,0,6,4,80,175,254,119,225,344,92,206,293,1150,1286,2439,1058,1079,2135,1650,1784,3432,6036,6230,12265,6182,6468,12651,6883,7280,14169
LGA24210,610,222,467,691,280,497,777,10,13,23,7,14,21,4,10,14,271,529,798,335,593,928,434,676,1107,3123,3185,6307,2445,2605,5047,2497,2815,5310,16259,16567,32829,16003,16190,32190,16905,17034,33939
LGA24250,38,9,39,42,13,27,42,3,0,3,6,0,6,0,0,0,14,35,51,20,45,59,13,30,48,315,272,588,216,209,423,409,394,804,1089,1024,2118,987,1093,2075,1206,1289,2494
LGA24330,455,234,373,610,262,457,716,18,24,38,5,12,16,8,5,18,323,448,775,456,621,1082,496,804,1301,3473,3005,6480,3796,2909,6702,3188,3111,6302,10668,9854,20522,11958,11189,23146,13345,13230,26578
LGA24410,568,212,476,685,242,487,727,8,6,14,7,7,17,10,6,11,247,500,746,343,627,973,427,677,1109,2879,3195,6076,2256,2531,4791,2481,2848,5328,14387,14943,29330,14465,14916,29380,15343,16024,31369
LGA24600,663,267,463,727,710,887,1594,8,18,26,4,4,15,5,17,22,492,813,1302,562,877,1439,1443,1973,3418,6735,5365,12096,6206,5113,11320,8282,7967,16247,17831,18188,36017,19411,20347,39761,30050,34259,64309
LGA24650,387,232,498,731,302,639,945,3,7,17,8,12,15,11,17,28,204,341,544,342,690,1031,559,963,1529,3304,3150,6460,4322,3917,8238,5191,4955,10142,12650,12448,25100,17262,17496,34758,22324,23138,45460
LGA24780,160,78,137,215,64,145,205,4,13,21,0,3,3,4,7,10,94,164,265,131,194,320,117,212,330,1941,2047,3990,1915,2017,3938,2604,2581,5185,7440,7825,15266,7439,7779,15220,7973,8272,16239
LGA24850,127,37,118,155,55,131,184,0,5,5,5,3,10,3,0,3,65,103,172,124,165,283,139,174,307,1214,1107,2327,1222,1228,2449,1820,1902,3726,5135,4960,10093,5234,5464,10694,6385,6561,12940
LGA24900,118,30,83,116,33,84,113,0,3,6,5,0,3,3,0,3,47,115,160,62,126,186,73,112,183,961,930,1888,1092,1066,2156,1371,1349,2723,3741,3828,7568,3803,4005,7811,4012,4163,8176
LGA24970,743,348,595,944,404,661,1069,13,12,31,9,9,20,3,14,17,451,674,1127,664,852,1516,766,998,1766,5591,5539,11130,4567,4291,8856,4504,4751,9249,26679,25657,52334,27555,26448,53999,31416,31238,62652
LGA25060,551,212,404,616,257,461,711,5,11,18,4,14,23,8,13,21,286,493,779,369,595,964,420,722,1142,4340,4149,8493,3584,3673,7260,3653,4008,7663,15375,15771,31148,15466,16267,31731,17144,17995,35140
LGA25150,102,35,126,164,70,123,192,4,7,5,6,0,5,0,0,0,49,95,147,62,167,231,115,167,290,839,789,1623,899,787,1690,1103,1126,2230,4000,4053,8053,4147,4226,8374,4611,4909,9520
LGA25250,776,360,612,977,425,644,1070,16,7,22,18,13,36,15,20,32,451,692,1142,765,916,1678,818,1018,1842,6118,6042,12162,5855,5348,11208,5341,5465,10805,20309,20861,41169,21985,22448,44432,24122,25016,49133
LGA25340,567,199,503,705,218,519,736,11,12,28,3,11,14,8,16,23,367,551,918,396,630,1030,385,662,1045,6166,6876,13043,4713,5422,10138,4888,5420,10302,20069,20903,40971,19619,20845,40460,20418,21718,42134
LGA25430,89,30,77,100,23,67,93,4,0,3,4,0,3,0,3,3,43,80,121,41,91,131,32,81,113,936,768,1701,1012,730,1745,1511,911,2416,2663,2594,5261,2683,2592,5282,3052,2601,5654
LGA25490,39,21,38,58,19,43,61,3,0,3,3,0,4,3,3,3,15,36,49,30,51,83,27,52,83,559,508,1066,472,499,967,779,756,1526,2264,2398,4659,2170,2444,4619,2453,2581,5029
LGA25620,54,24,53,79,13,44,54,0,0,0,0,0,0,0,0,3,28,59,89,34,65,101,26,53,78,638,602,1241,492,444,937,693,691,1386,1975,1972,3950,1661,1747,3406,1866,1912,3779
LGA25710,294,107,280,384,99,169,273,3,3,5,0,6,3,0,0,0,119,273,394,149,339,494,150,230,381,1694,1641,3332,1230,1245,2474,1396,1409,2807,10291,10343,20631,9711,9909,19618,9616,9742,19356
LGA25810,50,20,30,51,10,24,36,0,0,0,3,0,3,0,0,0,26,45,70,36,42,74,29,36,67,403,379,782,369,355,728,462,489,951,1605,1652,3259,1479,1507,2986,1367,1463,2836
LGA25900,659,246,463,709,289,506,797,6,13,26,3,7,15,5,7,18,340,577,918,395,619,1018,463,700,1163,6519,5644,12159,4442,3708,8146,5191,5209,10399,12776,13088,25863,11749,12098,23849,13627,14797,28422
LGA25990,28,7,19,29,7,19,27,0,0,0,0,0,0,0,3,3,14,27,38,11,27,36,13,24,43,323,231,552,328,195,521,699,315,1022,948,908,1853,941,852,1794,1266,952,2211
LGA26080,12,3,5,14,4,3,10,0,0,0,0,0,0,0,0,0,5,9,16,7,11,11,3,3,7,88,146,232,90,101,193,126,139,264,351,414,765,346,387,727,352,377,728
LGA26170,99,28,63,90,32,73,105,0,3,3,0,0,0,5,0,4,50,85,132,56,85,141,65,106,169,879,974,1860,802,755,1557,1228,1306,2527,3541,3831,7372,3373,3712,7087,3827,4157,7986
LGA26260,61,26,42,72,24,37,58,3,0,3,0,0,0,3,0,3,39,49,88,45,66,107,33,52,88,440,495,933,411,408,817,562,596,1157,2250,2338,4587,2122,2249,4371,2099,2121,4219
LGA26350,563,191,346,541,215,425,634,8,14,20,15,17,25,0,11,10,295,461,755,283,488,773,321,598,927,4724,4620,9347,3637,3439,7078,3875,4196,8067,14404,15113,29512,13642,14454,28097,15098,17085,32184
LGA26430,44,15,35,48,11,29,41,0,0,4,0,0,0,0,0,3,15,38,56,23,44,63,22,37,60,337,364,703,332,329,659,465,525,990,1188,1203,2395,1116,1150,2265,1260,1390,2655
LGA26490,89,41,78,119,46,98,144,3,0,3,0,0,0,0,3,4,47,85,126,68,99,161,70,118,193,810,693,1505,768,738,1504,909,929,1836,3429,3251,6679,3828,3821,7650,4379,4445,8823
LGA26610,73,35,46,84,23,46,65,3,7,8,0,0,0,3,3,6,41,66,109,51,68,115,37,70,105,923,825,1750,848,815,1666,1424,1324,2752,3106,3056,6162,2897,2936,5831,3342,3348,6690
LGA26670,25,8,16,26,12,15,25,0,0,0,0,0,3,0,0,0,5,25,32,7,26,39,15,22,39,171,199,370,133,141,271,281,243,523,806,858,1658,734,817,1555,818,762,1581
LGA26700,115,30,77,100,22,65,90,3,0,7,0,0,0,0,0,0,50,100,153,46,91,135,43,83,130,792,844,1634,755,808,1561,1130,1317,2447,3514,3869,7378,3459,3831,7285,3798,4216,8011
LGA26730,80,44,82,126,45,89,135,0,3,3,6,0,5,0,4,4,44,79,124,62,112,175,65,120,181,1057,1264,2323,1149,1164,2312,1256,1398,2655,4613,5053,9668,4661,5088,9746,4627,5152,9777
LGA26810,151,51,82,133,60,105,164,4,7,7,4,5,9,0,8,8,93,135,223,88,126,215,93,157,247,2051,1395,3438,2174,1323,3498,2651,1853,4501,6331,5803,12136,6270,5708,11985,6596,6098,12694
LGA26890,16,3,6,7,3,11,12,0,0,0,0,0,0,0,0,0,3,13,17,3,10,14,8,10,18,135,107,238,126,122,247,119,134,253,599,600,1202,505,559,1063,462,502,966
LGA26980,906,345,665,1005,442,755,1193,13,18,33,9,11,24,10,9,20,431,762,1190,544,913,1459,756,1076,1830,3908,4292,8198,3956,4030,7984,3453,3924,7376,21172,22333,43511,23628,24352,47977,25887,26605,52493
LGA27070,594,288,619,911,423,777,1198,10,31,45,7,25,34,21,25,43,312,558,872,513,933,1452,816,1267,2082,4520,4439,8961,5253,5051,10306,5583,5911,11494,19282,19191,38469,22927,23476,46406,29595,30478,60072
LGA27170,159,52,126,181,65,132,191,0,4,6,0,3,7,6,3,12,188,159,347,227,185,408,190,207,396,858,899,1764,1046,907,1954,1376,1366,2740,5191,5298,10490,5583,5680,11256,5971,6271,12250
LGA27260,603,380,966,1347,568,1213,1781,13,18,29,14,29,40,11,25,41,337,612,949,768,1399,2163,1124,1911,3037,5136,4342,9481,6160,5324,11480,7581,6593,14178,18797,18324,37115,25473,25746,51215,35260,35232,70493
LGA27350,569,216,346,557,245,419,662,9,15,18,6,6,10,3,14,16,307,523,836,316,528,838,355,653,1010,4311,3591,7903,3418,3037,6456,4051,4189,8240,10638,11350,21984,10430,11533,21963,12070,13942,26008
LGA27450,810,288,725,1009,270,567,837,6,13,18,13,9,24,5,9,19,337,718,1053,416,914,1325,395,735,1135,4371,4497,8869,3878,3795,7673,4081,4319,8393,21519,22297,43814,20947,22097,43036,21036,22014,43047
LGA27630,21,11,22,31,7,10,16,0,0,0,0,0,0,0,0,0,19,17,33,22,29,50,22,28,42,244,271,520,243,250,491,320,334,649,996,1051,2049,886,932,1823,908,900,1802
LGA29399,4,3,3,3,0,0,0,0,0,0,0,0,0,0,0,0,0,4,3,3,4,6,0,0,0,69,45,111,56,42,93,126,116,237,123,93,212,112,95,206,182,179,365
LGA29499,39,14,29,49,36,30,66,0,0,0,3,3,6,0,0,0,34,33,74,42,68,110,58,63,114,423,317,741,1182,650,1836,1310,734,2042,907,828,1732,1725,1310,3041,1743,1279,3025
LGA29799,0,0,0,0,0,0,0,0,0,0,0,0,0,0,0,0,0,0,0,0,0,0,0,0,0,9,0,6,3,0,3,3,0,3,9,0,6,3,0,3,6,0,6
LGA30250,4,0,0,0,0,0,0,0,0,0,0,0,0,0,0,0,0,0,0,5,3,7,4,0,8,69,46,108,31,20,49,31,32,58,122,111,230,179,167,343,165,179,344
LGA30300,20,4,8,10,3,3,11,0,0,0,0,0,0,0,0,0,15,21,27,5,11,18,5,11,15,167,166,340,230,171,396,215,196,409,619,664,1285,645,655,1307,624,629,1254
LGA30370,44,19,23,39,15,27,48,0,0,0,0,0,4,0,3,7,13,38,48,26,26,49,24,35,55,616,468,1088,487,395,885,723,626,1355,2065,1975,4043,1928,1920,3852,2111,2095,4198
LGA30410,11,3,3,8,4,9,18,0,0,0,0,0,0,0,0,3,8,11,21,6,10,17,5,12,21,129,112,242,118,106,225,120,116,236,422,426,849,390,422,813,370,377,749
LGA30450,0,0,0,0,0,0,0,0,0,0,0,0,0,0,0,0,0,0,0,0,0,0,0,0,0,9,3,11,15,4,21,8,5,20,34,33,71,31,34,71,27,28,53
LGA30760,13,0,3,4,3,7,7,0,0,0,0,0,0,0,0,0,0,10,16,3,4,11,3,7,10,46,45,91,76,67,142,57,72,124,202,217,417,224,259,483,208,213,419
LGA30900,0,0,0,0,0,3,7,0,0,0,0,0,0,0,0,0,0,0,3,0,0,0,0,5,6,25,23,46,22,20,46,34,38,73,53,53,111,43,50,89,69,76,147
LGA31000,4486,2000,3326,5328,2381,3891,6274,65,89,152,66,82,151,59,64,125,2653,4272,6932,3750,5130,8880,4577,6550,11128,38677,36294,74973,35009,30145,65153,36683,34561,71240,150595,155742,306336,161418,164287,325707,180408,186896,367304
LGA31750,0,0,0,0,0,0,0,0,0,0,0,0,0,0,0,0,0,0,0,0,0,0,0,0,0,14,8,21,23,9,34,28,10,42,44,35,82,58,35,87,45,44,88
LGA31820,286,116,227,342,149,255,403,0,9,9,6,4,14,6,6,16,126,225,355,188,305,491,232,353,588,3408,3514,6919,3283,3128,6412,3715,3663,7380,11663,12394,24058,11756,12331,24087,12363,13006,25369
LGA31900,46,5,25,31,13,36,45,3,3,5,0,0,3,0,3,3,26,49,77,15,29,37,18,40,63,624,563,1185,675,600,1277,773,708,1479,2256,2287,4542,2294,2282,4577,2268,2281,4550
LGA31950,3,0,0,0,0,0,0,0,0,0,0,0,0,0,0,0,0,0,3,0,0,0,0,0,0,67,43,109,70,40,111,35,33,69,84,65,151,90,68,164,52,41,96
LGA32080,539,241,520,757,281,579,861,4,20,26,3,9,15,14,8,22,253,487,745,315,657,973,465,811,1276,7233,6775,14010,7246,6543,13789,7832,7724,15557,20322,20749,41066,21998,23350,45351,24464,26184,50645
LGA32250,0,0,7,5,0,0,0,0,0,0,0,0,0,0,0,0,0,0,4,3,7,4,0,3,3,184,132,316,163,166,332,130,105,233,319,262,585,292,290,582,273,263,533
LGA32260,82,34,95,134,23,60,92,3,3,4,0,0,0,0,0,0,45,71,109,53,128,178,49,91,143,1438,1296,2735,1152,972,2123,1638,1494,3135,4034,4116,8148,3544,3547,7091,4040,3973,8010
LGA32270,95,35,74,113,47,96,139,4,0,3,6,3,6,0,0,3,43,77,119,46,88,137,60,118,176,1385,847,2228,1709,1071,2781,2061,1578,3639,4249,3797,8043,4667,4070,8735,4947,4619,9569
LGA32310,25,4,38,42,10,32,46,0,0,0,0,0,3,0,0,0,11,23,43,18,44,65,27,40,68,438,405,843,596,472,1075,660,676,1336,1749,1708,3464,1818,1821,3637,1931,2024,3947
LGA32330,3,0,3,4,5,3,8,0,0,0,0,0,0,0,0,3,4,0,4,0,3,8,10,5,19,61,39,101,12,12,26,32,32,65,231,234,468,194,173,363,225,204,430
LGA32450,18,3,4,5,3,3,12,0,0,0,0,0,0,3,0,3,4,12,18,9,4,9,7,3,16,178,148,320,295,158,452,273,215,487,465,423,888,532,441,968,486,465,952
LGA32500,12,4,5,13,3,10,14,0,0,0,0,0,0,0,0,0,3,10,12,4,8,11,7,12,22,353,235,587,681,163,843,422,328,747,606,483,1093,948,466,1408,706,664,1375
LGA32600,0,0,0,0,0,0,0,0,0,0,0,0,0,0,0,0,0,0,0,0,0,0,0,0,0,24,9,34,21,18,42,45,31,76,31,39,67,49,31,80,59,59,116
LGA32750,0,0,0,0,0,0,0,0,0,0,0,0,0,0,0,0,0,0,0,0,0,0,0,0,0,15,12,30,11,6,14,17,28,48,34,37,69,21,25,45,49,45,98
LGA32770,0,0,0,0,0,0,0,0,0,0,0,0,0,0,0,0,3,0,3,3,3,10,0,0,0,95,96,190,35,17,55,30,24,48,210,199,401,213,170,376,265,217,483
LGA32810,32,14,32,43,14,44,53,0,0,0,3,0,3,3,0,0,19,26,42,27,38,63,24,52,78,630,509,1134,651,531,1182,824,889,1712,1467,1368,2839,1485,1426,2912,1691,1780,3478
LGA33100,3,0,3,3,0,0,0,0,0,0,0,0,0,0,0,0,8,3,8,0,3,3,3,0,3,41,37,76,38,35,71,53,40,100,102,101,203,79,86,169,99,98,198
LGA33200,6,0,10,10,3,3,6,0,0,0,0,0,0,0,0,0,0,6,5,0,8,8,7,3,9,72,62,132,91,57,150,76,76,150,224,237,469,248,214,461,176,173,352
LGA33220,313,135,261,394,141,257,406,8,3,10,3,9,14,3,5,7,141,260,407,206,343,550,237,407,644,3452,2947,6401,3740,3263,7007,4929,4390,9316,11457,11795,23256,12485,13049,25537,13576,13983,27559
LGA33360,181,87,158,246,98,246,345,4,3,11,0,9,6,4,8,11,85,164,243,123,198,324,139,301,441,2146,1793,3946,2729,2196,4923,2614,2329,4946,7822,7711,15533,8540,8372,16915,9108,9557,18661
LGA33430,1802,809,1633,2448,1020,2111,3136,27,30,56,23,25,47,24,22,55,862,1688,2556,1391,2333,3723,1802,3139,4938,22422,21097,43519,19838,19285,39127,21550,22538,44089,65337,66705,132044,71957,76031,147986,81687,88062,169751
LGA33610,35,16,24,39,14,26,40,0,0,4,0,0,0,0,0,0,12,34,49,22,20,49,14,28,43,525,447,972,471,477,942,612,582,1195,1433,1397,2825,1500,1583,3085,1574,1655,3228
LGA33620,193,50,132,179,64,153,218,3,4,5,0,4,4,10,0,10,78,168,245,84,166,258,132,213,342,1414,1366,2773,1736,1744,3481,2254,2300,4554,5743,5730,11473,6049,6464,12510,6702,7128,13834
LGA33800,29,4,6,14,5,26,30,0,0,0,0,0,0,0,0,0,6,25,35,9,10,18,4,29,34,324,340,659,379,346,721,501,511,1018,1612,1537,3156,1419,1410,2835,1431,1392,2824
LGA33830,0,0,3,3,4,3,5,0,0,0,0,0,0,0,0,0,3,3,5,8,3,7,4,3,8,18,15,33,22,12,41,50,31,80,96,107,209,140,144,280,159,112,273
LGA33960,533,223,475,696,349,764,1118,3,10,18,9,9,19,12,16,28,265,468,739,375,652,1025,606,1135,1741,5976,5271,11252,6403,5541,11940,7220,7048,14270,21763,21830,43594,25020,25407,50422,30094,32212,62300
LGA33980,79,29,68,97,24,63,90,0,0,0,0,0,0,3,0,3,26,65,97,34,79,113,37,75,118,1596,749,2350,1684,788,2471,1949,1196,3147,3678,2807,6481,4000,3094,7092,4040,3467,7506
LGA34420,3,0,0,0,0,0,0,0,0,0,0,0,0,0,0,0,3,3,3,3,0,3,0,0,0,30,45,76,13,7,19,22,20,42,100,111,210,116,116,233,116,110,232
LGA34530,87,35,82,119,49,101,147,0,4,3,0,0,0,0,0,0,33,75,112,38,90,130,66,117,184,1745,1007,2752,1835,1071,2906,2331,1431,3761,4895,4364,9254,5243,4558,9807,5977,5171,11140
LGA34570,4,0,0,0,0,3,3,0,0,0,0,0,0,0,0,0,0,4,4,0,0,3,0,3,5,36,38,68,12,10,23,69,65,135,64,67,133,58,73,133,124,117,238
LGA34580,120,43,82,121,48,127,170,3,3,4,3,0,3,0,3,5,47,112,157,72,115,185,95,185,285,1256,1185,2436,1513,1369,2883,1996,1760,3762,4637,4910,9546,5193,5655,10845,6047,6348,12400
LGA34590,1006,415,803,1217,471,1157,1631,30,18,51,22,21,46,20,25,38,461,945,1409,701,1155,1862,861,1759,2618,10493,10235,20725,10277,9894,20172,10713,11011,21727,39227,40713,79940,41186,42776,83961,45485,48599,94085
LGA34710,10,8,8,12,8,10,16,0,0,0,0,0,0,0,0,0,7,9,21,8,9,18,13,14,24,203,184,382,156,158,313,186,199,387,593,623,1211,544,602,1150,510,560,1070
LGA34770,353,141,263,411,163,390,552,7,9,15,6,7,13,4,12,14,132,293,423,186,302,492,223,472,693,5476,4283,9757,5478,3341,8813,5711,4222,9934,15798,15300,31094,16573,15059,31634,17405,17068,34478
LGA34800,5,0,9,7,0,0,0,0,0,0,0,0,0,0,0,0,3,3,5,0,7,8,0,3,3,48,37,89,87,29,116,33,29,65,111,96,204,139,98,245,77,91,171
LGA34830,3,0,0,4,0,0,0,0,0,0,0,0,0,0,0,0,0,0,3,4,0,5,0,0,0,13,4,14,3,0,6,8,4,13,25,31,55,27,35,55,36,45,76
LGA34860,45,3,27,37,9,34,44,0,0,0,3,0,3,0,0,0,16,35,55,10,33,44,15,39,59,391,386,773,735,608,1347,766,655,1420,1628,1642,3268,1915,1779,3692,1975,1887,3867
LGA34880,53,32,64,89,20,54,73,0,0,0,0,0,3,0,4,4,25,50,78,35,76,116,29,85,116,1502,863,2364,1454,829,2288,2167,1187,3354,3150,2702,5851,3175,2854,6028,3949,3189,7129
LGA35010,1459,615,1249,1871,710,1581,2289,17,22,34,22,21,44,25,28,52,650,1253,1901,983,1672,2656,1164,2209,3371,11448,10775,22218,12067,11111,23175,13785,13754,27538,47734,48604,96339,52988,55383,108365,61055,65111,126162
LGA35250,0,0,0,3,3,0,3,0,0,0,0,0,0,0,0,3,3,0,3,3,6,6,4,3,4,24,29,59,36,32,64,63,62,125,121,116,234,173,167,339,200,187,392
LGA35300,73,26,58,84,25,71,94,3,0,5,0,0,0,0,0,0,44,63,104,32,67,99,37,80,117,1624,1391,3009,1876,1430,3309,1237,1070,2306,3626,3363,6983,3848,3453,7301,3080,3138,6218
LGA35600,13,8,3,12,3,10,13,0,0,0,0,0,0,0,0,0,5,14,15,8,3,12,3,14,19,226,202,426,229,206,436,185,196,385,689,664,1346,665,628,1296,560,589,1156
LGA35670,3,3,3,6,0,0,0,0,0,0,0,0,0,0,0,0,0,3,5,4,3,4,3,0,3,33,30,68,6,9,17,30,12,37,137,140,278,136,130,272,143,126,264
LGA35740,189,59,161,217,71,182,249,0,5,10,0,0,0,6,0,5,77,169,245,85,207,289,111,257,361,2030,1922,3945,1672,1635,3308,1887,1973,3858,6488,6574,13066,6261,6648,12911,6697,7134,13825
LGA35760,41,13,20,32,11,20,32,0,0,0,0,0,0,0,0,0,9,34,49,10,25,36,22,20,39,381,330,710,484,429,911,709,652,1361,1268,1318,2586,1282,1390,2670,1510,1539,3048
LGA35780,4,0,0,3,6,15,16,3,0,3,0,0,0,0,0,0,7,8,17,7,7,13,4,22,31,88,81,167,76,70,144,73,77,156,371,398,764,387,402,787,475,513,990
LGA35790,3,4,0,3,0,3,3,0,0,0,0,0,0,0,0,0,3,3,7,7,8,13,0,7,8,135,126,263,31,31,67,58,46,102,366,359,730,328,299,624,328,305,632
LGA35800,5,0,0,3,0,7,4,0,0,0,3,0,0,0,0,0,0,10,10,4,4,6,0,7,4,94,72,165,90,68,153,78,81,157,257,247,497,200,237,435,184,220,408
LGA36070,3,3,0,4,0,0,0,0,0,0,0,0,0,0,0,0,0,3,4,3,0,5,0,0,0,17,22,42,6,3,9,25,13,34,71,64,138,73,66,145,90,96,188
LGA36150,0,4,0,7,0,0,3,0,0,0,0,0,0,0,0,0,0,0,0,5,0,7,0,3,0,48,36,91,34,18,53,30,22,54,122,139,265,119,96,217,105,101,210
LGA36250,523,200,410,616,222,463,684,0,11,13,9,3,15,6,10,17,223,443,670,305,527,836,341,603,946,3939,3928,7868,3534,3516,7050,3596,3780,7381,18152,18983,37133,18795,19693,38489,19675,20804,40472
LGA36300,5,0,3,4,0,0,0,0,0,0,0,0,0,0,0,0,3,7,10,0,3,4,0,0,0,63,37,103,49,30,80,42,33,70,153,107,261,110,114,223,98,91,188
LGA36370,221,106,172,273,124,298,421,8,10,19,0,7,7,6,0,6,117,196,308,143,212,360,213,395,603,3545,3275,6818,3715,3439,7154,3503,3231,6731,11478,11693,23168,11365,11773,23141,11984,12678,24656
LGA36510,137,41,112,150,52,111,160,3,3,4,0,4,3,0,3,5,50,129,183,59,138,193,72,152,221,1350,1141,2490,1136,1005,2137,1882,1693,3573,4680,4742,9426,4670,4932,9600,5760,5997,11758
LGA36580,63,22,57,81,26,70,101,0,0,0,3,0,3,0,0,0,23,54,77,29,69,97,44,96,145,795,732,1522,764,678,1442,1163,1150,2310,2532,2699,5232,2844,2910,5752,3476,3675,7148
LGA36630,111,34,66,95,42,68,113,0,0,0,0,0,0,3,4,4,49,100,151,44,84,130,60,86,143,1201,1152,2352,1052,933,1991,1521,1350,2874,4032,4166,8198,4064,4241,8309,4465,4435,8896
LGA36660,111,42,72,112,40,95,129,3,0,4,0,0,0,3,3,4,43,95,133,51,85,143,56,123,182,1041,1059,2100,1042,1083,2129,1276,1294,2568,4368,4433,8795,4337,4605,8938,4642,4761,9406
LGA36720,930,394,891,1284,434,943,1378,25,28,52,15,20,32,17,26,39,425,852,1279,580,1151,1726,684,1314,1997,8193,8418,16616,7822,7308,15122,9391,9680,19076,31466,33347,64814,34233,36750,70984,39778,43721,83499
LGA36820,86,26,84,111,24,76,104,0,0,3,3,4,5,0,0,0,37,71,107,38,102,137,45,95,135,1025,1004,2030,1032,973,2007,1170,1204,2373,3173,3432,6610,3103,3368,6469,3285,3523,6804
LGA36910,587,181,429,615,305,570,877,10,8,20,13,16,24,4,11,21,259,503,770,301,574,879,464,770,1233,4829,4594,9420,4828,4823,9659,6030,6269,12301,21593,22898,44492,21891,23224,45114,23896,26032,49931
LGA36950,10,0,11,11,3,3,9,0,0,4,0,0,0,0,0,0,10,15,27,0,12,12,3,6,8,152,148,303,256,245,506,296,304,594,618,616,1233,644,639,1284,745,771,1516
LGA36960,26,8,14,21,3,3,9,0,0,0,0,0,0,0,0,0,21,26,43,24,27,48,7,4,17,172,142,313,139,110,246,210,201,412,740,704,1448,777,680,1463,795,822,1608
LGA37010,614,223,410,627,294,607,902,5,14,23,6,3,15,10,14,30,271,552,825,317,513,838,502,870,1369,6912,5835,12747,7794,6367,14168,8492,6943,15433,24730,25647,50370,27188,28279,55464,29906,31398,61310
LGA37300,8,5,7,13,5,7,6,0,0,0,0,0,0,0,0,0,4,5,8,3,11,18,9,7,11,171,151,316,229,177,411,225,190,412,486,464,948,566,554,1122,634,653,1290
LGA37310,87,31,48,80,29,92,126,0,3,4,0,0,3,3,3,12,44,65,103,45,60,102,53,134,189,1129,1092,2218,1545,1273,2813,2094,1917,4010,4047,4010,8053,4630,4420,9053,5473,5410,10885
LGA37340,102,31,84,124,42,118,161,3,3,8,0,0,4,0,0,4,36,90,123,48,109,155,56,140,193,2193,1571,3768,2240,1557,3800,2525,2089,4619,4695,4024,8720,4748,4160,8908,5241,5046,10289
LGA37400,6,0,0,3,0,0,4,0,0,0,0,0,0,0,0,0,0,9,9,3,7,7,0,3,7,107,64,170,57,33,87,63,52,119,203,164,363,159,150,307,135,150,289
LGA37550,0,3,3,4,0,3,3,4,0,4,0,0,0,0,0,0,3,0,4,3,3,4,3,8,15,75,63,139,24,19,45,42,33,80,187,163,348,135,134,270,171,150,323
LGA37570,0,0,0,0,0,0,0,0,0,0,0,0,0,0,0,0,0,0,0,0,0,0,0,0,3,4,4,11,3,0,3,7,8,13,52,39,91,32,20,44,24,25,52
LGA37600,14,0,3,4,4,3,6,0,0,0,0,0,0,0,0,0,4,17,23,4,10,7,7,3,10,41,47,88,31,31,55,68,79,144,373,396,778,322,353,680,432,442,874
LGA39499,60,14,27,43,18,39,57,0,0,0,0,0,0,0,3,5,50,58,112,39,47,87,41,71,112,1102,651,1754,1297,650,1944,1598,1045,2650,1647,1257,2902,1750,1211,2962,2039,1581,3621
LGA39799,0,0,0,0,0,0,0,0,0,0,0,0,0,0,0,0,0,0,0,0,0,0,0,0,0,4,0,4,55,35,86,6,12,21,6,0,6,81,55,130,14,18,33
LGA40070,86,50,80,127,36,70,109,0,3,3,5,3,6,0,0,3,67,83,151,119,141,258,105,142,250,1541,955,2502,1344,835,2182,1514,1032,2552,3822,3504,7330,4434,4242,8670,5249,5045,10290
LGA40120,216,68,115,179,41,101,146,0,0,5,0,0,0,0,3,3,86,168,249,102,145,245,70,130,205,1039,971,2011,880,834,1717,1016,997,2011,5937,5892,11837,5812,5877,11689,5722,5928,11646
LGA40220,56,21,58,83,15,54,69,0,0,3,5,0,7,0,0,0,23,51,78,39,80,118,32,66,101,893,942,1837,564,596,1159,943,982,1925,2809,2997,5809,2650,2983,5632,3033,3408,6443
LGA40250,4,0,3,3,5,6,11,0,0,0,0,0,0,0,0,0,3,3,8,0,3,3,4,11,18,121,119,243,66,61,134,138,165,309,322,328,652,371,373,749,376,408,778
LGA40310,79,26,68,91,22,56,84,0,0,0,0,0,5,0,0,0,21,67,89,40,81,122,43,78,116,501,480,984,477,494,974,749,752,1500,2786,2810,5598,2862,2991,5855,3194,3289,6479
LGA40430,6,0,5,5,0,4,9,0,0,0,0,0,0,0,0,0,6,5,10,0,7,11,0,4,9,92,96,188,86,81,166,109,111,223,322,297,626,267,272,542,283,284,565
LGA40520,42,13,31,43,11,25,37,0,0,0,3,0,4,0,0,3,26,36,69,21,44,68,22,35,52,391,418,809,375,409,781,426,416,841,1472,1594,3070,1453,1523,2983,1443,1388,2836
LGA40700,228,73,120,194,72,105,179,5,0,5,0,0,3,0,3,3,99,177,279,106,151,252,101,155,256,1253,1523,2772,938,1120,2058,928,1031,1963,6409,7134,13546,6390,6963,13351,6839,7283,14127
LGA40910,215,79,144,226,90,133,219,0,7,5,5,4,11,0,0,0,92,218,314,144,222,367,125,197,325,1312,1473,2787,1136,1304,2435,1022,1042,2070,6617,6914,13530,6791,7104,13894,7042,7099,14143
LGA41010,7,4,10,12,3,7,10,0,0,0,4,0,4,0,0,0,0,5,8,8,17,20,10,7,15,202,193,396,118,119,240,243,259,507,575,566,1142,459,507,965,543,596,1138
LGA41060,463,176,319,497,214,300,513,13,3,16,15,6,17,0,13,9,262,447,712,309,492,802,364,446,811,3605,3677,7281,3388,3332,6722,3125,3254,6377,13809,14195,28001,14217,14644,28857,14885,15625,30516
LGA41140,21,6,24,35,8,21,25,0,0,4,0,0,0,0,0,0,10,23,35,10,32,46,13,29,39,232,238,469,227,245,465,334,339,678,1070,1109,2176,1067,1196,2262,1176,1234,2409
LGA41190,4,0,0,0,0,4,4,0,0,0,0,0,0,0,0,0,6,4,14,3,0,4,4,6,11,50,43,95,24,25,54,82,63,138,283,267,550,216,194,415,251,235,484
LGA41330,3,3,4,3,0,8,3,0,0,0,0,0,0,0,0,0,8,3,5,5,4,3,5,9,14,194,171,365,146,113,259,162,162,323,309,286,601,248,226,472,279,292,568
LGA41560,21,16,42,53,10,38,48,0,0,0,0,0,0,0,0,0,10,17,28,17,44,56,20,47,65,380,414,786,343,339,688,642,642,1282,1359,1525,2883,1413,1525,2938,1799,1739,3537
LGA41750,0,0,0,3,0,4,3,0,0,0,0,0,0,0,0,0,4,3,5,0,3,3,3,7,12,28,27,55,18,11,37,37,38,69,148,172,325,114,130,242,126,127,255
LGA41830,3,0,6,6,0,3,3,0,0,0,0,0,0,0,0,0,0,3,3,0,7,7,0,6,6,96,88,180,53,56,114,77,73,151,280,236,512,226,224,454,197,213,411
LGA41960,0,0,5,5,0,3,3,0,0,0,0,0,0,0,0,0,0,6,5,0,5,5,0,3,5,25,30,58,52,62,113,75,71,140,126,137,261,153,165,316,179,155,336
LGA42030,90,36,66,100,16,73,91,0,3,3,3,0,3,0,0,0,39,79,118,44,88,130,34,103,133,568,654,1216,592,643,1235,714,722,1440,2653,2906,5561,2655,3014,5673,2996,3317,6313
LGA42110,16,3,12,12,4,11,15,0,0,0,0,0,0,0,0,0,3,14,14,12,12,20,4,11,15,125,130,252,132,122,256,184,172,357,534,551,1086,522,545,1067,509,593,1104
LGA42250,8,8,13,18,12,19,30,0,0,0,0,0,0,0,0,0,6,12,18,7,15,23,10,23,36,321,177,495,369,190,559,753,273,1025,1117,1028,2139,1211,1147,2357,1581,1113,2693
LGA42600,160,72,99,170,55,94,151,5,4,11,0,4,3,0,3,0,77,143,218,104,132,238,78,123,198,1135,1175,2317,1013,1105,2118,1001,1146,2143,4212,4644,8852,4290,4778,9074,4497,4937,9430
LGA42750,10,3,9,14,3,10,19,0,0,0,0,0,0,0,0,0,0,18,20,4,9,16,4,14,21,184,153,336,148,137,278,242,232,476,585,602,1187,522,545,1066,612,603,1214
LGA43080,4,3,3,5,0,3,3,0,0,0,0,0,0,0,0,0,3,0,4,3,3,5,0,3,3,29,35,63,32,24,62,42,43,87,132,161,301,118,141,258,149,149,294
LGA43220,7,0,3,3,0,0,0,0,0,0,0,0,0,0,0,0,0,3,7,0,4,4,0,0,0,26,26,47,34,37,70,43,40,86,133,136,271,126,141,265,140,140,282
LGA43360,4,3,3,6,0,6,6,0,0,0,0,0,0,0,0,0,3,0,3,4,9,7,0,6,6,71,56,125,86,59,148,100,112,212,293,308,601,284,251,531,293,262,557
LGA43650,36,15,24,36,11,32,46,0,0,0,0,0,4,0,0,0,16,28,41,24,40,59,14,46,60,379,304,692,363,317,672,434,381,819,1947,1865,3817,2125,2095,4220,2243,2305,4547
LGA43710,9,9,20,27,3,10,12,0,0,0,0,0,0,0,0,0,3,16,19,12,17,27,4,15,22,212,135,347,233,114,348,451,215,669,712,629,1341,793,679,1474,989,756,1738
LGA43790,38,21,24,50,10,19,35,0,0,0,0,0,0,0,0,0,21,25,44,26,41,72,23,35,56,344,356,696,307,294,600,395,408,795,1573,1616,3189,1478,1533,3003,1416,1516,2928
LGA43920,31,3,19,26,5,20,27,0,0,0,0,0,0,0,0,3,8,27,38,5,29,36,11,32,46,359,329,683,262,248,509,357,320,680,1245,1285,2535,1148,1223,2369,1268,1266,2535
LGA44000,0,0,0,0,0,0,0,0,0,0,0,0,0,0,0,0,0,0,0,0,0,0,0,0,0,19,19,38,4,4,5,22,23,43,25,23,52,19,13,28,22,23,43
LGA44060,435,168,295,470,142,243,384,6,8,13,7,7,16,4,11,14,208,390,596,255,405,663,253,384,641,2224,2356,4582,2140,2191,4329,2035,2213,4247,10749,11470,22220,11206,11961,23166,11934,12978,24910
LGA44210,19,4,11,16,3,20,22,0,0,0,0,0,0,3,0,3,12,25,31,4,22,27,11,20,26,439,277,718,507,296,806,604,371,979,1099,1005,2105,1143,970,2106,1204,1008,2209
LGA44340,325,121,210,325,103,162,266,5,8,18,6,6,10,3,5,10,155,273,424,179,266,449,173,229,403,1472,1566,3040,1200,1236,2437,1370,1422,2790,9378,9924,19297,9337,9913,19252,9786,10582,20368
LGA44550,124,50,94,146,37,90,127,5,0,3,0,3,3,4,0,4,59,118,175,68,118,184,60,126,181,691,787,1476,613,580,1188,973,1038,2006,3974,4338,8316,4175,4559,8736,4811,5308,10120
LGA44620,59,40,45,83,35,75,111,0,0,0,0,0,0,3,0,3,28,56,80,54,62,117,62,98,161,807,790,1596,683,731,1419,839,909,1751,3225,3583,6803,3316,3693,7009,3500,3906,7405
LGA44830,14,3,9,10,0,5,5,0,0,0,0,0,0,0,0,3,8,9,20,3,7,13,0,5,11,115,87,199,95,110,196,111,103,216,388,400,788,344,377,721,335,353,689
LGA45040,60,29,60,94,29,47,73,0,0,0,0,4,4,0,0,0,16,54,78,40,80,124,44,72,118,854,663,1509,1093,728,1822,1134,796,1930,2587,2548,5139,2913,2751,5666,3013,2834,5846
LGA45090,26,15,22,37,13,26,41,0,0,0,0,0,0,0,0,0,15,23,37,20,25,40,16,28,51,227,206,434,221,231,450,260,252,511,1114,1077,2192,1051,1067,2118,1099,1048,2146
LGA45120,27,0,18,18,3,9,7,0,0,0,0,0,0,0,0,0,15,18,29,3,15,23,6,9,20,164,154,315,131,101,229,177,147,322,678,681,1357,555,530,1086,553,540,1090
LGA45290,217,67,113,179,56,111,169,5,6,4,5,0,5,0,0,0,101,190,287,114,172,284,98,161,258,1200,1191,2391,1083,954,2039,911,985,1891,5150,5352,10499,5318,5395,10710,5303,5461,10761
LGA45340,727,276,520,798,272,484,754,8,14,15,7,6,15,5,9,16,301,614,919,382,680,1056,387,692,1079,4309,4188,8501,4176,4237,8419,4675,4970,9640,21512,22222,43733,21705,23096,44805,22613,24236,46848
LGA45400,6,0,0,0,0,0,0,0,0,0,0,0,0,0,0,0,0,6,6,3,0,4,0,0,0,21,17,34,22,13,35,37,45,85,114,126,247,98,95,197,115,119,227
LGA45540,7,0,0,4,0,5,5,0,0,0,0,0,0,0,0,0,0,11,11,0,6,4,0,5,5,110,85,193,70,65,141,82,73,157,268,282,551,226,220,450,206,196,398
LGA45680,408,131,260,392,143,332,481,6,6,17,3,8,16,6,11,21,207,419,623,229,383,612,308,556,863,2975,3080,6060,3099,2965,6068,3615,3576,7190,10987,11523,22511,11921,12452,24371,13862,14619,28476
LGA45890,523,211,381,585,247,389,632,14,25,38,11,17,29,14,9,20,295,552,845,423,640,1060,451,653,1112,5033,4618,9657,4803,4170,8972,4278,3944,8227,15653,15576,31234,17107,16874,33983,17671,18103,35777
LGA46090,25,7,29,35,8,26,37,0,0,3,0,3,3,0,4,4,15,31,47,23,37,59,16,30,46,1074,656,1735,1182,839,2023,1209,686,1900,2388,2069,4454,2376,2117,4498,2391,1936,4323
LGA46300,40,15,57,71,18,31,48,0,3,3,0,0,0,0,0,0,23,32,58,26,73,96,25,39,67,563,530,1089,485,444,931,589,590,1176,1945,1987,3933,1823,2014,3836,1872,2008,3881
LGA46450,42,15,31,46,7,28,35,0,0,0,0,3,3,0,0,0,24,43,65,34,48,80,19,49,67,575,636,1211,565,559,1124,613,637,1252,2345,2500,4850,2299,2382,4679,2203,2384,4585
LGA46510,87,41,56,96,41,45,88,3,5,4,3,3,4,0,0,0,43,82,131,92,102,190,65,69,131,622,674,1299,559,474,1035,513,498,1014,3087,3118,6199,3053,3087,6142,3197,3045,6239
LGA46670,26,7,20,23,15,23,37,0,0,0,0,0,0,0,0,0,21,28,41,23,27,45,19,29,44,388,380,766,372,368,740,418,422,834,1350,1405,2756,1269,1316,2585,1257,1296,2554
LGA46860,6,0,7,9,3,3,4,0,0,0,0,0,0,0,0,0,0,7,6,0,4,5,3,7,8,251,214,468,62,42,105,64,62,127,372,337,711,177,153,334,169,157,327
LGA46970,17,4,8,19,0,14,14,0,0,0,0,0,0,0,0,0,4,14,17,4,8,19,0,16,16,220,118,343,390,124,518,248,118,365,751,604,1356,902,626,1524,680,581,1261
LGA47140,526,215,403,624,258,504,759,12,10,25,6,18,24,15,8,18,344,520,860,394,616,1010,531,848,1378,4430,4329,8757,4602,4544,9154,3950,4033,7987,17567,17676,35241,18724,19210,37930,19916,20829,40745
LGA47290,11,0,3,5,3,4,3,0,0,0,0,0,0,0,0,0,0,9,10,4,4,11,6,4,7,41,44,88,63,54,118,96,94,186,248,279,529,238,268,504,246,255,498
LGA47490,4,3,3,5,3,0,0,0,0,0,0,0,0,0,0,0,4,7,12,3,8,11,3,0,3,100,72,175,93,72,167,90,88,182,301,288,587,282,287,573,275,286,562
LGA47630,16,6,22,27,7,13,19,0,0,0,0,0,0,0,0,0,6,25,28,24,25,42,15,18,31,239,180,422,145,140,284,327,278,603,1012,962,1974,861,858,1719,958,938,1894
LGA47700,453,197,290,478,158,281,442,3,5,5,4,3,8,9,6,12,221,391,614,283,393,675,247,399,646,2410,2468,4873,2101,2288,4392,1931,2114,4040,13553,14110,27658,12882,13535,26417,12817,13536,26354
LGA47800,21,4,10,15,9,17,24,0,0,0,0,0,0,0,0,0,0,17,19,4,10,12,17,27,38,195,180,380,272,230,502,218,225,440,743,796,1539,776,743,1519,678,721,1404
LGA47910,4,3,9,10,4,0,3,0,0,0,0,0,0,0,0,0,0,3,11,3,9,11,4,3,5,75,88,165,41,67,111,80,97,179,304,306,613,262,299,564,275,332,605
LGA47980,189,67,92,160,69,103,176,0,3,3,0,3,3,0,0,3,98,163,260,84,127,217,104,149,255,969,1316,2286,978,986,1970,914,990,1906,5232,6122,11354,5410,5964,11365,5631,6192,11824
LGA48050,40,16,28,45,10,26,35,0,0,4,0,0,0,0,0,0,17,33,51,26,38,61,22,29,56,429,501,932,517,581,1096,458,516,978,1336,1388,2720,1477,1632,3108,1481,1635,3115
LGA48130,24,3,16,16,9,19,28,0,0,0,0,0,0,0,0,0,7,19,31,8,21,28,14,29,35,248,239,494,217,183,400,249,250,498,901,925,1829,886,900,1789,904,936,1838
LGA48260,32,12,27,34,17,28,42,0,0,4,0,3,6,0,0,0,9,35,43,14,28,43,25,36,63,256,258,514,227,217,438,212,224,435,1080,1146,2224,1065,1115,2178,1134,1234,2371
LGA48340,24,20,14,33,13,21,31,0,0,0,0,0,0,0,0,3,12,20,32,20,25,48,16,30,49,395,400,795,326,344,673,462,469,927,1668,1701,3374,1540,1592,3129,1580,1582,3157
LGA48410,286,133,193,318,124,183,311,0,4,6,4,12,14,0,8,7,177,273,451,247,290,534,213,292,508,1878,1707,3589,1647,1783,3432,1541,1729,3272,7383,7522,14903,7778,8296,16076,8228,8991,17215
LGA48540,52,23,33,61,20,69,84,0,3,3,3,3,5,3,0,6,21,54,75,31,46,83,36,89,120,878,798,1679,938,881,1817,897,924,1819,3257,3280,6536,3176,3276,6450,3045,3375,6422
LGA48640,0,0,0,0,0,0,0,0,0,0,0,0,0,0,0,0,0,3,3,0,5,5,0,0,0,19,31,48,27,40,64,47,51,104,154,184,334,130,170,299,157,187,342
LGA48750,13,0,12,15,10,10,15,0,0,0,0,0,0,0,0,0,0,14,13,0,12,16,8,11,22,186,201,388,116,104,219,207,196,398,510,559,1067,421,515,936,561,612,1177
LGA48830,31,3,19,21,5,26,32,0,0,0,0,0,0,0,0,0,5,29,37,14,25,33,12,33,49,370,366,734,267,256,522,390,365,755,1329,1347,2678,1128,1163,2289,1169,1170,2340
LGA49399,3,6,6,16,3,3,4,0,0,3,0,0,3,0,0,0,4,5,5,11,14,22,7,3,7,269,175,444,397,320,719,377,236,614,558,484,1042,731,602,1332,597,440,1040
LGA49499,20,8,7,11,7,3,13,0,0,0,0,0,0,0,0,0,23,14,37,11,12,21,18,11,29,164,108,275,299,160,460,403,220,625,305,281,585,480,347,828,552,393,946
LGA49799,0,0,0,0,0,0,0,0,0,0,0,0,0,0,0,0,0,0,0,0,0,0,0,0,0,0,0,0,0,0,0,0,0,0,0,0,3,0,0,0,0,0,0
LGA50080,67,28,75,100,43,62,104,5,5,10,4,4,6,0,3,3,42,63,102,50,100,147,65,99,166,1274,1120,2393,1329,908,2232,1695,1261,2953,4541,4547,9084,4818,4633,9452,5326,5052,10373
LGA50210,194,85,178,264,135,282,416,4,0,5,4,3,12,7,9,15,78,185,263,152,243,394,245,425,665,2087,2080,4173,2552,2378,4930,2788,2703,5488,7445,7705,15147,9029,9131,18164,11644,12311,23947
LGA50250,15,15,23,31,25,22,49,0,0,0,0,0,0,0,0,0,4,17,19,16,18,39,31,24,55,495,274,775,1162,357,1523,1786,450,2238,1121,881,1996,1952,1074,3022,2674,1175,3848
LGA50280,35,19,25,52,19,34,51,0,0,0,0,0,0,0,0,0,13,37,49,23,36,65,18,48,63,481,424,902,558,466,1020,668,621,1291,1548,1598,3144,1714,1687,3399,2103,2105,4212
LGA50350,49,21,41,62,26,33,61,0,0,0,0,0,0,0,0,0,22,45,72,34,50,85,44,47,93,541,511,1053,495,497,998,468,479,947,1875,1839,3718,1975,1928,3904,2068,2083,4157
LGA50420,235,112,172,281,165,227,393,3,8,13,0,4,4,8,5,13,136,201,340,221,257,478,274,340,618,2559,2168,4727,2400,1931,4330,2267,2278,4543,7884,7761,15643,8434,8257,16688,9097,9238,18331
LGA50490,118,68,121,187,111,160,272,8,3,8,0,3,4,3,7,8,72,118,196,122,184,302,224,255,480,1754,1522,3277,1881,1584,3464,2240,2022,4263,4286,4328,8615,5190,4996,10179,6295,6017,12310
LGA50560,4,0,3,3,0,3,3,0,0,0,0,0,0,0,0,3,0,3,4,0,3,3,4,4,9,62,57,119,51,50,96,111,114,226,202,175,373,178,165,342,227,239,469
LGA50630,0,0,3,5,3,13,15,0,0,0,0,0,0,0,0,0,0,0,0,8,3,8,3,15,18,55,55,110,335,88,420,89,66,154,203,207,407,514,241,759,260,252,511
LGA50770,4,0,3,9,0,0,4,0,0,0,0,0,0,0,0,0,0,4,4,0,3,9,0,0,5,41,36,77,46,41,85,75,71,150,163,178,342,177,196,370,215,228,446
LGA50840,13,4,3,5,3,8,15,0,0,0,0,0,0,0,0,0,7,11,16,7,3,18,7,13,18,121,148,271,94,98,195,209,210,418,492,531,1021,515,554,1069,599,666,1271
LGA50910,0,0,0,0,3,0,7,3,0,3,0,0,0,0,0,0,5,3,8,3,0,3,3,4,6,28,35,59,34,23,60,56,68,123,106,137,245,98,105,202,113,142,256
LGA50980,35,19,37,53,8,36,41,0,4,4,0,0,0,3,0,3,19,26,47,24,41,65,22,51,73,1285,1060,2347,1131,860,1994,1192,1076,2269,2465,2364,4832,2587,2555,5137,2826,2879,5710
LGA51080,3,0,3,4,3,3,4,0,0,0,0,0,0,0,0,0,0,3,3,0,3,3,3,8,8,79,77,153,55,45,99,83,70,154,204,161,363,158,168,327,177,179,352
LGA51120,4,0,0,0,0,0,3,0,0,0,0,0,0,0,0,0,3,0,4,0,0,0,3,3,7,35,25,62,32,44,68,44,38,79,124,109,236,122,128,247,114,123,243
LGA51190,99,41,81,131,48,69,119,3,0,3,0,0,0,0,3,3,42,81,116,68,108,176,72,110,185,1609,1311,2922,1651,1292,2945,1625,1318,2946,4365,4246,8608,4279,4260,8539,4410,4363,8774
LGA51260,71,40,75,115,43,80,122,0,0,3,0,3,3,3,0,3,34,58,93,47,88,140,74,119,199,950,962,1912,984,950,1935,1465,1477,2934,3633,3707,7340,4104,4207,8318,5197,5507,10703
LGA51310,82,29,69,103,36,86,124,4,0,4,0,0,0,0,0,0,44,65,109,46,90,131,55,102,153,884,833,1710,605,653,1254,742,707,1443,3945,3924,7867,4096,4053,8148,4606,4489,9091
LGA51330,292,157,263,425,190,266,462,5,7,15,13,3,16,4,3,7,182,308,483,300,389,695,447,462,911,3105,2736,5844,2818,2400,5216,2485,2297,4780,13340,12981,26324,14563,14052,28611,15755,14841,30588
LGA51400,34,23,38,69,28,58,83,0,0,0,0,0,0,0,0,0,17,34,47,31,47,78,45,74,118,322,282,603,532,519,1054,566,530,1102,1655,1676,3331,2433,2524,4960,2747,2988,5734
LGA51470,0,0,0,0,0,0,0,0,0,0,0,0,0,0,0,0,0,0,0,0,0,0,0,3,3,46,31,81,29,28,59,21,26,48,128,106,232,61,72,134,74,68,140
LGA51540,17,5,15,17,3,7,12,0,0,3,0,0,0,0,0,0,10,12,23,6,14,23,11,11,18,346,324,671,405,402,809,506,441,944,871,919,1794,887,936,1822,941,875,1822
LGA51610,3,0,0,0,3,3,5,0,0,0,0,0,0,0,0,0,0,0,3,0,0,0,7,3,9,22,31,45,43,23,65,104,101,209,115,112,231,145,154,296,240,273,511
LGA51680,5,4,10,14,0,18,18,0,0,0,0,0,0,0,0,0,0,9,14,12,13,28,4,20,28,128,136,262,141,120,267,280,257,538,563,587,1145,654,641,1290,858,870,1724
LGA51750,32,9,18,30,19,23,38,0,0,0,0,0,0,0,0,3,26,25,50,19,27,45,20,30,50,367,377,743,467,303,774,389,413,804,1642,1548,3188,1654,1505,3154,1849,1670,3518
LGA51820,265,141,282,422,189,324,514,5,8,8,7,4,13,4,7,10,248,225,474,384,349,734,316,453,769,3264,2910,6177,2955,2731,5686,3559,3502,7066,11609,11508,23115,13116,13311,26422,15470,16333,31802
LGA51890,28,3,9,17,7,18,27,0,0,0,0,0,0,0,0,0,8,21,30,11,10,19,9,17,26,455,439,889,470,291,765,442,467,913,1367,1359,2728,1333,1125,2460,1243,1285,2527
LGA51960,14,5,9,16,8,7,14,0,0,0,0,0,0,0,0,0,3,15,18,8,13,20,6,11,18,290,249,542,321,237,563,284,208,497,734,626,1358,692,661,1355,646,581,1233
LGA52030,3,0,0,0,0,0,4,0,0,0,0,0,0,0,0,0,0,3,3,0,3,3,3,0,4,45,32,75,43,27,73,50,37,92,170,116,285,100,121,227,111,104,216
LGA52100,0,0,0,0,0,5,5,0,0,0,0,0,0,0,0,0,0,3,3,0,0,0,0,5,5,42,33,76,30,31,60,69,55,124,142,130,270,103,102,203,165,142,306
LGA52170,22,5,31,34,6,17,26,0,0,0,0,0,0,0,0,0,9,15,28,6,35,38,17,21,40,528,428,959,367,384,750,269,257,522,1292,1282,2575,1244,1348,2588,1202,1218,2423
LGA52240,9,3,0,3,0,0,0,0,0,0,0,0,0,0,0,0,0,5,7,5,0,7,4,0,6,34,23,59,48,36,86,59,53,116,123,137,256,132,147,276,132,145,279
LGA52310,3,0,0,0,0,0,0,0,0,0,0,0,0,0,0,0,0,4,6,0,0,3,0,0,0,29,21,49,16,16,29,75,47,120,111,114,221,85,119,202,133,121,258
LGA52380,4,0,0,0,0,0,0,0,0,0,0,0,0,0,0,0,0,3,4,0,0,0,0,0,0,21,31,53,35,27,58,34,20,57,54,53,105,52,34,86,40,27,65
LGA52450,4,0,0,0,0,0,0,0,0,0,0,0,0,0,0,0,0,3,3,0,4,4,0,0,0,49,39,89,48,35,80,86,66,155,211,137,345,202,167,368,294,215,507
LGA52520,3,3,0,7,0,5,7,0,0,0,0,0,0,0,0,0,0,4,4,5,0,8,3,5,12,46,34,83,37,21,64,80,63,142,200,173,370,156,130,287,212,173,383
LGA52590,11,0,5,11,0,12,12,0,0,0,0,0,3,0,0,0,0,7,11,3,13,20,0,8,8,158,134,292,202,152,349,159,142,301,419,390,806,456,397,851,382,361,741
LGA52660,30,11,30,43,23,52,71,0,0,3,0,0,0,0,0,0,14,32,42,17,37,53,28,61,93,360,315,672,417,373,788,513,464,982,1585,1470,3051,1710,1742,3458,1930,2101,4032
LGA52730,16,3,8,11,3,7,15,0,0,0,0,0,4,0,0,0,5,18,22,7,15,19,5,17,26,162,162,328,185,165,345,318,331,644,653,666,1312,688,734,1418,860,881,1739
LGA52800,16,7,4,12,8,9,17,0,0,0,0,4,4,0,0,0,8,14,26,13,20,31,12,10,25,395,352,746,1937,462,2406,597,506,1103,1017,1055,2068,2617,1191,3805,1336,1281,2623
LGA52870,14,8,11,16,4,7,14,4,0,3,0,0,0,5,0,3,8,12,13,13,18,29,11,20,35,165,128,293,183,131,314,292,310,598,676,633,1311,696,674,1370,790,849,1633
LGA52940,3,0,3,3,0,0,0,0,0,0,0,0,0,0,0,0,3,3,3,0,8,8,0,0,0,22,17,40,18,11,24,25,34,57,85,74,164,81,64,142,81,89,170
LGA53010,3,0,0,0,0,5,5,0,0,0,0,0,0,0,0,0,0,3,3,0,4,4,0,5,5,21,16,32,19,18,31,39,38,72,59,60,125,58,71,129,77,87,161
LGA53080,0,0,0,0,0,0,0,0,0,0,0,0,0,0,0,0,0,0,0,0,0,0,0,0,3,82,49,136,133,59,190,77,61,138,163,116,282,200,138,337,119,115,235
LGA53150,23,12,14,32,13,21,36,0,0,0,0,0,0,0,0,0,7,16,27,16,21,37,17,19,36,321,289,613,220,198,423,262,269,530,1084,1109,2193,1093,1076,2166,1120,1284,2407
LGA53220,19,10,18,31,21,15,38,0,0,0,0,0,0,3,0,3,8,20,24,19,21,37,26,23,44,755,378,1132,1780,659,2437,1551,529,2080,1358,971,2328,2570,1376,3951,2295,1238,3541
LGA53290,41,13,34,50,10,21,30,0,0,0,0,0,0,0,0,0,14,29,44,18,48,66,14,34,45,573,473,1045,591,515,1111,919,865,1785,1958,2024,3982,1981,1988,3971,2269,2330,4599
LGA53360,5,3,3,5,0,0,0,0,0,0,0,0,0,0,0,0,0,5,4,3,3,5,0,0,0,118,74,198,132,85,215,148,143,287,287,259,551,332,288,621,388,388,777
LGA53430,104,36,64,104,49,90,145,3,3,3,0,3,3,3,0,4,54,89,145,52,86,137,75,124,197,1401,1139,2541,1051,966,2022,1312,1341,2655,3620,3728,7349,3534,3869,7406,3984,4453,8437
LGA53570,8,3,0,3,0,16,19,0,0,0,0,0,0,0,0,0,10,11,16,9,6,19,6,20,29,345,321,664,277,189,465,297,246,540,649,658,1308,662,604,1261,700,698,1391
LGA53640,3,0,0,3,3,4,3,0,0,0,0,0,0,0,0,0,3,0,7,0,0,3,3,4,3,40,37,78,49,31,81,84,51,134,174,160,342,180,162,346,171,154,328
LGA53710,5,0,3,3,0,3,3,0,0,0,0,0,0,0,0,0,0,5,5,0,3,3,0,3,3,24,33,60,30,35,68,54,59,109,110,132,246,116,128,237,137,152,289
LGA53780,358,175,334,506,239,409,652,6,5,12,8,5,10,6,6,17,171,310,477,311,464,772,460,632,1092,4290,3583,7873,5196,3998,9190,4649,3416,8066,14248,13805,28053,17237,16319,33560,19100,18180,37278
LGA53800,56,34,51,85,35,78,115,3,0,3,0,3,7,0,3,3,33,51,79,49,71,127,65,117,181,1981,1832,3809,1740,1364,3103,2034,1799,3833,5549,5554,11097,5519,5566,11090,5887,6191,12081
LGA53920,0,3,3,4,3,3,10,0,0,0,0,0,0,0,0,0,0,0,3,3,7,10,5,5,10,284,255,543,153,108,254,384,405,785,562,566,1129,598,552,1149,671,660,1330
LGA53990,57,16,53,71,26,51,75,0,0,3,3,0,5,0,0,0,26,48,74,28,67,92,31,73,108,808,784,1591,902,844,1746,1112,1076,2186,3162,3045,6211,3509,3486,6996,4081,4170,8248
LGA54060,7,3,9,11,3,3,7,0,0,0,0,0,0,0,0,0,4,9,7,6,9,13,3,3,7,143,118,261,149,114,261,162,142,303,436,399,829,497,450,949,485,455,942
LGA54130,5,3,5,3,0,3,3,0,0,0,0,0,0,0,0,0,0,5,5,3,5,5,0,3,3,64,34,97,46,29,79,84,68,152,168,140,311,144,118,263,168,150,312
LGA54170,515,207,344,556,219,398,614,10,11,24,7,5,7,8,5,14,256,437,694,321,449,766,333,547,876,4737,4346,9085,3918,3636,7548,3485,3207,6688,23305,23563,46867,22587,22959,45540,22891,23074,45964
LGA54200,177,58,137,199,94,196,297,3,3,4,9,0,9,4,3,9,85,159,244,96,177,271,150,264,415,1746,1712,3457,1835,1658,3488,1841,1775,3611,7270,7334,14604,7635,7673,15314,8243,8656,16895
LGA54280,91,34,76,111,39,82,119,0,0,0,3,4,4,4,0,3,38,76,109,46,91,137,55,109,163,2136,1823,3962,2368,1810,4177,1772,1483,3251,5214,4793,10010,5388,4937,10329,4915,4890,9811
LGA54310,48,33,44,79,27,61,85,0,3,3,0,3,3,5,0,5,18,34,53,46,54,96,32,67,98,1569,1120,2689,3308,1578,4886,1892,1068,2955,3324,2822,6140,5209,3339,8547,4200,3308,7505
LGA54340,54,4,5,12,3,9,6,0,0,0,0,0,0,0,0,0,32,27,57,11,13,17,3,7,12,300,282,580,164,156,319,307,289,594,748,717,1466,650,647,1295,689,658,1348
LGA54410,3,3,3,8,0,0,5,0,0,0,0,0,0,0,0,0,0,0,3,5,3,12,0,0,5,50,48,95,47,34,83,68,68,139,149,155,305,167,153,314,172,184,352
LGA54480,0,0,3,3,0,0,0,0,0,0,0,0,0,0,0,0,0,0,0,0,3,3,0,0,0,10,4,15,10,3,13,42,28,69,60,53,116,62,50,111,86,75,162
LGA54550,4,0,8,8,0,0,3,0,0,0,0,0,0,0,0,0,4,4,4,0,6,9,0,0,3,118,94,210,62,52,117,110,108,218,296,275,576,213,228,449,252,277,531
LGA54620,0,0,3,3,0,3,3,0,0,0,0,0,0,0,0,0,3,0,3,0,4,4,0,4,4,30,20,53,73,28,104,41,35,78,117,104,222,149,114,259,100,111,211
LGA54690,0,0,0,0,0,0,0,0,0,0,0,0,0,0,0,0,0,0,0,0,0,0,0,0,0,6,15,20,5,4,12,17,10,21,41,39,80,44,41,79,52,38,94
LGA54760,0,3,0,3,3,0,3,0,0,0,0,0,0,0,0,0,0,0,0,3,3,3,3,0,3,25,23,50,14,15,28,32,27,61,106,109,216,96,101,198,83,90,173
LGA54830,60,31,80,115,62,147,209,0,0,3,0,5,3,0,0,0,26,60,86,39,104,145,116,215,335,1973,1263,3231,2092,1337,3431,2586,1518,4100,4261,3537,7802,4988,4409,9396,6837,6032,12863
LGA54900,4,0,6,9,0,0,0,0,0,0,0,0,3,0,0,0,4,0,4,3,8,9,0,0,0,47,32,81,46,26,74,60,71,128,167,146,315,152,161,315,155,181,344
LGA54970,0,0,4,4,0,3,3,0,0,0,0,0,0,0,0,0,0,3,4,0,4,4,0,3,3,51,31,82,105,39,146,165,61,220,99,73,172,181,101,281,216,128,348
LGA55040,8,0,8,12,0,0,3,0,0,0,0,0,0,0,0,0,0,8,6,3,8,11,3,6,4,70,67,136,463,204,673,235,108,340,212,176,391,625,335,958,315,187,508
LGA55110,156,74,150,229,103,286,384,0,6,4,0,6,7,6,3,11,47,172,218,110,222,331,171,397,565,2731,2849,5582,2982,2789,5773,2980,2883,5858,7614,8139,15756,9335,9766,19096,10658,11401,22061
LGA55180,25,3,3,10,4,13,17,0,0,3,0,0,0,0,0,0,15,24,36,11,6,18,8,19,27,354,365,720,309,298,609,431,472,901,1367,1408,2776,1266,1283,2549,1299,1365,2662
LGA55250,0,0,0,3,0,0,0,0,0,0,0,0,0,0,0,0,0,0,0,3,3,5,0,0,3,143,150,290,178,129,302,153,112,259,226,237,459,257,213,475,214,164,374
LGA55320,308,120,239,359,158,257,418,9,12,14,3,3,8,3,5,10,163,261,423,183,325,507,233,384,614,3013,3230,6246,2635,2530,5167,2556,2722,5278,14570,15473,30039,14507,14918,29425,14973,15406,30386
LGA55390,0,0,0,0,0,0,3,0,0,0,0,0,0,0,0,0,0,0,0,0,0,0,0,0,3,16,17,33,13,12,22,53,17,71,31,36,65,42,45,90,78,42,126
LGA55460,12,7,9,10,3,3,3,0,0,0,0,0,0,0,0,0,0,10,10,54,12,62,69,4,80,144,124,265,118,109,233,145,138,280,454,452,908,500,447,946,537,457,991
LGA55530,0,0,0,0,0,0,0,0,0,0,0,0,0,0,0,0,0,0,0,0,0,0,0,0,0,25,8,33,24,19,40,25,20,48,73,58,133,69,60,123,72,52,118
LGA55600,3,0,3,4,6,3,9,0,0,0,0,0,0,0,0,0,0,7,9,0,8,8,6,3,9,82,88,168,89,87,179,136,134,267,348,349,705,311,360,670,356,367,724
LGA55670,0,0,3,3,0,0,0,0,0,0,0,0,0,0,0,0,0,0,0,4,6,6,0,0,0,41,38,79,54,31,83,34,36,75,171,136,302,176,134,314,137,110,246
LGA55740,47,14,18,34,9,23,35,0,0,0,0,0,0,0,0,0,23,40,64,21,26,45,19,34,51,392,429,823,305,332,629,368,383,750,1273,1780,3047,1204,1741,2939,1385,1756,3144
LGA55810,0,0,0,0,0,0,0,0,0,0,0,0,0,0,0,0,0,0,0,3,0,3,0,0,0,49,35,82,60,24,88,69,51,118,81,75,156,109,73,179,98,78,180
LGA55880,0,0,0,3,0,3,3,0,0,0,0,0,0,0,0,0,0,0,0,4,0,4,0,3,3,20,13,33,12,3,17,28,22,47,79,67,137,65,52,111,70,64,132
LGA55950,8,0,0,0,0,0,0,0,0,0,0,0,0,0,0,0,0,6,8,0,0,0,0,0,0,9,17,26,12,11,23,29,18,49,54,74,127,54,42,97,68,50,126
LGA56090,142,38,92,133,43,106,144,3,0,4,0,3,3,0,0,0,64,140,204,60,129,191,72,146,216,2153,1144,3295,2604,1178,3787,3014,1075,4089,6294,5355,11651,6613,5371,11990,6975,5247,12223
LGA56160,0,0,0,0,0,0,0,0,0,0,0,0,0,0,0,0,0,0,0,0,0,0,0,0,0,6,6,13,7,6,11,34,15,43,18,17,35,17,20,34,33,32,63
LGA56230,27,4,30,37,10,41,59,0,3,3,0,0,0,0,0,0,6,35,39,6,39,51,22,62,88,637,525,1164,611,514,1126,801,699,1500,1709,1712,3416,1898,1888,3780,2324,2480,4807
LGA56300,5,3,0,3,0,3,3,0,0,0,0,0,0,0,0,0,0,5,6,3,5,9,0,3,3,34,44,81,41,33,72,68,66,133,137,139,275,154,121,274,156,152,301
LGA56370,3,0,0,3,0,4,0,0,0,0,0,0,0,0,0,0,3,3,3,0,0,3,0,4,0,29,22,54,31,26,57,27,32,61,114,90,206,87,92,176,78,97,173
LGA56460,12,0,3,4,4,10,15,0,0,0,0,0,0,0,0,0,3,9,14,8,5,14,6,12,19,139,175,314,194,164,361,335,322,656,754,835,1594,789,797,1580,822,888,1713
LGA56580,70,24,50,74,31,50,80,0,0,0,0,0,0,0,0,0,36,59,90,32,73,103,32,62,96,814,967,1781,530,519,1051,530,515,1045,3830,3881,7711,3744,3647,7392,3935,3651,7587
LGA56620,0,3,3,3,3,0,0,0,0,0,0,0,0,0,0,0,0,3,3,3,3,3,3,0,0,59,81,138,63,47,112,181,180,364,166,205,370,227,184,408,332,314,650
LGA56730,26,12,26,39,19,33,49,0,0,0,3,3,4,0,0,0,14,18,35,19,34,57,27,41,70,512,491,1002,578,524,1105,1012,532,1543,1504,1518,3020,1586,1615,3195,1976,1614,3589
LGA56790,0,3,0,3,0,3,3,0,0,0,0,0,0,0,0,0,0,3,6,4,0,4,3,3,9,150,150,303,135,100,231,212,180,392,428,419,848,408,372,778,435,446,882
LGA56860,0,0,0,0,0,0,0,0,0,0,0,0,0,0,0,0,0,0,0,0,0,0,0,0,0,5,3,9,13,5,13,13,8,21,30,35,66,36,32,74,39,32,64
LGA56930,6,0,9,7,0,12,9,0,0,0,0,0,0,0,0,0,0,8,5,3,9,8,4,12,15,70,71,142,67,70,138,48,62,114,264,443,705,279,371,654,248,432,682
LGA57000,0,0,5,5,0,3,3,0,0,0,0,0,0,0,0,0,0,0,0,0,5,5,0,3,3,16,20,34,68,14,86,48,24,70,58,75,134,127,65,192,86,56,147
LGA57080,70,55,77,130,90,160,248,0,3,3,0,3,3,0,0,0,66,81,143,117,139,254,196,265,461,1740,1073,2809,1629,1120,2756,1919,1674,3595,2856,2130,4994,3104,2573,5677,4045,4085,8127
LGA57140,0,0,0,0,0,0,4,0,0,0,0,0,0,0,0,0,0,0,0,0,0,0,0,4,0,59,64,126,39,44,84,67,66,138,146,171,318,143,150,293,155,156,311
LGA57210,9,3,7,8,0,6,7,0,0,3,0,0,0,0,0,0,4,8,15,9,12,21,10,14,22,209,201,412,257,158,409,322,243,570,648,691,1342,715,659,1381,781,666,1446
LGA57280,22,18,26,46,18,51,66,0,0,0,3,3,6,0,0,0,15,21,36,25,28,61,20,67,89,1780,1503,3283,1920,1250,3167,1280,1063,2347,2766,2506,5275,3068,2422,5492,2593,2535,5130
LGA57350,4,0,0,0,0,4,4,0,0,0,0,0,0,0,0,0,5,4,6,0,0,0,0,7,7,39,34,76,26,18,42,70,64,127,134,133,269,96,108,201,135,129,265
LGA57420,6,0,4,3,0,3,5,0,0,3,0,0,0,0,0,0,3,4,8,0,3,9,3,9,9,84,52,132,97,71,173,121,107,228,225,173,396,277,251,532,251,208,462
LGA57490,259,123,273,396,178,457,629,3,3,10,3,9,12,11,9,16,116,231,348,203,377,577,292,620,914,4082,3818,7902,4043,3459,7499,5232,4731,9960,13253,13517,26770,15384,15772,31157,19370,20105,39476
LGA57630,0,0,0,0,0,0,0,0,0,0,0,0,0,0,0,0,0,0,0,0,0,0,0,0,0,10,7,15,15,4,18,13,4,19,15,14,24,16,13,31,14,6,21
LGA57700,41,15,50,62,31,68,97,0,0,0,0,3,3,3,0,3,18,48,66,27,61,93,54,101,155,590,320,912,777,451,1227,1257,826,2084,2106,1917,4029,2779,2636,5416,4275,4013,8294
LGA57770,0,0,3,3,0,0,0,0,0,0,0,0,0,0,0,0,0,3,0,0,3,3,0,0,3,73,64,143,27,19,46,57,45,97,125,121,248,86,67,147,117,102,221
LGA57840,175,61,129,188,81,151,227,0,0,3,0,0,0,4,4,8,105,168,273,108,175,281,139,193,330,1865,1752,3617,1570,1478,3049,1467,1542,3007,6781,6408,13192,6702,6534,13237,7029,6879,13906
LGA57910,742,361,561,921,443,805,1248,7,17,28,15,11,35,14,16,29,402,692,1093,627,845,1471,828,1212,2038,8041,7671,15713,8120,7359,15482,7308,7743,15047,26036,26890,52922,28788,29097,57883,30553,32194,62752
LGA57980,73,42,48,90,40,63,102,0,0,0,0,0,0,0,0,0,41,58,105,49,77,126,65,92,149,857,720,1576,638,632,1264,662,719,1381,2925,2968,5897,2923,3106,6033,3439,3481,6921
LGA58050,329,137,330,471,236,492,727,10,3,11,4,11,13,9,10,23,161,311,478,209,435,642,406,704,1113,4291,4114,8407,4170,4010,8179,4854,5179,10031,15271,15059,30336,16835,16949,33786,20744,21613,42360
LGA58190,0,0,0,0,0,0,0,0,0,0,0,0,0,0,0,0,0,0,3,0,6,5,3,3,4,19,10,34,19,16,33,31,31,61,51,56,106,67,56,124,79,63,140
LGA58260,3,0,0,0,0,0,3,0,0,0,0,0,0,0,0,0,0,4,3,0,0,0,0,3,0,20,12,32,22,30,55,22,30,53,68,60,131,68,79,149,81,79,161
LGA58330,10,11,15,23,3,20,22,0,0,0,0,0,0,0,0,0,0,16,14,13,20,30,8,23,29,189,137,329,218,186,404,237,227,460,616,563,1180,594,634,1226,547,600,1149
LGA58400,3,0,0,0,0,0,0,0,0,0,0,0,0,0,0,0,0,3,3,0,0,0,0,0,0,16,13,26,14,11,23,38,30,63,61,51,107,45,30,73,52,46,100
LGA58470,0,0,0,0,0,0,0,0,0,0,0,0,0,0,0,0,0,0,0,0,0,0,0,0,0,36,31,65,26,10,37,27,16,43,58,51,106,43,34,79,56,51,109
LGA58510,129,58,106,170,106,145,248,0,3,3,0,0,3,3,0,3,87,123,207,112,193,305,196,229,426,1643,1582,3227,1656,1481,3137,1704,1731,3436,4670,4767,9433,5263,5291,10556,5635,5843,11477
LGA58540,4,0,0,0,0,3,3,0,0,0,0,0,0,0,0,0,3,0,4,0,0,0,0,3,3,32,28,64,41,29,70,62,26,94,122,109,233,114,95,205,120,116,237
LGA58570,129,79,126,204,88,133,215,3,4,4,3,0,0,0,3,3,104,139,239,168,204,373,164,292,459,1752,1394,3147,1533,1203,2733,1512,1358,2869,4345,4308,8656,4671,4616,9286,4957,5124,10077
LGA58610,5,0,3,3,0,4,4,0,0,0,0,0,0,0,0,0,3,3,4,0,3,7,0,5,5,78,87,166,62,60,119,96,111,207,240,254,492,211,236,452,242,274,513
LGA58680,0,0,0,0,0,0,0,0,0,0,0,0,0,0,0,0,0,0,0,0,0,0,0,0,0,24,14,40,14,10,21,31,27,54,52,48,97,53,54,100,60,56,122
LGA58760,401,230,416,641,313,694,1012,8,7,17,9,0,12,9,13,19,206,387,589,363,563,928,573,1021,1592,4729,4416,9148,5556,5182,10742,6213,6234,12452,17754,17910,35669,24006,24554,48564,29978,31031,61006
LGA58820,8,3,3,9,0,6,6,0,0,0,0,0,0,0,0,0,3,9,10,3,9,12,0,20,19,134,137,271,125,112,235,244,260,502,487,484,972,472,475,946,604,641,1244
LGA58890,6,0,0,3,0,0,0,0,0,0,0,0,0,0,0,0,0,6,6,0,3,3,0,0,0,30,30,61,19,30,48,33,33,65,120,106,225,96,105,196,92,102,185
LGA59030,0,0,0,0,0,0,0,0,0,0,0,0,0,0,0,0,0,0,0,0,0,0,3,0,3,9,9,17,14,9,21,30,14,46,27,31,64,37,21,58,51,37,85
LGA59100,0,0,3,3,0,0,0,0,0,0,0,0,0,0,0,0,0,0,0,0,3,3,0,0,4,14,18,24,27,20,45,37,32,72,77,87,162,81,97,175,97,95,187
LGA59170,0,0,5,5,0,8,8,0,0,0,0,0,0,0,0,0,0,0,0,4,5,4,0,8,8,30,37,60,19,29,49,50,39,92,101,116,217,95,103,194,120,115,239
LGA59250,0,3,0,3,3,3,5,0,0,0,0,0,0,0,0,0,0,0,0,4,0,4,3,3,6,56,25,86,110,44,151,108,31,140,102,70,171,189,85,268,147,68,221
LGA59310,3,0,0,0,0,4,5,0,0,0,0,0,0,0,0,0,0,5,9,0,3,3,6,6,15,35,28,57,57,49,104,44,25,67,170,167,337,169,173,341,158,158,312
LGA59320,0,0,0,0,0,0,0,0,0,0,0,0,0,0,0,0,0,0,0,0,0,0,0,0,0,21,11,30,5,3,10,14,11,24,62,55,109,50,57,107,47,47,98
LGA59330,0,0,0,0,0,0,0,0,0,0,0,0,0,0,0,0,0,0,0,0,0,0,0,0,0,15,16,29,22,24,49,45,34,75,71,82,151,61,73,132,64,66,129
LGA59340,14,9,15,23,8,30,38,0,0,0,0,0,0,0,0,3,5,20,27,21,21,40,13,35,53,621,531,1157,540,413,961,508,517,1030,1244,1128,2375,1220,1208,2425,1115,1249,2362
LGA59350,0,0,0,0,0,0,0,0,0,0,0,0,0,0,0,0,0,3,3,3,0,5,0,0,0,19,13,35,47,20,71,43,26,73,37,43,76,74,43,116,64,36,104
LGA59360,11,4,0,4,0,0,0,0,0,0,0,0,0,0,0,0,0,7,10,6,0,3,0,0,0,77,40,122,136,64,197,115,69,188,200,172,370,261,198,456,182,133,314
LGA59370,3,0,3,3,3,6,11,0,0,0,0,0,0,0,0,0,3,4,9,0,10,10,7,7,12,119,106,231,157,119,273,220,206,435,426,364,798,435,415,854,499,488,992
LGA59499,17,10,22,27,14,11,27,0,0,0,0,0,0,0,0,0,10,17,32,19,33,47,28,16,43,497,278,777,918,456,1374,982,607,1592,720,533,1250,1212,743,1949,1215,838,2049
LGA59799,0,0,0,0,0,0,0,0,0,0,0,0,0,0,0,0,0,0,0,3,0,7,3,0,3,30,0,31,60,5,65,70,8,75,47,3,46,75,6,80,87,6,94
LGA60210,15,7,14,21,3,15,20,0,0,0,0,0,0,0,0,0,13,14,27,9,21,34,6,17,25,281,270,559,247,209,455,295,268,562,813,849,1662,720,762,1478,702,731,1432
LGA60410,30,11,40,51,10,39,49,0,5,5,0,0,0,0,0,0,22,40,65,23,66,92,22,57,78,801,802,1602,635,720,1357,662,722,1387,2366,2459,4822,2344,2506,4853,2474,2575,5045
LGA60610,47,22,45,65,18,43,65,0,0,0,4,0,3,0,3,3,16,52,71,35,63,101,33,55,87,625,690,1314,671,713,1387,659,719,1376,2657,2890,5547,2668,2991,5658,2519,2861,5379
LGA60810,57,20,45,66,12,46,63,0,0,0,0,0,0,0,0,0,29,49,79,27,64,90,25,64,88,744,772,1518,713,776,1488,788,866,1650,2839,2973,5813,2822,2956,5775,2729,2912,5642
LGA61010,3,3,3,3,0,3,3,0,0,0,0,0,0,0,0,0,0,6,6,3,8,12,0,3,3,99,88,187,101,69,172,117,93,215,291,302,590,275,260,537,261,265,526
LGA61210,11,6,16,20,4,16,21,0,3,3,0,0,0,0,0,0,4,13,23,15,27,39,7,25,34,237,221,457,302,240,543,368,357,721,1110,1073,2187,1133,1123,2251,1151,1121,2275
LGA61410,172,51,146,203,84,124,212,4,3,6,3,3,6,3,7,9,92,149,236,75,189,266,125,177,309,1951,1748,3703,1870,1520,3393,1895,1609,3499,7322,7211,14538,7290,7112,14403,7636,7589,15223
LGA61510,30,13,14,30,5,25,31,0,0,0,0,0,0,0,0,0,10,35,45,15,25,41,14,35,49,532,422,948,370,286,658,400,422,827,1423,1420,2845,1344,1225,2571,1367,1395,2758
LGA61610,81,22,45,69,33,52,82,0,3,3,3,0,3,0,0,3,53,82,137,42,64,102,42,81,126,811,948,1756,833,927,1761,882,973,1856,3230,3503,6732,3170,3495,6663,3218,3595,6816
LGA61810,25,10,17,26,5,6,13,3,0,4,0,0,0,0,0,0,16,27,44,16,22,37,5,23,28,261,267,528,200,214,411,303,280,583,988,974,1964,827,898,1729,875,879,1753
LGA62010,3,0,0,4,0,0,0,0,0,0,0,0,0,0,0,0,0,3,3,0,0,3,0,0,0,29,22,55,32,25,59,39,34,74,91,90,183,87,55,138,103,76,180
LGA62210,14,3,10,13,4,17,19,0,0,0,0,0,0,0,3,3,3,29,30,8,18,24,10,24,35,285,245,532,234,228,467,346,335,687,940,970,1907,851,909,1763,922,984,1910
LGA62410,11,7,7,12,0,5,12,0,0,0,0,0,0,0,0,0,0,17,14,7,7,13,4,9,16,186,169,356,136,141,276,225,220,448,491,496,988,418,426,845,471,475,947
LGA62610,154,67,140,207,85,162,251,4,4,9,3,3,13,3,0,3,67,151,216,113,207,315,147,226,373,1795,2097,3891,1545,1707,3250,1739,1933,3668,6131,6588,12716,6025,6472,12491,6521,7031,13555
LGA62810,201,107,142,249,82,117,197,7,11,19,0,3,3,3,3,4,94,164,259,157,196,354,115,166,283,1792,1732,3525,1507,1340,2841,1606,1592,3199,8152,8425,16571,7947,8034,15975,8421,8622,17040
LGA63010,52,26,52,74,20,41,60,0,0,0,3,0,3,0,3,3,18,64,81,38,78,123,40,65,101,563,522,1084,457,400,860,657,654,1319,2089,2055,4147,1949,1990,3945,2176,2280,4452
LGA63210,15,12,15,29,5,19,27,0,0,0,0,0,0,0,0,3,11,29,41,22,35,57,16,27,43,206,184,386,177,161,337,260,254,520,824,881,1705,812,784,1591,838,823,1662
LGA63410,7,0,4,7,3,4,9,0,0,0,0,0,0,0,0,0,3,4,11,0,4,7,3,3,7,64,48,114,47,45,89,65,92,153,190,183,375,130,166,296,166,188,354
LGA63610,143,56,95,149,43,111,151,3,3,3,0,0,0,3,3,5,75,129,205,71,131,202,75,155,231,791,884,1670,762,809,1577,946,936,1879,4579,4862,9439,4780,5084,9860,5211,5371,10575
LGA63810,25,10,27,35,3,21,22,0,0,0,0,0,0,0,0,0,5,20,30,14,25,37,15,26,37,265,269,532,273,247,519,422,405,830,1136,1116,2253,1219,1235,2456,1358,1354,2715
LGA64010,197,96,167,257,99,149,250,10,10,15,0,5,6,0,0,0,102,177,284,156,235,388,160,202,367,2447,2567,5018,2015,2102,4116,2563,2729,5293,9578,10036,19613,9472,9909,19378,10012,10403,20418
LGA64210,63,22,52,72,10,38,47,0,0,0,0,4,4,0,0,0,25,56,85,46,71,119,31,53,85,620,738,1363,419,470,885,696,748,1440,2588,2788,5374,2393,2588,4976,2553,2668,5221
LGA64610,30,15,34,51,15,10,26,0,0,0,0,0,0,0,0,0,20,47,63,30,43,73,25,28,51,431,414,849,383,302,683,593,594,1186,1715,1715,3424,1604,1623,3234,1680,1797,3474
LGA64810,42,12,53,62,15,33,50,0,0,0,0,3,3,0,0,0,17,41,58,22,62,79,22,47,70,380,410,795,444,410,854,493,539,1034,1652,1702,3352,1704,1795,3499,1840,2015,3852
LGA65010,6,4,9,19,10,17,26,0,0,0,0,0,0,0,0,0,0,13,18,8,19,31,14,26,39,252,235,486,236,214,452,265,248,516,802,806,1611,819,824,1642,853,858,1709
LGA65210,5,3,7,11,0,5,5,0,0,0,0,0,0,0,0,0,4,4,7,4,7,17,4,9,15,88,72,161,85,97,180,145,166,310,243,271,508,262,270,524,304,320,623
LGA65410,37,15,23,41,7,31,37,3,0,4,0,3,3,0,0,0,23,28,52,28,42,75,16,45,58,413,399,813,429,390,816,541,529,1065,1915,1990,3906,1807,1812,3622,1779,1806,3584
LGA65610,15,3,6,12,7,8,17,0,0,0,0,0,0,0,0,0,6,12,17,8,12,15,6,8,19,197,156,352,206,184,393,199,184,384,699,645,1344,616,580,1198,548,527,1074
LGA65810,67,24,66,85,26,57,89,3,3,5,0,0,0,4,3,5,29,60,86,32,84,116,49,90,139,677,684,1360,602,573,1177,735,751,1485,3140,3146,6288,2962,3138,6102,3129,3356,6484
LGA69499,7,6,4,6,3,3,5,0,0,0,0,0,0,0,0,0,15,5,22,3,5,7,3,3,5,55,34,90,111,50,163,119,61,181,121,105,225,179,134,309,165,121,285
LGA69799,0,0,0,0,0,0,0,0,0,0,0,0,0,0,0,0,0,0,0,0,0,0,0,0,0,4,0,4,6,0,11,4,0,4,8,6,14,13,7,17,3,4,7
LGA70200,126,47,103,152,52,92,147,3,3,7,5,3,6,3,0,3,63,116,178,73,140,214,91,122,214,1406,1328,2733,1560,1347,2905,1578,1654,3233,4102,4144,8240,4264,4286,8553,4176,4570,8749
LGA70420,26,8,15,24,15,10,25,3,4,5,0,0,0,0,0,3,15,24,35,18,21,35,18,14,33,697,630,1328,520,481,1002,468,326,801,1190,1182,2368,1189,1186,2374,1220,1023,2247
LGA70540,0,0,0,0,0,0,0,0,0,0,0,0,0,0,0,0,0,0,0,0,0,0,0,0,0,17,11,26,3,3,11,10,3,12,37,38,76,23,30,50,18,15,34
LGA70620,10,10,12,17,0,0,4,0,0,0,0,0,0,0,0,0,4,16,22,14,16,32,3,0,6,260,269,528,242,250,488,185,201,379,634,654,1290,637,620,1261,621,624,1241
LGA70700,6,0,0,0,3,3,3,0,0,0,0,0,0,0,0,0,3,7,10,0,4,8,3,3,3,158,122,284,125,78,208,163,144,308,266,231,490,207,180,385,262,251,515
LGA71000,330,147,269,417,178,380,558,3,11,14,10,8,10,4,6,15,171,281,449,227,344,574,263,483,747,4282,3517,7806,5619,3972,9593,4706,4148,8850,11532,11253,22784,13089,12206,25290,13126,13539,26672
LGA71300,20,40,38,73,0,5,10,4,8,11,0,0,0,0,3,0,15,22,41,53,56,107,4,15,16,702,680,1387,316,283,598,556,547,1104,1499,1531,3034,1592,1517,3117,1691,1717,3405
LGA72200,21,24,37,60,9,25,40,0,3,3,0,0,0,0,0,0,5,25,29,40,41,81,19,29,53,798,751,1543,601,510,1114,1098,958,2054,1673,1833,3502,1560,1563,3126,2028,1906,3937
LGA72300,46,25,70,91,33,70,101,0,0,3,3,0,3,3,7,13,26,47,70,34,80,117,55,81,141,1133,898,2036,1483,1133,2620,3527,1314,4847,2860,2605,5462,3406,3205,6614,5681,3503,9186
LGA72330,16,3,21,25,0,4,6,0,0,0,0,0,0,0,0,0,16,20,32,21,35,58,3,9,14,741,313,1053,885,372,1257,1040,589,1629,1254,847,2102,1394,919,2312,1554,1136,2692
LGA72800,117,47,106,152,63,169,225,0,0,0,0,0,0,3,0,3,42,109,146,65,126,195,88,196,285,1671,1473,3144,1482,1394,2878,1553,1552,3099,4462,4531,8991,4591,4963,9550,5458,6078,11538
LGA73600,13,13,25,38,0,6,8,0,0,0,0,0,0,0,0,0,5,12,20,20,29,53,6,9,21,513,472,986,358,345,702,438,392,830,1087,1002,2095,1032,1086,2115,1163,1132,2294
LGA74050,8,3,5,8,3,0,3,0,0,0,0,0,3,0,0,0,4,9,10,6,10,22,4,3,9,122,113,239,69,55,129,114,90,208,333,328,658,429,412,841,376,343,713
LGA74550,19,4,4,8,0,3,7,0,0,0,9,0,8,0,0,0,15,8,23,15,20,41,3,4,9,270,171,445,181,125,309,287,251,535,553,463,1020,491,453,945,551,519,1067
LGA74560,0,0,0,0,0,0,0,0,0,0,0,0,0,0,0,0,0,0,0,0,0,0,0,3,3,14,12,30,24,8,34,14,9,25,33,35,70,45,44,86,50,62,111
LGA74660,10,9,8,16,10,6,13,0,0,0,0,0,0,0,0,3,7,10,15,15,9,20,22,15,36,608,461,1072,271,192,460,523,477,998,1153,969,2121,1098,967,2061,1146,1065,2213
LGA74680,7,0,5,5,0,3,4,0,0,0,0,0,0,0,0,0,0,7,9,0,6,5,5,7,8,243,256,504,78,58,137,202,202,406,486,489,975,487,452,933,623,597,1223
LGA79399,29,16,25,46,6,26,30,0,0,0,0,0,0,0,0,0,11,16,32,15,29,50,11,26,36,968,491,1455,1161,355,1510,710,466,1176,1663,1181,2847,1939,1157,3103,1334,1198,2536
LGA79499,4,0,6,5,4,4,7,0,0,0,0,0,0,0,0,0,9,5,16,3,5,12,10,14,22,207,152,354,165,115,273,449,379,822,265,204,475,224,181,402,527,450,986
LGA79799,0,0,0,0,0,0,0,0,0,0,0,0,0,0,0,0,0,0,0,0,0,0,0,0,0,10,7,15,6,4,11,12,4,13,16,7,17,10,4,12,16,7,23
LGA89399,1781,755,1221,1969,740,1489,2228,34,25,61,21,22,47,14,20,39,1196,1413,2604,1265,1526,2795,1214,1948,3163,10192,9435,19619,9896,8546,18441,11723,11300,23021,53642,53984,107630,57545,57119,114663,65071,66374,131450
LGA89499,5,0,4,4,0,0,0,0,0,0,0,0,0,0,0,0,5,11,14,6,8,14,0,6,6,36,29,65,43,17,64,76,25,105,127,123,244,113,76,194,123,84,211
LGA89799,0,0,0,0,0,0,0,0,0,0,0,0,0,0,0,0,0,0,0,0,0,0,0,0,0,0,0,0,0,0,0,0,0,0,0,0,0,0,0,0,0,0,0
LGA99399,10,0,0,3,0,9,13,0,3,5,0,0,3,0,3,3,8,18,26,9,0,11,11,10,25,152,88,243,853,89,946,543,252,796,394,350,742,1073,318,1390,924,635,1562
LGA99499,0,0,0,0,0,0,0,0,0,0,0,0,0,0,0,0,0,0,0,0,0,0,0,0,3,8,0,8,0,0,0,0,4,4,10,0,10,3,0,9,7,6,16
LGA99799,0,0,0,0,0,0,0,0,0,0,0,0,0,0,0,0,0,0,0,0,0,0,0,0,0,0,0,0,0,0,0,0,0,0,0,0,0,0,0,0,0,0,0